run_id,scenario,patient_id,date,category,arrival_time,severity,priority_rank,is_scheduled,is_moveable,move_window_days,deadline_date,unit
1,code_red_winter,20240108-covid_19-0001,2024-01-08,covid_19,2024-01-08 00:48:12,critical,1,False,False,,,med_surg
1,code_red_winter,20240108-elective-0001,2024-01-08,elective,2024-01-08 00:48:41,low,4,False,True,30,2024-02-07,med_surg
1,code_red_winter,20240108-other_viral-0001,2024-01-08,other_viral,2024-01-08 01:15:46,low,2,False,True,0,2024-01-08,med_surg
1,code_red_winter,20240108-other_viral-0002,2024-01-08,other_viral,2024-01-08 01:27:33,medium,2,False,True,0,2024-01-08,med_surg
1,code_red_winter,20240108-non_elective_via_ed-0001,2024-01-08,non_elective_via_ed,2024-01-08 01:42:53,critical,1,False,False,,,med_surg
1,code_red_winter,20240108-intensive-0001,2024-01-08,intensive,2024-01-08 02:03:37,critical,1,False,False,,,icu
1,code_red_winter,20240108-delivery-0001,2024-01-08,delivery,2024-01-08 02:23:48,high,1,False,False,,,labor_delivery
1,code_red_winter,20240108-other_viral-0003,2024-01-08,other_viral,2024-01-08 02:31:46,high,2,False,True,0,2024-01-08,med_surg
1,code_red_winter,20240108-non_elective_via_ed-0002,2024-01-08,non_elective_via_ed,2024-01-08 02:34:14,critical,1,False,False,,,med_surg
1,code_red_winter,20240108-influenza-0001,2024-01-08,influenza,2024-01-08 02:36:28,low,2,False,True,0,2024-01-08,med_surg
1,code_red_winter,20240108-influenza-0002,2024-01-08,influenza,2024-01-08 02:41:07,high,2,False,True,0,2024-01-08,med_surg
1,code_red_winter,20240108-influenza-0003,2024-01-08,influenza,2024-01-08 02:48:31,medium,2,False,True,0,2024-01-08,med_surg
1,code_red_winter,20240108-non_elective_other-0001,2024-01-08,non_elective_other,2024-01-08 02:56:16,medium,3,False,False,,,med_surg
1,code_red_winter,20240108-elective-0002,2024-01-08,elective,2024-01-08 03:03:11,high,4,False,True,7,2024-01-15,med_surg
1,code_red_winter,20240108-elective-0003,2024-01-08,elective,2024-01-08 03:03:51,low,4,False,True,30,2024-02-07,med_surg
1,code_red_winter,20240108-covid_19-0002,2024-01-08,covid_19,2024-01-08 03:07:56,high,2,False,True,0,2024-01-08,med_surg
1,code_red_winter,20240108-covid_19-0003,2024-01-08,covid_19,2024-01-08 03:51:53,high,2,False,True,0,2024-01-08,med_surg
1,code_red_winter,20240108-influenza-0004,2024-01-08,influenza,2024-01-08 04:07:13,medium,2,False,True,0,2024-01-08,med_surg
1,code_red_winter,20240108-other_viral-0004,2024-01-08,other_viral,2024-01-08 04:13:31,critical,1,False,False,,,med_surg
1,code_red_winter,20240108-elective-0004,2024-01-08,elective,2024-01-08 04:21:42,medium,4,False,True,14,2024-01-22,med_surg
1,code_red_winter,20240108-non_elective_via_ed-0003,2024-01-08,non_elective_via_ed,2024-01-08 04:29:32,critical,1,False,False,,,med_surg
1,code_red_winter,20240108-non_elective_via_ed-0004,2024-01-08,non_elective_via_ed,2024-01-08 04:40:05,medium,2,False,False,,,med_surg
1,code_red_winter,20240108-non_elective_via_ed-0005,2024-01-08,non_elective_via_ed,2024-01-08 05:40:39,medium,2,False,False,,,med_surg
1,code_red_winter,20240108-influenza-0005,2024-01-08,influenza,2024-01-08 05:44:33,low,2,False,True,0,2024-01-08,med_surg
1,code_red_winter,20240108-elective-0005,2024-01-08,elective,2024-01-08 05:57:22,low,4,False,True,30,2024-02-07,med_surg
1,code_red_winter,20240108-non_elective_other-0002,2024-01-08,non_elective_other,2024-01-08 05:59:15,medium,3,False,False,,,med_surg
1,code_red_winter,20240108-influenza-0006,2024-01-08,influenza,2024-01-08 06:07:14,medium,2,False,True,0,2024-01-08,med_surg
1,code_red_winter,20240108-elective-0006,2024-01-08,elective,2024-01-08 06:15:18,medium,4,False,True,14,2024-01-22,med_surg
1,code_red_winter,20240108-delivery-0002,2024-01-08,delivery,2024-01-08 06:27:46,medium,1,False,False,,,labor_delivery
1,code_red_winter,20240108-non_elective_via_ed-0006,2024-01-08,non_elective_via_ed,2024-01-08 06:29:53,low,2,False,False,,,med_surg
1,code_red_winter,20240108-other_viral-0005,2024-01-08,other_viral,2024-01-08 06:30:52,low,2,False,True,0,2024-01-08,med_surg
1,code_red_winter,20240108-influenza-0007,2024-01-08,influenza,2024-01-08 06:33:27,medium,2,False,True,0,2024-01-08,med_surg
1,code_red_winter,20240108-delivery-0003,2024-01-08,delivery,2024-01-08 06:42:15,low,3,True,False,,,labor_delivery
1,code_red_winter,20240108-covid_19-0004,2024-01-08,covid_19,2024-01-08 07:11:34,high,2,False,True,0,2024-01-08,med_surg
1,code_red_winter,20240108-other_viral-0006,2024-01-08,other_viral,2024-01-08 07:26:27,medium,2,False,True,0,2024-01-08,med_surg
1,code_red_winter,20240108-intensive-0002,2024-01-08,intensive,2024-01-08 07:26:36,high,1,False,False,,,icu
1,code_red_winter,20240108-elective-0007,2024-01-08,elective,2024-01-08 07:34:29,high,4,False,True,7,2024-01-15,med_surg
1,code_red_winter,20240108-intensive-0003,2024-01-08,intensive,2024-01-08 07:36:15,critical,1,False,False,,,icu
1,code_red_winter,20240108-elective-0008,2024-01-08,elective,2024-01-08 07:43:13,high,4,False,True,7,2024-01-15,med_surg
1,code_red_winter,20240108-non_elective_via_ed-0007,2024-01-08,non_elective_via_ed,2024-01-08 07:48:56,medium,2,False,False,,,med_surg
1,code_red_winter,20240108-other_viral-0007,2024-01-08,other_viral,2024-01-08 07:48:57,high,2,False,True,0,2024-01-08,med_surg
1,code_red_winter,20240108-other_viral-0008,2024-01-08,other_viral,2024-01-08 07:49:52,critical,1,False,False,,,med_surg
1,code_red_winter,20240108-other_viral-0009,2024-01-08,other_viral,2024-01-08 07:50:17,critical,1,False,False,,,med_surg
1,code_red_winter,20240108-elective-0009,2024-01-08,elective,2024-01-08 08:13:30,high,4,False,True,7,2024-01-15,med_surg
1,code_red_winter,20240108-delivery-0004,2024-01-08,delivery,2024-01-08 08:13:58,critical,1,False,False,,,labor_delivery
1,code_red_winter,20240108-intensive-0004,2024-01-08,intensive,2024-01-08 08:15:56,critical,1,False,False,,,icu
1,code_red_winter,20240108-influenza-0008,2024-01-08,influenza,2024-01-08 08:32:25,medium,2,False,True,0,2024-01-08,med_surg
1,code_red_winter,20240108-non_elective_via_ed-0008,2024-01-08,non_elective_via_ed,2024-01-08 08:37:50,medium,2,False,False,,,med_surg
1,code_red_winter,20240108-delivery-0005,2024-01-08,delivery,2024-01-08 08:44:43,medium,3,True,False,,,labor_delivery
1,code_red_winter,20240108-covid_19-0005,2024-01-08,covid_19,2024-01-08 08:53:59,medium,2,False,True,0,2024-01-08,med_surg
1,code_red_winter,20240108-elective-0010,2024-01-08,elective,2024-01-08 08:57:03,high,4,False,True,7,2024-01-15,med_surg
1,code_red_winter,20240108-intensive-0005,2024-01-08,intensive,2024-01-08 09:10:45,high,3,True,False,,,icu
1,code_red_winter,20240108-elective-0011,2024-01-08,elective,2024-01-08 09:34:12,high,4,False,True,7,2024-01-15,med_surg
1,code_red_winter,20240108-other_viral-0010,2024-01-08,other_viral,2024-01-08 09:34:16,medium,2,False,True,0,2024-01-08,med_surg
1,code_red_winter,20240108-elective-0012,2024-01-08,elective,2024-01-08 09:42:14,low,4,False,True,30,2024-02-07,med_surg
1,code_red_winter,20240108-delivery-0006,2024-01-08,delivery,2024-01-08 09:57:07,high,1,False,False,,,labor_delivery
1,code_red_winter,20240108-intensive-0006,2024-01-08,intensive,2024-01-08 10:05:10,critical,1,False,False,,,icu
1,code_red_winter,20240108-intensive-0007,2024-01-08,intensive,2024-01-08 10:11:49,high,1,False,False,,,icu
1,code_red_winter,20240108-non_elective_via_ed-0009,2024-01-08,non_elective_via_ed,2024-01-08 10:17:11,medium,2,False,False,,,med_surg
1,code_red_winter,20240108-intensive-0008,2024-01-08,intensive,2024-01-08 10:33:49,high,1,False,False,,,icu
1,code_red_winter,20240108-non_elective_via_ed-0010,2024-01-08,non_elective_via_ed,2024-01-08 10:59:08,medium,2,False,False,,,med_surg
1,code_red_winter,20240108-covid_19-0006,2024-01-08,covid_19,2024-01-08 11:00:48,high,2,False,True,0,2024-01-08,med_surg
1,code_red_winter,20240108-other_viral-0011,2024-01-08,other_viral,2024-01-08 11:03:18,high,2,False,True,0,2024-01-08,med_surg
1,code_red_winter,20240108-influenza-0009,2024-01-08,influenza,2024-01-08 11:03:22,low,2,False,True,0,2024-01-08,med_surg
1,code_red_winter,20240108-intensive-0009,2024-01-08,intensive,2024-01-08 11:06:39,critical,1,False,False,,,icu
1,code_red_winter,20240108-non_elective_other-0003,2024-01-08,non_elective_other,2024-01-08 11:14:26,low,3,False,False,,,med_surg
1,code_red_winter,20240108-covid_19-0007,2024-01-08,covid_19,2024-01-08 11:20:36,critical,1,False,False,,,med_surg
1,code_red_winter,20240108-covid_19-0008,2024-01-08,covid_19,2024-01-08 11:20:44,high,2,False,True,0,2024-01-08,med_surg
1,code_red_winter,20240108-influenza-0010,2024-01-08,influenza,2024-01-08 11:27:52,medium,2,False,True,0,2024-01-08,med_surg
1,code_red_winter,20240108-intensive-0010,2024-01-08,intensive,2024-01-08 11:31:32,critical,1,False,False,,,icu
1,code_red_winter,20240108-non_elective_other-0004,2024-01-08,non_elective_other,2024-01-08 11:33:24,medium,3,False,False,,,med_surg
1,code_red_winter,20240108-non_elective_other-0005,2024-01-08,non_elective_other,2024-01-08 11:36:29,medium,3,False,False,,,med_surg
1,code_red_winter,20240108-non_elective_other-0006,2024-01-08,non_elective_other,2024-01-08 11:41:46,high,3,False,False,,,med_surg
1,code_red_winter,20240108-non_elective_via_ed-0011,2024-01-08,non_elective_via_ed,2024-01-08 12:02:28,high,2,False,False,,,med_surg
1,code_red_winter,20240108-other_viral-0012,2024-01-08,other_viral,2024-01-08 12:08:14,high,2,False,True,0,2024-01-08,med_surg
1,code_red_winter,20240108-non_elective_via_ed-0012,2024-01-08,non_elective_via_ed,2024-01-08 12:08:16,high,2,False,False,,,med_surg
1,code_red_winter,20240108-non_elective_other-0007,2024-01-08,non_elective_other,2024-01-08 12:09:27,low,3,False,False,,,med_surg
1,code_red_winter,20240108-covid_19-0009,2024-01-08,covid_19,2024-01-08 12:12:44,medium,2,False,True,0,2024-01-08,med_surg
1,code_red_winter,20240108-elective-0013,2024-01-08,elective,2024-01-08 12:29:00,medium,4,False,True,14,2024-01-22,med_surg
1,code_red_winter,20240108-non_elective_via_ed-0013,2024-01-08,non_elective_via_ed,2024-01-08 12:35:39,critical,1,False,False,,,med_surg
1,code_red_winter,20240108-non_elective_other-0008,2024-01-08,non_elective_other,2024-01-08 12:39:27,medium,3,False,False,,,med_surg
1,code_red_winter,20240108-intensive-0011,2024-01-08,intensive,2024-01-08 12:40:40,critical,1,False,False,,,icu
1,code_red_winter,20240108-influenza-0011,2024-01-08,influenza,2024-01-08 12:44:14,medium,2,False,True,0,2024-01-08,med_surg
1,code_red_winter,20240108-intensive-0012,2024-01-08,intensive,2024-01-08 12:48:20,critical,1,False,False,,,icu
1,code_red_winter,20240108-intensive-0013,2024-01-08,intensive,2024-01-08 12:52:08,critical,1,False,False,,,icu
1,code_red_winter,20240108-elective-0014,2024-01-08,elective,2024-01-08 12:52:23,low,4,False,True,30,2024-02-07,med_surg
1,code_red_winter,20240108-intensive-0014,2024-01-08,intensive,2024-01-08 12:54:41,critical,1,False,False,,,icu
1,code_red_winter,20240108-influenza-0012,2024-01-08,influenza,2024-01-08 13:03:21,low,2,False,True,0,2024-01-08,med_surg
1,code_red_winter,20240108-influenza-0013,2024-01-08,influenza,2024-01-08 13:03:58,critical,1,False,False,,,med_surg
1,code_red_winter,20240108-non_elective_other-0009,2024-01-08,non_elective_other,2024-01-08 13:12:38,high,3,False,False,,,med_surg
1,code_red_winter,20240108-other_viral-0013,2024-01-08,other_viral,2024-01-08 13:21:49,high,2,False,True,0,2024-01-08,med_surg
1,code_red_winter,20240108-elective-0015,2024-01-08,elective,2024-01-08 13:34:51,low,4,False,True,30,2024-02-07,med_surg
1,code_red_winter,20240108-intensive-0015,2024-01-08,intensive,2024-01-08 13:58:36,high,1,False,False,,,icu
1,code_red_winter,20240108-influenza-0014,2024-01-08,influenza,2024-01-08 14:02:45,medium,2,False,True,0,2024-01-08,med_surg
1,code_red_winter,20240108-covid_19-0010,2024-01-08,covid_19,2024-01-08 14:09:13,medium,2,False,True,0,2024-01-08,med_surg
1,code_red_winter,20240108-non_elective_other-0010,2024-01-08,non_elective_other,2024-01-08 14:09:24,medium,3,False,False,,,med_surg
1,code_red_winter,20240108-non_elective_via_ed-0014,2024-01-08,non_elective_via_ed,2024-01-08 14:15:06,critical,1,False,False,,,med_surg
1,code_red_winter,20240108-elective-0016,2024-01-08,elective,2024-01-08 14:25:46,low,4,False,True,30,2024-02-07,med_surg
1,code_red_winter,20240108-elective-0017,2024-01-08,elective,2024-01-08 14:36:56,medium,4,False,True,14,2024-01-22,med_surg
1,code_red_winter,20240108-elective-0018,2024-01-08,elective,2024-01-08 14:41:29,high,4,False,True,7,2024-01-15,med_surg
1,code_red_winter,20240108-influenza-0015,2024-01-08,influenza,2024-01-08 15:12:51,critical,1,False,False,,,med_surg
1,code_red_winter,20240108-other_viral-0014,2024-01-08,other_viral,2024-01-08 15:21:54,high,2,False,True,0,2024-01-08,med_surg
1,code_red_winter,20240108-delivery-0007,2024-01-08,delivery,2024-01-08 15:30:26,high,3,True,False,,,labor_delivery
1,code_red_winter,20240108-delivery-0008,2024-01-08,delivery,2024-01-08 15:47:16,high,3,True,False,,,labor_delivery
1,code_red_winter,20240108-other_viral-0015,2024-01-08,other_viral,2024-01-08 15:57:01,medium,2,False,True,0,2024-01-08,med_surg
1,code_red_winter,20240108-delivery-0009,2024-01-08,delivery,2024-01-08 16:05:56,low,1,False,False,,,labor_delivery
1,code_red_winter,20240108-elective-0019,2024-01-08,elective,2024-01-08 16:20:45,medium,4,False,True,14,2024-01-22,med_surg
1,code_red_winter,20240108-non_elective_via_ed-0015,2024-01-08,non_elective_via_ed,2024-01-08 16:39:29,critical,1,False,False,,,med_surg
1,code_red_winter,20240108-non_elective_other-0011,2024-01-08,non_elective_other,2024-01-08 17:14:55,low,3,False,False,,,med_surg
1,code_red_winter,20240108-non_elective_other-0012,2024-01-08,non_elective_other,2024-01-08 18:00:56,critical,1,False,False,,,med_surg
1,code_red_winter,20240108-influenza-0016,2024-01-08,influenza,2024-01-08 18:03:49,low,2,False,True,0,2024-01-08,med_surg
1,code_red_winter,20240108-non_elective_via_ed-0016,2024-01-08,non_elective_via_ed,2024-01-08 18:04:30,critical,1,False,False,,,med_surg
1,code_red_winter,20240108-non_elective_via_ed-0017,2024-01-08,non_elective_via_ed,2024-01-08 18:14:15,low,2,False,False,,,med_surg
1,code_red_winter,20240108-delivery-0010,2024-01-08,delivery,2024-01-08 18:37:20,critical,1,False,False,,,labor_delivery
1,code_red_winter,20240108-influenza-0017,2024-01-08,influenza,2024-01-08 18:42:11,high,2,False,True,0,2024-01-08,med_surg
1,code_red_winter,20240108-delivery-0011,2024-01-08,delivery,2024-01-08 19:13:00,medium,1,False,False,,,labor_delivery
1,code_red_winter,20240108-elective-0020,2024-01-08,elective,2024-01-08 19:56:34,high,4,False,True,7,2024-01-15,med_surg
1,code_red_winter,20240108-other_viral-0016,2024-01-08,other_viral,2024-01-08 20:04:36,medium,2,False,True,0,2024-01-08,med_surg
1,code_red_winter,20240108-elective-0021,2024-01-08,elective,2024-01-08 20:14:03,low,4,False,True,30,2024-02-07,med_surg
1,code_red_winter,20240108-non_elective_other-0013,2024-01-08,non_elective_other,2024-01-08 20:34:46,low,3,False,False,,,med_surg
1,code_red_winter,20240108-other_viral-0017,2024-01-08,other_viral,2024-01-08 21:09:57,medium,2,False,True,0,2024-01-08,med_surg
1,code_red_winter,20240108-influenza-0018,2024-01-08,influenza,2024-01-08 21:17:23,low,2,False,True,0,2024-01-08,med_surg
1,code_red_winter,20240108-influenza-0019,2024-01-08,influenza,2024-01-08 23:39:12,critical,1,False,False,,,med_surg
1,code_red_winter,20240108-elective-0022,2024-01-08,elective,2024-01-08 23:51:57,medium,4,False,True,14,2024-01-22,med_surg
1,code_red_winter,20240109-non_elective_via_ed-0001,2024-01-09,non_elective_via_ed,2024-01-09 00:06:54,low,2,False,False,,,med_surg
1,code_red_winter,20240109-other_viral-0001,2024-01-09,other_viral,2024-01-09 01:50:15,critical,1,False,False,,,med_surg
1,code_red_winter,20240109-influenza-0001,2024-01-09,influenza,2024-01-09 01:57:44,high,2,False,True,0,2024-01-09,med_surg
1,code_red_winter,20240109-covid_19-0001,2024-01-09,covid_19,2024-01-09 02:28:55,high,2,False,True,0,2024-01-09,med_surg
1,code_red_winter,20240109-non_elective_other-0001,2024-01-09,non_elective_other,2024-01-09 02:29:41,critical,1,False,False,,,med_surg
1,code_red_winter,20240109-other_viral-0002,2024-01-09,other_viral,2024-01-09 02:30:03,critical,1,False,False,,,med_surg
1,code_red_winter,20240109-covid_19-0002,2024-01-09,covid_19,2024-01-09 03:02:41,high,2,False,True,0,2024-01-09,med_surg
1,code_red_winter,20240109-influenza-0002,2024-01-09,influenza,2024-01-09 03:05:05,critical,1,False,False,,,med_surg
1,code_red_winter,20240109-other_viral-0003,2024-01-09,other_viral,2024-01-09 03:28:22,medium,2,False,True,0,2024-01-09,med_surg
1,code_red_winter,20240109-elective-0001,2024-01-09,elective,2024-01-09 03:47:38,low,4,False,True,30,2024-02-08,med_surg
1,code_red_winter,20240109-intensive-0001,2024-01-09,intensive,2024-01-09 03:49:16,critical,1,False,False,,,icu
1,code_red_winter,20240109-non_elective_via_ed-0002,2024-01-09,non_elective_via_ed,2024-01-09 03:57:04,critical,1,False,False,,,med_surg
1,code_red_winter,20240109-non_elective_other-0002,2024-01-09,non_elective_other,2024-01-09 04:07:32,critical,1,False,False,,,med_surg
1,code_red_winter,20240109-covid_19-0003,2024-01-09,covid_19,2024-01-09 04:21:16,medium,2,False,True,0,2024-01-09,med_surg
1,code_red_winter,20240109-influenza-0003,2024-01-09,influenza,2024-01-09 04:22:35,medium,2,False,True,0,2024-01-09,med_surg
1,code_red_winter,20240109-non_elective_via_ed-0003,2024-01-09,non_elective_via_ed,2024-01-09 04:23:38,medium,2,False,False,,,med_surg
1,code_red_winter,20240109-delivery-0001,2024-01-09,delivery,2024-01-09 04:25:21,low,1,False,False,,,labor_delivery
1,code_red_winter,20240109-elective-0002,2024-01-09,elective,2024-01-09 04:25:57,high,4,False,True,7,2024-01-16,med_surg
1,code_red_winter,20240109-non_elective_via_ed-0004,2024-01-09,non_elective_via_ed,2024-01-09 04:57:12,low,2,False,False,,,med_surg
1,code_red_winter,20240109-other_viral-0004,2024-01-09,other_viral,2024-01-09 05:01:30,medium,2,False,True,0,2024-01-09,med_surg
1,code_red_winter,20240109-other_viral-0005,2024-01-09,other_viral,2024-01-09 05:05:22,low,2,False,True,0,2024-01-09,med_surg
1,code_red_winter,20240109-covid_19-0004,2024-01-09,covid_19,2024-01-09 05:24:28,high,2,False,True,0,2024-01-09,med_surg
1,code_red_winter,20240109-influenza-0004,2024-01-09,influenza,2024-01-09 05:42:54,medium,2,False,True,0,2024-01-09,med_surg
1,code_red_winter,20240109-covid_19-0005,2024-01-09,covid_19,2024-01-09 05:44:39,high,2,False,True,0,2024-01-09,med_surg
1,code_red_winter,20240109-covid_19-0006,2024-01-09,covid_19,2024-01-09 05:57:49,medium,2,False,True,0,2024-01-09,med_surg
1,code_red_winter,20240109-elective-0003,2024-01-09,elective,2024-01-09 06:01:40,medium,4,False,True,14,2024-01-23,med_surg
1,code_red_winter,20240109-covid_19-0007,2024-01-09,covid_19,2024-01-09 06:09:10,high,2,False,True,0,2024-01-09,med_surg
1,code_red_winter,20240109-non_elective_other-0003,2024-01-09,non_elective_other,2024-01-09 06:10:30,high,3,False,False,,,med_surg
1,code_red_winter,20240109-other_viral-0006,2024-01-09,other_viral,2024-01-09 06:31:26,low,2,False,True,0,2024-01-09,med_surg
1,code_red_winter,20240109-elective-0004,2024-01-09,elective,2024-01-09 06:32:28,high,4,False,True,7,2024-01-16,med_surg
1,code_red_winter,20240109-covid_19-0008,2024-01-09,covid_19,2024-01-09 06:38:02,medium,2,False,True,0,2024-01-09,med_surg
1,code_red_winter,20240109-influenza-0005,2024-01-09,influenza,2024-01-09 06:39:44,critical,1,False,False,,,med_surg
1,code_red_winter,20240109-other_viral-0007,2024-01-09,other_viral,2024-01-09 06:42:45,high,2,False,True,0,2024-01-09,med_surg
1,code_red_winter,20240109-intensive-0002,2024-01-09,intensive,2024-01-09 06:45:10,high,1,False,False,,,icu
1,code_red_winter,20240109-non_elective_via_ed-0005,2024-01-09,non_elective_via_ed,2024-01-09 06:49:57,critical,1,False,False,,,med_surg
1,code_red_winter,20240109-intensive-0003,2024-01-09,intensive,2024-01-09 07:01:32,high,1,False,False,,,icu
1,code_red_winter,20240109-intensive-0004,2024-01-09,intensive,2024-01-09 07:15:46,high,3,True,False,,,icu
1,code_red_winter,20240109-elective-0005,2024-01-09,elective,2024-01-09 07:15:55,medium,4,False,True,14,2024-01-23,med_surg
1,code_red_winter,20240109-influenza-0006,2024-01-09,influenza,2024-01-09 07:21:49,high,2,False,True,0,2024-01-09,med_surg
1,code_red_winter,20240109-non_elective_via_ed-0006,2024-01-09,non_elective_via_ed,2024-01-09 07:32:14,low,2,False,False,,,med_surg
1,code_red_winter,20240109-elective-0006,2024-01-09,elective,2024-01-09 07:49:00,medium,4,False,True,14,2024-01-23,med_surg
1,code_red_winter,20240109-non_elective_via_ed-0007,2024-01-09,non_elective_via_ed,2024-01-09 07:50:17,low,2,False,False,,,med_surg
1,code_red_winter,20240109-influenza-0007,2024-01-09,influenza,2024-01-09 08:10:07,high,2,False,True,0,2024-01-09,med_surg
1,code_red_winter,20240109-elective-0007,2024-01-09,elective,2024-01-09 08:13:30,low,4,False,True,30,2024-02-08,med_surg
1,code_red_winter,20240109-covid_19-0009,2024-01-09,covid_19,2024-01-09 08:35:15,low,2,False,True,0,2024-01-09,med_surg
1,code_red_winter,20240109-influenza-0008,2024-01-09,influenza,2024-01-09 08:42:48,medium,2,False,True,0,2024-01-09,med_surg
1,code_red_winter,20240109-influenza-0009,2024-01-09,influenza,2024-01-09 08:48:08,medium,2,False,True,0,2024-01-09,med_surg
1,code_red_winter,20240109-delivery-0002,2024-01-09,delivery,2024-01-09 08:49:34,critical,1,False,False,,,labor_delivery
1,code_red_winter,20240109-covid_19-0010,2024-01-09,covid_19,2024-01-09 09:00:59,low,2,False,True,0,2024-01-09,med_surg
1,code_red_winter,20240109-other_viral-0008,2024-01-09,other_viral,2024-01-09 09:14:30,low,2,False,True,0,2024-01-09,med_surg
1,code_red_winter,20240109-covid_19-0011,2024-01-09,covid_19,2024-01-09 09:19:47,high,2,False,True,0,2024-01-09,med_surg
1,code_red_winter,20240109-other_viral-0009,2024-01-09,other_viral,2024-01-09 09:36:53,high,2,False,True,0,2024-01-09,med_surg
1,code_red_winter,20240109-non_elective_via_ed-0008,2024-01-09,non_elective_via_ed,2024-01-09 09:37:42,medium,2,False,False,,,med_surg
1,code_red_winter,20240109-non_elective_via_ed-0009,2024-01-09,non_elective_via_ed,2024-01-09 09:45:54,high,2,False,False,,,med_surg
1,code_red_winter,20240109-other_viral-0010,2024-01-09,other_viral,2024-01-09 09:55:49,high,2,False,True,0,2024-01-09,med_surg
1,code_red_winter,20240109-delivery-0003,2024-01-09,delivery,2024-01-09 10:03:55,low,1,False,False,,,labor_delivery
1,code_red_winter,20240109-elective-0008,2024-01-09,elective,2024-01-09 10:07:42,high,4,False,True,7,2024-01-16,med_surg
1,code_red_winter,20240109-non_elective_other-0004,2024-01-09,non_elective_other,2024-01-09 10:26:27,high,3,False,False,,,med_surg
1,code_red_winter,20240109-covid_19-0012,2024-01-09,covid_19,2024-01-09 10:26:46,medium,2,False,True,0,2024-01-09,med_surg
1,code_red_winter,20240109-non_elective_other-0005,2024-01-09,non_elective_other,2024-01-09 10:28:53,low,3,False,False,,,med_surg
1,code_red_winter,20240109-non_elective_via_ed-0010,2024-01-09,non_elective_via_ed,2024-01-09 10:33:01,medium,2,False,False,,,med_surg
1,code_red_winter,20240109-non_elective_via_ed-0011,2024-01-09,non_elective_via_ed,2024-01-09 10:34:39,medium,2,False,False,,,med_surg
1,code_red_winter,20240109-intensive-0005,2024-01-09,intensive,2024-01-09 10:40:26,high,1,False,False,,,icu
1,code_red_winter,20240109-covid_19-0013,2024-01-09,covid_19,2024-01-09 10:43:52,medium,2,False,True,0,2024-01-09,med_surg
1,code_red_winter,20240109-non_elective_other-0006,2024-01-09,non_elective_other,2024-01-09 10:49:40,high,3,False,False,,,med_surg
1,code_red_winter,20240109-covid_19-0014,2024-01-09,covid_19,2024-01-09 10:55:07,medium,2,False,True,0,2024-01-09,med_surg
1,code_red_winter,20240109-covid_19-0015,2024-01-09,covid_19,2024-01-09 10:58:21,high,2,False,True,0,2024-01-09,med_surg
1,code_red_winter,20240109-influenza-0010,2024-01-09,influenza,2024-01-09 11:00:21,critical,1,False,False,,,med_surg
1,code_red_winter,20240109-other_viral-0011,2024-01-09,other_viral,2024-01-09 11:06:21,low,2,False,True,0,2024-01-09,med_surg
1,code_red_winter,20240109-influenza-0011,2024-01-09,influenza,2024-01-09 11:23:31,high,2,False,True,0,2024-01-09,med_surg
1,code_red_winter,20240109-elective-0009,2024-01-09,elective,2024-01-09 11:28:11,low,4,False,True,30,2024-02-08,med_surg
1,code_red_winter,20240109-covid_19-0016,2024-01-09,covid_19,2024-01-09 11:32:43,critical,1,False,False,,,med_surg
1,code_red_winter,20240109-non_elective_other-0007,2024-01-09,non_elective_other,2024-01-09 11:35:02,critical,1,False,False,,,med_surg
1,code_red_winter,20240109-covid_19-0017,2024-01-09,covid_19,2024-01-09 11:41:22,critical,1,False,False,,,med_surg
1,code_red_winter,20240109-non_elective_other-0008,2024-01-09,non_elective_other,2024-01-09 11:48:50,medium,3,False,False,,,med_surg
1,code_red_winter,20240109-intensive-0006,2024-01-09,intensive,2024-01-09 11:55:47,critical,1,False,False,,,icu
1,code_red_winter,20240109-intensive-0007,2024-01-09,intensive,2024-01-09 11:56:46,high,1,False,False,,,icu
1,code_red_winter,20240109-covid_19-0018,2024-01-09,covid_19,2024-01-09 11:57:36,high,2,False,True,0,2024-01-09,med_surg
1,code_red_winter,20240109-other_viral-0012,2024-01-09,other_viral,2024-01-09 12:13:39,low,2,False,True,0,2024-01-09,med_surg
1,code_red_winter,20240109-influenza-0012,2024-01-09,influenza,2024-01-09 12:21:19,medium,2,False,True,0,2024-01-09,med_surg
1,code_red_winter,20240109-non_elective_via_ed-0012,2024-01-09,non_elective_via_ed,2024-01-09 12:21:20,low,2,False,False,,,med_surg
1,code_red_winter,20240109-covid_19-0019,2024-01-09,covid_19,2024-01-09 12:44:29,high,2,False,True,0,2024-01-09,med_surg
1,code_red_winter,20240109-elective-0010,2024-01-09,elective,2024-01-09 13:03:57,low,4,False,True,30,2024-02-08,med_surg
1,code_red_winter,20240109-intensive-0008,2024-01-09,intensive,2024-01-09 13:08:08,critical,1,False,False,,,icu
1,code_red_winter,20240109-non_elective_other-0009,2024-01-09,non_elective_other,2024-01-09 13:11:28,low,3,False,False,,,med_surg
1,code_red_winter,20240109-non_elective_other-0010,2024-01-09,non_elective_other,2024-01-09 13:17:35,medium,3,False,False,,,med_surg
1,code_red_winter,20240109-influenza-0013,2024-01-09,influenza,2024-01-09 13:23:29,critical,1,False,False,,,med_surg
1,code_red_winter,20240109-delivery-0004,2024-01-09,delivery,2024-01-09 13:31:24,low,1,False,False,,,labor_delivery
1,code_red_winter,20240109-non_elective_via_ed-0013,2024-01-09,non_elective_via_ed,2024-01-09 13:41:05,critical,1,False,False,,,med_surg
1,code_red_winter,20240109-intensive-0009,2024-01-09,intensive,2024-01-09 13:50:41,critical,1,False,False,,,icu
1,code_red_winter,20240109-non_elective_via_ed-0014,2024-01-09,non_elective_via_ed,2024-01-09 13:52:15,medium,2,False,False,,,med_surg
1,code_red_winter,20240109-delivery-0005,2024-01-09,delivery,2024-01-09 13:56:05,low,1,False,False,,,labor_delivery
1,code_red_winter,20240109-elective-0011,2024-01-09,elective,2024-01-09 14:01:22,medium,4,False,True,14,2024-01-23,med_surg
1,code_red_winter,20240109-delivery-0006,2024-01-09,delivery,2024-01-09 14:03:33,critical,1,False,False,,,labor_delivery
1,code_red_winter,20240109-non_elective_via_ed-0015,2024-01-09,non_elective_via_ed,2024-01-09 14:17:32,high,2,False,False,,,med_surg
1,code_red_winter,20240109-other_viral-0013,2024-01-09,other_viral,2024-01-09 14:18:04,critical,1,False,False,,,med_surg
1,code_red_winter,20240109-other_viral-0014,2024-01-09,other_viral,2024-01-09 14:21:00,medium,2,False,True,0,2024-01-09,med_surg
1,code_red_winter,20240109-covid_19-0020,2024-01-09,covid_19,2024-01-09 14:24:02,critical,1,False,False,,,med_surg
1,code_red_winter,20240109-other_viral-0015,2024-01-09,other_viral,2024-01-09 14:29:54,medium,2,False,True,0,2024-01-09,med_surg
1,code_red_winter,20240109-non_elective_other-0011,2024-01-09,non_elective_other,2024-01-09 14:40:18,high,3,False,False,,,med_surg
1,code_red_winter,20240109-influenza-0014,2024-01-09,influenza,2024-01-09 14:54:39,medium,2,False,True,0,2024-01-09,med_surg
1,code_red_winter,20240109-intensive-0010,2024-01-09,intensive,2024-01-09 14:59:16,high,1,False,False,,,icu
1,code_red_winter,20240109-delivery-0007,2024-01-09,delivery,2024-01-09 15:09:04,low,3,True,False,,,labor_delivery
1,code_red_winter,20240109-covid_19-0021,2024-01-09,covid_19,2024-01-09 15:11:42,low,2,False,True,0,2024-01-09,med_surg
1,code_red_winter,20240109-intensive-0011,2024-01-09,intensive,2024-01-09 15:31:17,high,1,False,False,,,icu
1,code_red_winter,20240109-delivery-0008,2024-01-09,delivery,2024-01-09 15:35:43,critical,1,False,False,,,labor_delivery
1,code_red_winter,20240109-other_viral-0016,2024-01-09,other_viral,2024-01-09 15:36:43,medium,2,False,True,0,2024-01-09,med_surg
1,code_red_winter,20240109-covid_19-0022,2024-01-09,covid_19,2024-01-09 15:47:36,critical,1,False,False,,,med_surg
1,code_red_winter,20240109-non_elective_via_ed-0016,2024-01-09,non_elective_via_ed,2024-01-09 15:52:27,critical,1,False,False,,,med_surg
1,code_red_winter,20240109-influenza-0015,2024-01-09,influenza,2024-01-09 15:52:38,high,2,False,True,0,2024-01-09,med_surg
1,code_red_winter,20240109-intensive-0012,2024-01-09,intensive,2024-01-09 16:37:02,critical,1,False,False,,,icu
1,code_red_winter,20240109-elective-0012,2024-01-09,elective,2024-01-09 16:49:23,high,4,False,True,7,2024-01-16,med_surg
1,code_red_winter,20240109-non_elective_via_ed-0017,2024-01-09,non_elective_via_ed,2024-01-09 16:51:03,low,2,False,False,,,med_surg
1,code_red_winter,20240109-elective-0013,2024-01-09,elective,2024-01-09 17:20:24,medium,4,False,True,14,2024-01-23,med_surg
1,code_red_winter,20240109-other_viral-0017,2024-01-09,other_viral,2024-01-09 17:29:23,high,2,False,True,0,2024-01-09,med_surg
1,code_red_winter,20240109-intensive-0013,2024-01-09,intensive,2024-01-09 17:29:46,high,3,True,False,,,icu
1,code_red_winter,20240109-influenza-0016,2024-01-09,influenza,2024-01-09 17:55:41,low,2,False,True,0,2024-01-09,med_surg
1,code_red_winter,20240109-elective-0014,2024-01-09,elective,2024-01-09 18:05:01,high,4,False,True,7,2024-01-16,med_surg
1,code_red_winter,20240109-intensive-0014,2024-01-09,intensive,2024-01-09 18:34:07,critical,1,False,False,,,icu
1,code_red_winter,20240109-delivery-0009,2024-01-09,delivery,2024-01-09 18:48:39,low,1,False,False,,,labor_delivery
1,code_red_winter,20240109-non_elective_via_ed-0018,2024-01-09,non_elective_via_ed,2024-01-09 19:52:21,critical,1,False,False,,,med_surg
1,code_red_winter,20240109-non_elective_via_ed-0019,2024-01-09,non_elective_via_ed,2024-01-09 20:44:23,critical,1,False,False,,,med_surg
1,code_red_winter,20240109-covid_19-0023,2024-01-09,covid_19,2024-01-09 21:06:49,high,2,False,True,0,2024-01-09,med_surg
1,code_red_winter,20240109-intensive-0015,2024-01-09,intensive,2024-01-09 21:33:23,high,1,False,False,,,icu
1,code_red_winter,20240109-non_elective_via_ed-0020,2024-01-09,non_elective_via_ed,2024-01-09 21:47:36,medium,2,False,False,,,med_surg
1,code_red_winter,20240109-elective-0015,2024-01-09,elective,2024-01-09 22:14:22,medium,4,False,True,14,2024-01-23,med_surg
1,code_red_winter,20240109-non_elective_via_ed-0021,2024-01-09,non_elective_via_ed,2024-01-09 22:38:42,medium,2,False,False,,,med_surg
1,code_red_winter,20240109-other_viral-0018,2024-01-09,other_viral,2024-01-09 23:04:12,low,2,False,True,0,2024-01-09,med_surg
1,code_red_winter,20240109-other_viral-0019,2024-01-09,other_viral,2024-01-09 23:19:57,medium,2,False,True,0,2024-01-09,med_surg
1,code_red_winter,20240109-influenza-0017,2024-01-09,influenza,2024-01-09 23:36:38,low,2,False,True,0,2024-01-09,med_surg
1,code_red_winter,20240109-other_viral-0020,2024-01-09,other_viral,2024-01-09 23:45:43,high,2,False,True,0,2024-01-09,med_surg
1,code_red_winter,20240110-other_viral-0001,2024-01-10,other_viral,2024-01-10 00:50:19,medium,2,False,True,0,2024-01-10,med_surg
1,code_red_winter,20240110-elective-0001,2024-01-10,elective,2024-01-10 01:19:14,low,4,False,True,30,2024-02-09,med_surg
1,code_red_winter,20240110-non_elective_other-0001,2024-01-10,non_elective_other,2024-01-10 01:19:16,critical,1,False,False,,,med_surg
1,code_red_winter,20240110-non_elective_other-0002,2024-01-10,non_elective_other,2024-01-10 01:29:06,high,3,False,False,,,med_surg
1,code_red_winter,20240110-non_elective_via_ed-0001,2024-01-10,non_elective_via_ed,2024-01-10 01:57:53,low,2,False,False,,,med_surg
1,code_red_winter,20240110-non_elective_via_ed-0002,2024-01-10,non_elective_via_ed,2024-01-10 02:17:36,medium,2,False,False,,,med_surg
1,code_red_winter,20240110-covid_19-0001,2024-01-10,covid_19,2024-01-10 02:19:50,high,2,False,True,0,2024-01-10,med_surg
1,code_red_winter,20240110-covid_19-0002,2024-01-10,covid_19,2024-01-10 02:26:01,low,2,False,True,0,2024-01-10,med_surg
1,code_red_winter,20240110-non_elective_via_ed-0003,2024-01-10,non_elective_via_ed,2024-01-10 02:28:33,low,2,False,False,,,med_surg
1,code_red_winter,20240110-influenza-0001,2024-01-10,influenza,2024-01-10 02:36:06,critical,1,False,False,,,med_surg
1,code_red_winter,20240110-non_elective_other-0003,2024-01-10,non_elective_other,2024-01-10 02:42:24,low,3,False,False,,,med_surg
1,code_red_winter,20240110-influenza-0002,2024-01-10,influenza,2024-01-10 02:47:48,critical,1,False,False,,,med_surg
1,code_red_winter,20240110-other_viral-0002,2024-01-10,other_viral,2024-01-10 02:52:42,medium,2,False,True,0,2024-01-10,med_surg
1,code_red_winter,20240110-covid_19-0003,2024-01-10,covid_19,2024-01-10 03:02:41,high,2,False,True,0,2024-01-10,med_surg
1,code_red_winter,20240110-non_elective_via_ed-0004,2024-01-10,non_elective_via_ed,2024-01-10 03:10:44,medium,2,False,False,,,med_surg
1,code_red_winter,20240110-other_viral-0003,2024-01-10,other_viral,2024-01-10 03:39:31,low,2,False,True,0,2024-01-10,med_surg
1,code_red_winter,20240110-influenza-0003,2024-01-10,influenza,2024-01-10 04:06:45,high,2,False,True,0,2024-01-10,med_surg
1,code_red_winter,20240110-other_viral-0004,2024-01-10,other_viral,2024-01-10 04:15:29,critical,1,False,False,,,med_surg
1,code_red_winter,20240110-other_viral-0005,2024-01-10,other_viral,2024-01-10 04:20:58,high,2,False,True,0,2024-01-10,med_surg
1,code_red_winter,20240110-other_viral-0006,2024-01-10,other_viral,2024-01-10 04:34:05,critical,1,False,False,,,med_surg
1,code_red_winter,20240110-non_elective_via_ed-0005,2024-01-10,non_elective_via_ed,2024-01-10 04:38:44,high,2,False,False,,,med_surg
1,code_red_winter,20240110-other_viral-0007,2024-01-10,other_viral,2024-01-10 05:07:02,high,2,False,True,0,2024-01-10,med_surg
1,code_red_winter,20240110-intensive-0001,2024-01-10,intensive,2024-01-10 05:08:01,high,3,True,False,,,icu
1,code_red_winter,20240110-influenza-0004,2024-01-10,influenza,2024-01-10 05:17:45,low,2,False,True,0,2024-01-10,med_surg
1,code_red_winter,20240110-covid_19-0004,2024-01-10,covid_19,2024-01-10 05:25:18,low,2,False,True,0,2024-01-10,med_surg
1,code_red_winter,20240110-covid_19-0005,2024-01-10,covid_19,2024-01-10 05:25:25,high,2,False,True,0,2024-01-10,med_surg
1,code_red_winter,20240110-intensive-0002,2024-01-10,intensive,2024-01-10 05:44:55,critical,1,False,False,,,icu
1,code_red_winter,20240110-elective-0002,2024-01-10,elective,2024-01-10 06:03:14,high,4,False,True,7,2024-01-17,med_surg
1,code_red_winter,20240110-elective-0003,2024-01-10,elective,2024-01-10 06:04:19,high,4,False,True,7,2024-01-17,med_surg
1,code_red_winter,20240110-intensive-0003,2024-01-10,intensive,2024-01-10 06:11:15,high,1,False,False,,,icu
1,code_red_winter,20240110-other_viral-0008,2024-01-10,other_viral,2024-01-10 06:23:05,low,2,False,True,0,2024-01-10,med_surg
1,code_red_winter,20240110-other_viral-0009,2024-01-10,other_viral,2024-01-10 06:23:24,critical,1,False,False,,,med_surg
1,code_red_winter,20240110-covid_19-0006,2024-01-10,covid_19,2024-01-10 06:25:36,low,2,False,True,0,2024-01-10,med_surg
1,code_red_winter,20240110-influenza-0005,2024-01-10,influenza,2024-01-10 06:51:43,low,2,False,True,0,2024-01-10,med_surg
1,code_red_winter,20240110-elective-0004,2024-01-10,elective,2024-01-10 06:57:30,high,4,False,True,7,2024-01-17,med_surg
1,code_red_winter,20240110-influenza-0006,2024-01-10,influenza,2024-01-10 06:58:00,high,2,False,True,0,2024-01-10,med_surg
1,code_red_winter,20240110-intensive-0004,2024-01-10,intensive,2024-01-10 07:05:46,high,1,False,False,,,icu
1,code_red_winter,20240110-covid_19-0007,2024-01-10,covid_19,2024-01-10 07:13:21,low,2,False,True,0,2024-01-10,med_surg
1,code_red_winter,20240110-non_elective_other-0004,2024-01-10,non_elective_other,2024-01-10 07:13:22,critical,1,False,False,,,med_surg
1,code_red_winter,20240110-other_viral-0010,2024-01-10,other_viral,2024-01-10 07:14:40,medium,2,False,True,0,2024-01-10,med_surg
1,code_red_winter,20240110-non_elective_via_ed-0006,2024-01-10,non_elective_via_ed,2024-01-10 07:33:16,medium,2,False,False,,,med_surg
1,code_red_winter,20240110-other_viral-0011,2024-01-10,other_viral,2024-01-10 07:37:49,medium,2,False,True,0,2024-01-10,med_surg
1,code_red_winter,20240110-non_elective_other-0005,2024-01-10,non_elective_other,2024-01-10 07:42:19,low,3,False,False,,,med_surg
1,code_red_winter,20240110-covid_19-0008,2024-01-10,covid_19,2024-01-10 07:49:30,low,2,False,True,0,2024-01-10,med_surg
1,code_red_winter,20240110-delivery-0001,2024-01-10,delivery,2024-01-10 07:55:51,critical,1,False,False,,,labor_delivery
1,code_red_winter,20240110-covid_19-0009,2024-01-10,covid_19,2024-01-10 07:56:35,medium,2,False,True,0,2024-01-10,med_surg
1,code_red_winter,20240110-covid_19-0010,2024-01-10,covid_19,2024-01-10 07:57:08,critical,1,False,False,,,med_surg
1,code_red_winter,20240110-delivery-0002,2024-01-10,delivery,2024-01-10 08:10:54,critical,1,False,False,,,labor_delivery
1,code_red_winter,20240110-non_elective_via_ed-0007,2024-01-10,non_elective_via_ed,2024-01-10 08:11:50,high,2,False,False,,,med_surg
1,code_red_winter,20240110-elective-0005,2024-01-10,elective,2024-01-10 08:14:46,high,4,False,True,7,2024-01-17,med_surg
1,code_red_winter,20240110-other_viral-0012,2024-01-10,other_viral,2024-01-10 08:15:53,high,2,False,True,0,2024-01-10,med_surg
1,code_red_winter,20240110-non_elective_other-0006,2024-01-10,non_elective_other,2024-01-10 08:19:49,low,3,False,False,,,med_surg
1,code_red_winter,20240110-elective-0006,2024-01-10,elective,2024-01-10 08:20:27,low,4,False,True,30,2024-02-09,med_surg
1,code_red_winter,20240110-delivery-0003,2024-01-10,delivery,2024-01-10 08:25:46,critical,1,False,False,,,labor_delivery
1,code_red_winter,20240110-elective-0007,2024-01-10,elective,2024-01-10 08:36:11,high,4,False,True,7,2024-01-17,med_surg
1,code_red_winter,20240110-covid_19-0011,2024-01-10,covid_19,2024-01-10 08:36:21,low,2,False,True,0,2024-01-10,med_surg
1,code_red_winter,20240110-non_elective_other-0007,2024-01-10,non_elective_other,2024-01-10 08:39:04,medium,3,False,False,,,med_surg
1,code_red_winter,20240110-intensive-0005,2024-01-10,intensive,2024-01-10 08:57:12,high,3,True,False,,,icu
1,code_red_winter,20240110-non_elective_other-0008,2024-01-10,non_elective_other,2024-01-10 09:07:19,medium,3,False,False,,,med_surg
1,code_red_winter,20240110-influenza-0007,2024-01-10,influenza,2024-01-10 09:08:01,low,2,False,True,0,2024-01-10,med_surg
1,code_red_winter,20240110-influenza-0008,2024-01-10,influenza,2024-01-10 09:10:40,critical,1,False,False,,,med_surg
1,code_red_winter,20240110-non_elective_other-0009,2024-01-10,non_elective_other,2024-01-10 09:15:57,critical,1,False,False,,,med_surg
1,code_red_winter,20240110-non_elective_other-0010,2024-01-10,non_elective_other,2024-01-10 09:19:31,medium,3,False,False,,,med_surg
1,code_red_winter,20240110-influenza-0009,2024-01-10,influenza,2024-01-10 09:43:06,critical,1,False,False,,,med_surg
1,code_red_winter,20240110-elective-0008,2024-01-10,elective,2024-01-10 09:50:53,medium,4,False,True,14,2024-01-24,med_surg
1,code_red_winter,20240110-non_elective_via_ed-0008,2024-01-10,non_elective_via_ed,2024-01-10 09:52:28,medium,2,False,False,,,med_surg
1,code_red_winter,20240110-non_elective_other-0011,2024-01-10,non_elective_other,2024-01-10 09:52:52,low,3,False,False,,,med_surg
1,code_red_winter,20240110-other_viral-0013,2024-01-10,other_viral,2024-01-10 09:52:54,low,2,False,True,0,2024-01-10,med_surg
1,code_red_winter,20240110-delivery-0004,2024-01-10,delivery,2024-01-10 09:54:42,high,1,False,False,,,labor_delivery
1,code_red_winter,20240110-intensive-0006,2024-01-10,intensive,2024-01-10 09:54:43,high,1,False,False,,,icu
1,code_red_winter,20240110-other_viral-0014,2024-01-10,other_viral,2024-01-10 09:56:59,medium,2,False,True,0,2024-01-10,med_surg
1,code_red_winter,20240110-non_elective_via_ed-0009,2024-01-10,non_elective_via_ed,2024-01-10 09:57:28,low,2,False,False,,,med_surg
1,code_red_winter,20240110-influenza-0010,2024-01-10,influenza,2024-01-10 10:15:32,low,2,False,True,0,2024-01-10,med_surg
1,code_red_winter,20240110-non_elective_via_ed-0010,2024-01-10,non_elective_via_ed,2024-01-10 10:19:16,high,2,False,False,,,med_surg
1,code_red_winter,20240110-other_viral-0015,2024-01-10,other_viral,2024-01-10 10:22:06,medium,2,False,True,0,2024-01-10,med_surg
1,code_red_winter,20240110-intensive-0007,2024-01-10,intensive,2024-01-10 10:31:15,critical,1,False,False,,,icu
1,code_red_winter,20240110-intensive-0008,2024-01-10,intensive,2024-01-10 10:32:08,critical,1,False,False,,,icu
1,code_red_winter,20240110-non_elective_other-0012,2024-01-10,non_elective_other,2024-01-10 10:36:03,high,3,False,False,,,med_surg
1,code_red_winter,20240110-covid_19-0012,2024-01-10,covid_19,2024-01-10 10:42:13,low,2,False,True,0,2024-01-10,med_surg
1,code_red_winter,20240110-intensive-0009,2024-01-10,intensive,2024-01-10 10:51:10,high,1,False,False,,,icu
1,code_red_winter,20240110-elective-0009,2024-01-10,elective,2024-01-10 10:59:11,high,4,False,True,7,2024-01-17,med_surg
1,code_red_winter,20240110-delivery-0005,2024-01-10,delivery,2024-01-10 11:07:17,critical,1,False,False,,,labor_delivery
1,code_red_winter,20240110-delivery-0006,2024-01-10,delivery,2024-01-10 11:08:42,high,1,False,False,,,labor_delivery
1,code_red_winter,20240110-covid_19-0013,2024-01-10,covid_19,2024-01-10 11:13:08,critical,1,False,False,,,med_surg
1,code_red_winter,20240110-covid_19-0014,2024-01-10,covid_19,2024-01-10 11:17:10,medium,2,False,True,0,2024-01-10,med_surg
1,code_red_winter,20240110-other_viral-0016,2024-01-10,other_viral,2024-01-10 11:28:57,high,2,False,True,0,2024-01-10,med_surg
1,code_red_winter,20240110-other_viral-0017,2024-01-10,other_viral,2024-01-10 11:31:38,critical,1,False,False,,,med_surg
1,code_red_winter,20240110-non_elective_via_ed-0011,2024-01-10,non_elective_via_ed,2024-01-10 11:32:41,medium,2,False,False,,,med_surg
1,code_red_winter,20240110-other_viral-0018,2024-01-10,other_viral,2024-01-10 11:36:19,high,2,False,True,0,2024-01-10,med_surg
1,code_red_winter,20240110-non_elective_via_ed-0012,2024-01-10,non_elective_via_ed,2024-01-10 11:46:02,critical,1,False,False,,,med_surg
1,code_red_winter,20240110-delivery-0007,2024-01-10,delivery,2024-01-10 12:05:57,high,1,False,False,,,labor_delivery
1,code_red_winter,20240110-other_viral-0019,2024-01-10,other_viral,2024-01-10 12:06:28,low,2,False,True,0,2024-01-10,med_surg
1,code_red_winter,20240110-covid_19-0015,2024-01-10,covid_19,2024-01-10 12:20:19,critical,1,False,False,,,med_surg
1,code_red_winter,20240110-intensive-0010,2024-01-10,intensive,2024-01-10 12:21:37,high,1,False,False,,,icu
1,code_red_winter,20240110-elective-0010,2024-01-10,elective,2024-01-10 12:23:57,low,4,False,True,30,2024-02-09,med_surg
1,code_red_winter,20240110-non_elective_via_ed-0013,2024-01-10,non_elective_via_ed,2024-01-10 12:24:39,medium,2,False,False,,,med_surg
1,code_red_winter,20240110-non_elective_via_ed-0014,2024-01-10,non_elective_via_ed,2024-01-10 12:31:16,low,2,False,False,,,med_surg
1,code_red_winter,20240110-other_viral-0020,2024-01-10,other_viral,2024-01-10 12:32:40,critical,1,False,False,,,med_surg
1,code_red_winter,20240110-other_viral-0021,2024-01-10,other_viral,2024-01-10 12:37:43,medium,2,False,True,0,2024-01-10,med_surg
1,code_red_winter,20240110-intensive-0011,2024-01-10,intensive,2024-01-10 12:42:08,high,3,True,False,,,icu
1,code_red_winter,20240110-other_viral-0022,2024-01-10,other_viral,2024-01-10 13:04:39,medium,2,False,True,0,2024-01-10,med_surg
1,code_red_winter,20240110-other_viral-0023,2024-01-10,other_viral,2024-01-10 13:15:20,high,2,False,True,0,2024-01-10,med_surg
1,code_red_winter,20240110-non_elective_other-0013,2024-01-10,non_elective_other,2024-01-10 13:40:36,high,3,False,False,,,med_surg
1,code_red_winter,20240110-covid_19-0016,2024-01-10,covid_19,2024-01-10 13:42:30,low,2,False,True,0,2024-01-10,med_surg
1,code_red_winter,20240110-other_viral-0024,2024-01-10,other_viral,2024-01-10 13:46:24,critical,1,False,False,,,med_surg
1,code_red_winter,20240110-covid_19-0017,2024-01-10,covid_19,2024-01-10 13:51:45,low,2,False,True,0,2024-01-10,med_surg
1,code_red_winter,20240110-intensive-0012,2024-01-10,intensive,2024-01-10 14:03:43,high,3,True,False,,,icu
1,code_red_winter,20240110-non_elective_other-0014,2024-01-10,non_elective_other,2024-01-10 14:04:35,medium,3,False,False,,,med_surg
1,code_red_winter,20240110-other_viral-0025,2024-01-10,other_viral,2024-01-10 14:05:39,low,2,False,True,0,2024-01-10,med_surg
1,code_red_winter,20240110-non_elective_other-0015,2024-01-10,non_elective_other,2024-01-10 14:29:04,medium,3,False,False,,,med_surg
1,code_red_winter,20240110-non_elective_via_ed-0015,2024-01-10,non_elective_via_ed,2024-01-10 14:32:57,critical,1,False,False,,,med_surg
1,code_red_winter,20240110-intensive-0013,2024-01-10,intensive,2024-01-10 14:46:50,high,3,True,False,,,icu
1,code_red_winter,20240110-intensive-0014,2024-01-10,intensive,2024-01-10 15:02:18,high,1,False,False,,,icu
1,code_red_winter,20240110-non_elective_via_ed-0016,2024-01-10,non_elective_via_ed,2024-01-10 15:03:02,high,2,False,False,,,med_surg
1,code_red_winter,20240110-delivery-0008,2024-01-10,delivery,2024-01-10 15:10:06,high,1,False,False,,,labor_delivery
1,code_red_winter,20240110-covid_19-0018,2024-01-10,covid_19,2024-01-10 15:58:54,critical,1,False,False,,,med_surg
1,code_red_winter,20240110-covid_19-0019,2024-01-10,covid_19,2024-01-10 15:59:44,high,2,False,True,0,2024-01-10,med_surg
1,code_red_winter,20240110-elective-0011,2024-01-10,elective,2024-01-10 16:40:03,low,4,False,True,30,2024-02-09,med_surg
1,code_red_winter,20240110-intensive-0015,2024-01-10,intensive,2024-01-10 17:01:28,critical,1,False,False,,,icu
1,code_red_winter,20240110-other_viral-0026,2024-01-10,other_viral,2024-01-10 17:26:17,critical,1,False,False,,,med_surg
1,code_red_winter,20240110-influenza-0011,2024-01-10,influenza,2024-01-10 17:31:53,high,2,False,True,0,2024-01-10,med_surg
1,code_red_winter,20240110-influenza-0012,2024-01-10,influenza,2024-01-10 17:35:06,low,2,False,True,0,2024-01-10,med_surg
1,code_red_winter,20240110-non_elective_other-0016,2024-01-10,non_elective_other,2024-01-10 18:07:44,critical,1,False,False,,,med_surg
1,code_red_winter,20240110-delivery-0009,2024-01-10,delivery,2024-01-10 18:22:25,high,1,False,False,,,labor_delivery
1,code_red_winter,20240110-intensive-0016,2024-01-10,intensive,2024-01-10 18:23:41,high,1,False,False,,,icu
1,code_red_winter,20240110-covid_19-0020,2024-01-10,covid_19,2024-01-10 18:28:56,high,2,False,True,0,2024-01-10,med_surg
1,code_red_winter,20240110-non_elective_via_ed-0017,2024-01-10,non_elective_via_ed,2024-01-10 18:44:44,low,2,False,False,,,med_surg
1,code_red_winter,20240110-non_elective_other-0017,2024-01-10,non_elective_other,2024-01-10 18:46:50,critical,1,False,False,,,med_surg
1,code_red_winter,20240110-influenza-0013,2024-01-10,influenza,2024-01-10 19:32:56,high,2,False,True,0,2024-01-10,med_surg
1,code_red_winter,20240110-influenza-0014,2024-01-10,influenza,2024-01-10 19:39:21,critical,1,False,False,,,med_surg
1,code_red_winter,20240110-non_elective_via_ed-0018,2024-01-10,non_elective_via_ed,2024-01-10 20:51:55,high,2,False,False,,,med_surg
1,code_red_winter,20240110-covid_19-0021,2024-01-10,covid_19,2024-01-10 21:25:43,high,2,False,True,0,2024-01-10,med_surg
1,code_red_winter,20240110-covid_19-0022,2024-01-10,covid_19,2024-01-10 22:20:31,medium,2,False,True,0,2024-01-10,med_surg
1,code_red_winter,20240110-intensive-0017,2024-01-10,intensive,2024-01-10 22:44:12,critical,1,False,False,,,icu
1,code_red_winter,20240110-intensive-0018,2024-01-10,intensive,2024-01-10 22:59:29,critical,1,False,False,,,icu
1,code_red_winter,20240110-delivery-0010,2024-01-10,delivery,2024-01-10 23:23:31,low,3,True,False,,,labor_delivery
1,code_red_winter,20240110-intensive-0019,2024-01-10,intensive,2024-01-10 23:38:16,critical,1,False,False,,,icu
1,code_red_winter,20240111-non_elective_other-0001,2024-01-11,non_elective_other,2024-01-11 00:01:42,high,3,False,False,,,med_surg
1,code_red_winter,20240111-delivery-0001,2024-01-11,delivery,2024-01-11 00:42:59,high,1,False,False,,,labor_delivery
1,code_red_winter,20240111-intensive-0001,2024-01-11,intensive,2024-01-11 01:06:03,critical,1,False,False,,,icu
1,code_red_winter,20240111-influenza-0001,2024-01-11,influenza,2024-01-11 01:28:16,medium,2,False,True,0,2024-01-11,med_surg
1,code_red_winter,20240111-influenza-0002,2024-01-11,influenza,2024-01-11 01:32:52,critical,1,False,False,,,med_surg
1,code_red_winter,20240111-non_elective_via_ed-0001,2024-01-11,non_elective_via_ed,2024-01-11 01:42:44,medium,2,False,False,,,med_surg
1,code_red_winter,20240111-covid_19-0001,2024-01-11,covid_19,2024-01-11 01:48:25,medium,2,False,True,0,2024-01-11,med_surg
1,code_red_winter,20240111-non_elective_via_ed-0002,2024-01-11,non_elective_via_ed,2024-01-11 01:54:31,medium,2,False,False,,,med_surg
1,code_red_winter,20240111-covid_19-0002,2024-01-11,covid_19,2024-01-11 02:56:41,medium,2,False,True,0,2024-01-11,med_surg
1,code_red_winter,20240111-non_elective_via_ed-0003,2024-01-11,non_elective_via_ed,2024-01-11 03:06:53,low,2,False,False,,,med_surg
1,code_red_winter,20240111-influenza-0003,2024-01-11,influenza,2024-01-11 03:13:51,high,2,False,True,0,2024-01-11,med_surg
1,code_red_winter,20240111-non_elective_other-0002,2024-01-11,non_elective_other,2024-01-11 03:21:56,medium,3,False,False,,,med_surg
1,code_red_winter,20240111-intensive-0002,2024-01-11,intensive,2024-01-11 04:03:13,critical,1,False,False,,,icu
1,code_red_winter,20240111-covid_19-0003,2024-01-11,covid_19,2024-01-11 04:24:15,critical,1,False,False,,,med_surg
1,code_red_winter,20240111-other_viral-0001,2024-01-11,other_viral,2024-01-11 04:25:24,low,2,False,True,0,2024-01-11,med_surg
1,code_red_winter,20240111-influenza-0004,2024-01-11,influenza,2024-01-11 04:26:31,medium,2,False,True,0,2024-01-11,med_surg
1,code_red_winter,20240111-non_elective_other-0003,2024-01-11,non_elective_other,2024-01-11 04:26:49,low,3,False,False,,,med_surg
1,code_red_winter,20240111-elective-0001,2024-01-11,elective,2024-01-11 04:36:20,medium,4,False,True,14,2024-01-25,med_surg
1,code_red_winter,20240111-non_elective_via_ed-0004,2024-01-11,non_elective_via_ed,2024-01-11 04:49:53,critical,1,False,False,,,med_surg
1,code_red_winter,20240111-covid_19-0004,2024-01-11,covid_19,2024-01-11 05:24:10,high,2,False,True,0,2024-01-11,med_surg
1,code_red_winter,20240111-non_elective_other-0004,2024-01-11,non_elective_other,2024-01-11 05:29:14,low,3,False,False,,,med_surg
1,code_red_winter,20240111-elective-0002,2024-01-11,elective,2024-01-11 05:29:41,low,4,False,True,30,2024-02-10,med_surg
1,code_red_winter,20240111-influenza-0005,2024-01-11,influenza,2024-01-11 05:49:17,medium,2,False,True,0,2024-01-11,med_surg
1,code_red_winter,20240111-delivery-0002,2024-01-11,delivery,2024-01-11 05:49:22,high,1,False,False,,,labor_delivery
1,code_red_winter,20240111-other_viral-0002,2024-01-11,other_viral,2024-01-11 05:57:30,medium,2,False,True,0,2024-01-11,med_surg
1,code_red_winter,20240111-other_viral-0003,2024-01-11,other_viral,2024-01-11 06:00:10,critical,1,False,False,,,med_surg
1,code_red_winter,20240111-delivery-0003,2024-01-11,delivery,2024-01-11 06:08:06,low,3,True,False,,,labor_delivery
1,code_red_winter,20240111-non_elective_via_ed-0005,2024-01-11,non_elective_via_ed,2024-01-11 06:09:21,high,2,False,False,,,med_surg
1,code_red_winter,20240111-non_elective_via_ed-0006,2024-01-11,non_elective_via_ed,2024-01-11 06:13:14,low,2,False,False,,,med_surg
1,code_red_winter,20240111-other_viral-0004,2024-01-11,other_viral,2024-01-11 06:29:26,low,2,False,True,0,2024-01-11,med_surg
1,code_red_winter,20240111-intensive-0003,2024-01-11,intensive,2024-01-11 06:30:21,critical,1,False,False,,,icu
1,code_red_winter,20240111-influenza-0006,2024-01-11,influenza,2024-01-11 06:39:32,critical,1,False,False,,,med_surg
1,code_red_winter,20240111-elective-0003,2024-01-11,elective,2024-01-11 06:42:48,low,4,False,True,30,2024-02-10,med_surg
1,code_red_winter,20240111-delivery-0004,2024-01-11,delivery,2024-01-11 06:56:04,critical,1,False,False,,,labor_delivery
1,code_red_winter,20240111-influenza-0007,2024-01-11,influenza,2024-01-11 07:12:43,low,2,False,True,0,2024-01-11,med_surg
1,code_red_winter,20240111-non_elective_other-0005,2024-01-11,non_elective_other,2024-01-11 07:18:51,medium,3,False,False,,,med_surg
1,code_red_winter,20240111-elective-0004,2024-01-11,elective,2024-01-11 07:28:00,medium,4,False,True,14,2024-01-25,med_surg
1,code_red_winter,20240111-other_viral-0005,2024-01-11,other_viral,2024-01-11 07:35:51,high,2,False,True,0,2024-01-11,med_surg
1,code_red_winter,20240111-influenza-0008,2024-01-11,influenza,2024-01-11 07:49:09,medium,2,False,True,0,2024-01-11,med_surg
1,code_red_winter,20240111-other_viral-0006,2024-01-11,other_viral,2024-01-11 07:49:35,critical,1,False,False,,,med_surg
1,code_red_winter,20240111-non_elective_via_ed-0007,2024-01-11,non_elective_via_ed,2024-01-11 07:50:01,low,2,False,False,,,med_surg
1,code_red_winter,20240111-delivery-0005,2024-01-11,delivery,2024-01-11 07:59:26,high,1,False,False,,,labor_delivery
1,code_red_winter,20240111-elective-0005,2024-01-11,elective,2024-01-11 08:02:39,medium,4,False,True,14,2024-01-25,med_surg
1,code_red_winter,20240111-other_viral-0007,2024-01-11,other_viral,2024-01-11 08:30:37,high,2,False,True,0,2024-01-11,med_surg
1,code_red_winter,20240111-delivery-0006,2024-01-11,delivery,2024-01-11 08:37:33,medium,1,False,False,,,labor_delivery
1,code_red_winter,20240111-influenza-0009,2024-01-11,influenza,2024-01-11 08:42:34,medium,2,False,True,0,2024-01-11,med_surg
1,code_red_winter,20240111-covid_19-0005,2024-01-11,covid_19,2024-01-11 08:49:13,high,2,False,True,0,2024-01-11,med_surg
1,code_red_winter,20240111-covid_19-0006,2024-01-11,covid_19,2024-01-11 08:54:40,low,2,False,True,0,2024-01-11,med_surg
1,code_red_winter,20240111-intensive-0004,2024-01-11,intensive,2024-01-11 08:57:18,high,3,True,False,,,icu
1,code_red_winter,20240111-non_elective_via_ed-0008,2024-01-11,non_elective_via_ed,2024-01-11 08:58:30,critical,1,False,False,,,med_surg
1,code_red_winter,20240111-non_elective_other-0006,2024-01-11,non_elective_other,2024-01-11 09:01:44,low,3,False,False,,,med_surg
1,code_red_winter,20240111-influenza-0010,2024-01-11,influenza,2024-01-11 09:02:32,medium,2,False,True,0,2024-01-11,med_surg
1,code_red_winter,20240111-elective-0006,2024-01-11,elective,2024-01-11 09:04:13,low,4,False,True,30,2024-02-10,med_surg
1,code_red_winter,20240111-elective-0007,2024-01-11,elective,2024-01-11 09:21:53,high,4,False,True,7,2024-01-18,med_surg
1,code_red_winter,20240111-other_viral-0008,2024-01-11,other_viral,2024-01-11 09:27:28,medium,2,False,True,0,2024-01-11,med_surg
1,code_red_winter,20240111-elective-0008,2024-01-11,elective,2024-01-11 09:34:22,high,4,False,True,7,2024-01-18,med_surg
1,code_red_winter,20240111-non_elective_other-0007,2024-01-11,non_elective_other,2024-01-11 09:40:38,high,3,False,False,,,med_surg
1,code_red_winter,20240111-intensive-0005,2024-01-11,intensive,2024-01-11 09:45:45,critical,1,False,False,,,icu
1,code_red_winter,20240111-covid_19-0007,2024-01-11,covid_19,2024-01-11 09:47:13,high,2,False,True,0,2024-01-11,med_surg
1,code_red_winter,20240111-elective-0009,2024-01-11,elective,2024-01-11 10:07:03,medium,4,False,True,14,2024-01-25,med_surg
1,code_red_winter,20240111-influenza-0011,2024-01-11,influenza,2024-01-11 10:07:42,high,2,False,True,0,2024-01-11,med_surg
1,code_red_winter,20240111-influenza-0012,2024-01-11,influenza,2024-01-11 10:14:01,low,2,False,True,0,2024-01-11,med_surg
1,code_red_winter,20240111-influenza-0013,2024-01-11,influenza,2024-01-11 10:17:08,critical,1,False,False,,,med_surg
1,code_red_winter,20240111-non_elective_via_ed-0009,2024-01-11,non_elective_via_ed,2024-01-11 10:21:43,medium,2,False,False,,,med_surg
1,code_red_winter,20240111-delivery-0007,2024-01-11,delivery,2024-01-11 10:27:25,critical,1,False,False,,,labor_delivery
1,code_red_winter,20240111-non_elective_other-0008,2024-01-11,non_elective_other,2024-01-11 10:47:30,critical,1,False,False,,,med_surg
1,code_red_winter,20240111-elective-0010,2024-01-11,elective,2024-01-11 10:49:16,low,4,False,True,30,2024-02-10,med_surg
1,code_red_winter,20240111-other_viral-0009,2024-01-11,other_viral,2024-01-11 10:54:03,low,2,False,True,0,2024-01-11,med_surg
1,code_red_winter,20240111-covid_19-0008,2024-01-11,covid_19,2024-01-11 10:58:17,medium,2,False,True,0,2024-01-11,med_surg
1,code_red_winter,20240111-other_viral-0010,2024-01-11,other_viral,2024-01-11 11:01:29,low,2,False,True,0,2024-01-11,med_surg
1,code_red_winter,20240111-elective-0011,2024-01-11,elective,2024-01-11 11:14:24,high,4,False,True,7,2024-01-18,med_surg
1,code_red_winter,20240111-intensive-0006,2024-01-11,intensive,2024-01-11 11:23:09,high,1,False,False,,,icu
1,code_red_winter,20240111-other_viral-0011,2024-01-11,other_viral,2024-01-11 11:24:17,low,2,False,True,0,2024-01-11,med_surg
1,code_red_winter,20240111-other_viral-0012,2024-01-11,other_viral,2024-01-11 11:40:23,low,2,False,True,0,2024-01-11,med_surg
1,code_red_winter,20240111-other_viral-0013,2024-01-11,other_viral,2024-01-11 11:40:51,medium,2,False,True,0,2024-01-11,med_surg
1,code_red_winter,20240111-elective-0012,2024-01-11,elective,2024-01-11 11:40:53,low,4,False,True,30,2024-02-10,med_surg
1,code_red_winter,20240111-non_elective_other-0009,2024-01-11,non_elective_other,2024-01-11 11:43:31,medium,3,False,False,,,med_surg
1,code_red_winter,20240111-elective-0013,2024-01-11,elective,2024-01-11 11:59:09,high,4,False,True,7,2024-01-18,med_surg
1,code_red_winter,20240111-covid_19-0009,2024-01-11,covid_19,2024-01-11 12:01:38,low,2,False,True,0,2024-01-11,med_surg
1,code_red_winter,20240111-non_elective_via_ed-0010,2024-01-11,non_elective_via_ed,2024-01-11 12:12:17,high,2,False,False,,,med_surg
1,code_red_winter,20240111-influenza-0014,2024-01-11,influenza,2024-01-11 12:38:47,critical,1,False,False,,,med_surg
1,code_red_winter,20240111-delivery-0008,2024-01-11,delivery,2024-01-11 12:47:45,medium,1,False,False,,,labor_delivery
1,code_red_winter,20240111-covid_19-0010,2024-01-11,covid_19,2024-01-11 12:50:35,low,2,False,True,0,2024-01-11,med_surg
1,code_red_winter,20240111-influenza-0015,2024-01-11,influenza,2024-01-11 12:52:05,critical,1,False,False,,,med_surg
1,code_red_winter,20240111-delivery-0009,2024-01-11,delivery,2024-01-11 13:02:23,medium,3,True,False,,,labor_delivery
1,code_red_winter,20240111-delivery-0010,2024-01-11,delivery,2024-01-11 13:14:13,critical,1,False,False,,,labor_delivery
1,code_red_winter,20240111-non_elective_other-0010,2024-01-11,non_elective_other,2024-01-11 13:14:26,low,3,False,False,,,med_surg
1,code_red_winter,20240111-non_elective_other-0011,2024-01-11,non_elective_other,2024-01-11 13:24:06,high,3,False,False,,,med_surg
1,code_red_winter,20240111-non_elective_via_ed-0011,2024-01-11,non_elective_via_ed,2024-01-11 13:31:59,high,2,False,False,,,med_surg
1,code_red_winter,20240111-delivery-0011,2024-01-11,delivery,2024-01-11 13:38:30,low,1,False,False,,,labor_delivery
1,code_red_winter,20240111-non_elective_other-0012,2024-01-11,non_elective_other,2024-01-11 13:44:36,high,3,False,False,,,med_surg
1,code_red_winter,20240111-intensive-0007,2024-01-11,intensive,2024-01-11 13:45:37,high,1,False,False,,,icu
1,code_red_winter,20240111-elective-0014,2024-01-11,elective,2024-01-11 13:54:26,high,4,False,True,7,2024-01-18,med_surg
1,code_red_winter,20240111-elective-0015,2024-01-11,elective,2024-01-11 13:57:12,high,4,False,True,7,2024-01-18,med_surg
1,code_red_winter,20240111-non_elective_via_ed-0012,2024-01-11,non_elective_via_ed,2024-01-11 13:59:44,medium,2,False,False,,,med_surg
1,code_red_winter,20240111-intensive-0008,2024-01-11,intensive,2024-01-11 14:07:38,high,1,False,False,,,icu
1,code_red_winter,20240111-covid_19-0011,2024-01-11,covid_19,2024-01-11 14:09:27,low,2,False,True,0,2024-01-11,med_surg
1,code_red_winter,20240111-elective-0016,2024-01-11,elective,2024-01-11 14:16:18,medium,4,False,True,14,2024-01-25,med_surg
1,code_red_winter,20240111-covid_19-0012,2024-01-11,covid_19,2024-01-11 14:18:13,medium,2,False,True,0,2024-01-11,med_surg
1,code_red_winter,20240111-intensive-0009,2024-01-11,intensive,2024-01-11 14:28:26,high,1,False,False,,,icu
1,code_red_winter,20240111-covid_19-0013,2024-01-11,covid_19,2024-01-11 14:28:57,high,2,False,True,0,2024-01-11,med_surg
1,code_red_winter,20240111-other_viral-0014,2024-01-11,other_viral,2024-01-11 14:30:32,high,2,False,True,0,2024-01-11,med_surg
1,code_red_winter,20240111-influenza-0016,2024-01-11,influenza,2024-01-11 14:41:15,medium,2,False,True,0,2024-01-11,med_surg
1,code_red_winter,20240111-intensive-0010,2024-01-11,intensive,2024-01-11 14:51:01,critical,1,False,False,,,icu
1,code_red_winter,20240111-other_viral-0015,2024-01-11,other_viral,2024-01-11 14:51:07,medium,2,False,True,0,2024-01-11,med_surg
1,code_red_winter,20240111-delivery-0012,2024-01-11,delivery,2024-01-11 15:02:05,medium,1,False,False,,,labor_delivery
1,code_red_winter,20240111-intensive-0011,2024-01-11,intensive,2024-01-11 15:04:15,critical,1,False,False,,,icu
1,code_red_winter,20240111-covid_19-0014,2024-01-11,covid_19,2024-01-11 15:11:48,medium,2,False,True,0,2024-01-11,med_surg
1,code_red_winter,20240111-covid_19-0015,2024-01-11,covid_19,2024-01-11 15:13:14,low,2,False,True,0,2024-01-11,med_surg
1,code_red_winter,20240111-non_elective_via_ed-0013,2024-01-11,non_elective_via_ed,2024-01-11 15:19:39,high,2,False,False,,,med_surg
1,code_red_winter,20240111-other_viral-0016,2024-01-11,other_viral,2024-01-11 15:25:06,high,2,False,True,0,2024-01-11,med_surg
1,code_red_winter,20240111-intensive-0012,2024-01-11,intensive,2024-01-11 15:32:56,critical,1,False,False,,,icu
1,code_red_winter,20240111-delivery-0013,2024-01-11,delivery,2024-01-11 15:35:07,low,1,False,False,,,labor_delivery
1,code_red_winter,20240111-non_elective_via_ed-0014,2024-01-11,non_elective_via_ed,2024-01-11 15:40:09,high,2,False,False,,,med_surg
1,code_red_winter,20240111-intensive-0013,2024-01-11,intensive,2024-01-11 15:57:13,critical,1,False,False,,,icu
1,code_red_winter,20240111-influenza-0017,2024-01-11,influenza,2024-01-11 16:16:01,high,2,False,True,0,2024-01-11,med_surg
1,code_red_winter,20240111-influenza-0018,2024-01-11,influenza,2024-01-11 16:23:57,low,2,False,True,0,2024-01-11,med_surg
1,code_red_winter,20240111-intensive-0014,2024-01-11,intensive,2024-01-11 16:47:37,critical,1,False,False,,,icu
1,code_red_winter,20240111-intensive-0015,2024-01-11,intensive,2024-01-11 17:04:25,critical,1,False,False,,,icu
1,code_red_winter,20240111-delivery-0014,2024-01-11,delivery,2024-01-11 17:31:51,low,3,True,False,,,labor_delivery
1,code_red_winter,20240111-intensive-0016,2024-01-11,intensive,2024-01-11 18:45:08,critical,1,False,False,,,icu
1,code_red_winter,20240111-non_elective_other-0013,2024-01-11,non_elective_other,2024-01-11 20:03:43,medium,3,False,False,,,med_surg
1,code_red_winter,20240111-influenza-0019,2024-01-11,influenza,2024-01-11 20:16:03,low,2,False,True,0,2024-01-11,med_surg
1,code_red_winter,20240111-other_viral-0017,2024-01-11,other_viral,2024-01-11 20:47:52,medium,2,False,True,0,2024-01-11,med_surg
1,code_red_winter,20240111-other_viral-0018,2024-01-11,other_viral,2024-01-11 21:29:52,high,2,False,True,0,2024-01-11,med_surg
1,code_red_winter,20240111-delivery-0015,2024-01-11,delivery,2024-01-11 21:31:51,high,1,False,False,,,labor_delivery
1,code_red_winter,20240111-intensive-0017,2024-01-11,intensive,2024-01-11 22:52:55,high,1,False,False,,,icu
1,code_red_winter,20240111-non_elective_other-0014,2024-01-11,non_elective_other,2024-01-11 23:22:03,high,3,False,False,,,med_surg
1,code_red_winter,20240112-non_elective_other-0001,2024-01-12,non_elective_other,2024-01-12 00:00:18,high,3,False,False,,,med_surg
1,code_red_winter,20240112-non_elective_via_ed-0001,2024-01-12,non_elective_via_ed,2024-01-12 00:35:15,low,2,False,False,,,med_surg
1,code_red_winter,20240112-non_elective_via_ed-0002,2024-01-12,non_elective_via_ed,2024-01-12 01:59:29,low,2,False,False,,,med_surg
1,code_red_winter,20240112-non_elective_other-0002,2024-01-12,non_elective_other,2024-01-12 02:03:00,high,3,False,False,,,med_surg
1,code_red_winter,20240112-intensive-0001,2024-01-12,intensive,2024-01-12 02:16:17,high,1,False,False,,,icu
1,code_red_winter,20240112-other_viral-0001,2024-01-12,other_viral,2024-01-12 02:23:29,low,2,False,True,0,2024-01-12,med_surg
1,code_red_winter,20240112-influenza-0001,2024-01-12,influenza,2024-01-12 02:25:47,high,2,False,True,0,2024-01-12,med_surg
1,code_red_winter,20240112-intensive-0002,2024-01-12,intensive,2024-01-12 02:26:25,critical,1,False,False,,,icu
1,code_red_winter,20240112-elective-0001,2024-01-12,elective,2024-01-12 02:36:12,medium,4,False,True,14,2024-01-26,med_surg
1,code_red_winter,20240112-covid_19-0001,2024-01-12,covid_19,2024-01-12 02:58:00,high,2,False,True,0,2024-01-12,med_surg
1,code_red_winter,20240112-covid_19-0002,2024-01-12,covid_19,2024-01-12 03:16:36,medium,2,False,True,0,2024-01-12,med_surg
1,code_red_winter,20240112-elective-0002,2024-01-12,elective,2024-01-12 03:45:04,medium,4,False,True,14,2024-01-26,med_surg
1,code_red_winter,20240112-non_elective_other-0003,2024-01-12,non_elective_other,2024-01-12 04:01:03,high,3,False,False,,,med_surg
1,code_red_winter,20240112-elective-0003,2024-01-12,elective,2024-01-12 04:09:49,high,4,False,True,7,2024-01-19,med_surg
1,code_red_winter,20240112-non_elective_other-0004,2024-01-12,non_elective_other,2024-01-12 04:15:08,high,3,False,False,,,med_surg
1,code_red_winter,20240112-other_viral-0002,2024-01-12,other_viral,2024-01-12 04:35:59,medium,2,False,True,0,2024-01-12,med_surg
1,code_red_winter,20240112-other_viral-0003,2024-01-12,other_viral,2024-01-12 04:49:05,high,2,False,True,0,2024-01-12,med_surg
1,code_red_winter,20240112-intensive-0003,2024-01-12,intensive,2024-01-12 04:50:27,critical,1,False,False,,,icu
1,code_red_winter,20240112-covid_19-0003,2024-01-12,covid_19,2024-01-12 04:51:01,low,2,False,True,0,2024-01-12,med_surg
1,code_red_winter,20240112-non_elective_other-0005,2024-01-12,non_elective_other,2024-01-12 04:53:02,high,3,False,False,,,med_surg
1,code_red_winter,20240112-covid_19-0004,2024-01-12,covid_19,2024-01-12 04:56:05,medium,2,False,True,0,2024-01-12,med_surg
1,code_red_winter,20240112-intensive-0004,2024-01-12,intensive,2024-01-12 05:17:36,high,1,False,False,,,icu
1,code_red_winter,20240112-intensive-0005,2024-01-12,intensive,2024-01-12 05:19:30,critical,1,False,False,,,icu
1,code_red_winter,20240112-non_elective_other-0006,2024-01-12,non_elective_other,2024-01-12 05:38:59,medium,3,False,False,,,med_surg
1,code_red_winter,20240112-non_elective_via_ed-0003,2024-01-12,non_elective_via_ed,2024-01-12 05:54:16,critical,1,False,False,,,med_surg
1,code_red_winter,20240112-intensive-0006,2024-01-12,intensive,2024-01-12 06:14:16,high,3,True,False,,,icu
1,code_red_winter,20240112-elective-0004,2024-01-12,elective,2024-01-12 06:29:07,high,4,False,True,7,2024-01-19,med_surg
1,code_red_winter,20240112-non_elective_other-0007,2024-01-12,non_elective_other,2024-01-12 07:08:39,high,3,False,False,,,med_surg
1,code_red_winter,20240112-covid_19-0005,2024-01-12,covid_19,2024-01-12 07:22:26,critical,1,False,False,,,med_surg
1,code_red_winter,20240112-other_viral-0004,2024-01-12,other_viral,2024-01-12 07:22:43,high,2,False,True,0,2024-01-12,med_surg
1,code_red_winter,20240112-elective-0005,2024-01-12,elective,2024-01-12 07:26:50,medium,4,False,True,14,2024-01-26,med_surg
1,code_red_winter,20240112-elective-0006,2024-01-12,elective,2024-01-12 07:40:07,medium,4,False,True,14,2024-01-26,med_surg
1,code_red_winter,20240112-intensive-0007,2024-01-12,intensive,2024-01-12 07:43:06,critical,1,False,False,,,icu
1,code_red_winter,20240112-other_viral-0005,2024-01-12,other_viral,2024-01-12 07:59:50,critical,1,False,False,,,med_surg
1,code_red_winter,20240112-other_viral-0006,2024-01-12,other_viral,2024-01-12 08:25:23,medium,2,False,True,0,2024-01-12,med_surg
1,code_red_winter,20240112-elective-0007,2024-01-12,elective,2024-01-12 08:27:44,low,4,False,True,30,2024-02-11,med_surg
1,code_red_winter,20240112-other_viral-0007,2024-01-12,other_viral,2024-01-12 08:32:44,low,2,False,True,0,2024-01-12,med_surg
1,code_red_winter,20240112-non_elective_via_ed-0004,2024-01-12,non_elective_via_ed,2024-01-12 08:38:21,medium,2,False,False,,,med_surg
1,code_red_winter,20240112-non_elective_via_ed-0005,2024-01-12,non_elective_via_ed,2024-01-12 08:46:49,medium,2,False,False,,,med_surg
1,code_red_winter,20240112-influenza-0002,2024-01-12,influenza,2024-01-12 08:56:02,critical,1,False,False,,,med_surg
1,code_red_winter,20240112-covid_19-0006,2024-01-12,covid_19,2024-01-12 08:59:59,low,2,False,True,0,2024-01-12,med_surg
1,code_red_winter,20240112-delivery-0001,2024-01-12,delivery,2024-01-12 09:00:18,high,3,True,False,,,labor_delivery
1,code_red_winter,20240112-influenza-0003,2024-01-12,influenza,2024-01-12 09:00:57,high,2,False,True,0,2024-01-12,med_surg
1,code_red_winter,20240112-other_viral-0008,2024-01-12,other_viral,2024-01-12 09:03:12,critical,1,False,False,,,med_surg
1,code_red_winter,20240112-non_elective_other-0008,2024-01-12,non_elective_other,2024-01-12 09:14:06,medium,3,False,False,,,med_surg
1,code_red_winter,20240112-other_viral-0009,2024-01-12,other_viral,2024-01-12 09:17:21,high,2,False,True,0,2024-01-12,med_surg
1,code_red_winter,20240112-influenza-0004,2024-01-12,influenza,2024-01-12 09:33:37,medium,2,False,True,0,2024-01-12,med_surg
1,code_red_winter,20240112-non_elective_other-0009,2024-01-12,non_elective_other,2024-01-12 09:33:46,medium,3,False,False,,,med_surg
1,code_red_winter,20240112-influenza-0005,2024-01-12,influenza,2024-01-12 09:42:33,critical,1,False,False,,,med_surg
1,code_red_winter,20240112-non_elective_via_ed-0006,2024-01-12,non_elective_via_ed,2024-01-12 09:42:43,critical,1,False,False,,,med_surg
1,code_red_winter,20240112-covid_19-0007,2024-01-12,covid_19,2024-01-12 09:42:55,medium,2,False,True,0,2024-01-12,med_surg
1,code_red_winter,20240112-non_elective_other-0010,2024-01-12,non_elective_other,2024-01-12 09:49:27,low,3,False,False,,,med_surg
1,code_red_winter,20240112-delivery-0002,2024-01-12,delivery,2024-01-12 09:52:02,high,1,False,False,,,labor_delivery
1,code_red_winter,20240112-non_elective_other-0011,2024-01-12,non_elective_other,2024-01-12 10:01:45,critical,1,False,False,,,med_surg
1,code_red_winter,20240112-intensive-0008,2024-01-12,intensive,2024-01-12 10:23:13,critical,1,False,False,,,icu
1,code_red_winter,20240112-covid_19-0008,2024-01-12,covid_19,2024-01-12 10:25:39,high,2,False,True,0,2024-01-12,med_surg
1,code_red_winter,20240112-covid_19-0009,2024-01-12,covid_19,2024-01-12 10:26:53,medium,2,False,True,0,2024-01-12,med_surg
1,code_red_winter,20240112-elective-0008,2024-01-12,elective,2024-01-12 10:34:46,medium,4,False,True,14,2024-01-26,med_surg
1,code_red_winter,20240112-intensive-0009,2024-01-12,intensive,2024-01-12 10:40:11,critical,1,False,False,,,icu
1,code_red_winter,20240112-other_viral-0010,2024-01-12,other_viral,2024-01-12 10:47:52,high,2,False,True,0,2024-01-12,med_surg
1,code_red_winter,20240112-non_elective_via_ed-0007,2024-01-12,non_elective_via_ed,2024-01-12 11:11:49,critical,1,False,False,,,med_surg
1,code_red_winter,20240112-other_viral-0011,2024-01-12,other_viral,2024-01-12 11:15:17,low,2,False,True,0,2024-01-12,med_surg
1,code_red_winter,20240112-intensive-0010,2024-01-12,intensive,2024-01-12 11:16:53,critical,1,False,False,,,icu
1,code_red_winter,20240112-influenza-0006,2024-01-12,influenza,2024-01-12 11:25:15,high,2,False,True,0,2024-01-12,med_surg
1,code_red_winter,20240112-other_viral-0012,2024-01-12,other_viral,2024-01-12 11:33:20,low,2,False,True,0,2024-01-12,med_surg
1,code_red_winter,20240112-non_elective_other-0012,2024-01-12,non_elective_other,2024-01-12 11:34:16,high,3,False,False,,,med_surg
1,code_red_winter,20240112-other_viral-0013,2024-01-12,other_viral,2024-01-12 11:53:02,low,2,False,True,0,2024-01-12,med_surg
1,code_red_winter,20240112-influenza-0007,2024-01-12,influenza,2024-01-12 12:04:44,medium,2,False,True,0,2024-01-12,med_surg
1,code_red_winter,20240112-covid_19-0010,2024-01-12,covid_19,2024-01-12 12:06:32,low,2,False,True,0,2024-01-12,med_surg
1,code_red_winter,20240112-covid_19-0011,2024-01-12,covid_19,2024-01-12 12:09:34,high,2,False,True,0,2024-01-12,med_surg
1,code_red_winter,20240112-delivery-0003,2024-01-12,delivery,2024-01-12 12:16:40,medium,3,True,False,,,labor_delivery
1,code_red_winter,20240112-elective-0009,2024-01-12,elective,2024-01-12 12:28:12,medium,4,False,True,14,2024-01-26,med_surg
1,code_red_winter,20240112-non_elective_via_ed-0008,2024-01-12,non_elective_via_ed,2024-01-12 12:56:51,medium,2,False,False,,,med_surg
1,code_red_winter,20240112-intensive-0011,2024-01-12,intensive,2024-01-12 13:08:12,high,1,False,False,,,icu
1,code_red_winter,20240112-non_elective_other-0013,2024-01-12,non_elective_other,2024-01-12 13:09:06,medium,3,False,False,,,med_surg
1,code_red_winter,20240112-other_viral-0014,2024-01-12,other_viral,2024-01-12 13:20:28,high,2,False,True,0,2024-01-12,med_surg
1,code_red_winter,20240112-elective-0010,2024-01-12,elective,2024-01-12 13:27:26,low,4,False,True,30,2024-02-11,med_surg
1,code_red_winter,20240112-delivery-0004,2024-01-12,delivery,2024-01-12 14:40:26,critical,1,False,False,,,labor_delivery
1,code_red_winter,20240112-non_elective_other-0014,2024-01-12,non_elective_other,2024-01-12 14:42:40,critical,1,False,False,,,med_surg
1,code_red_winter,20240112-other_viral-0015,2024-01-12,other_viral,2024-01-12 14:55:44,low,2,False,True,0,2024-01-12,med_surg
1,code_red_winter,20240112-non_elective_other-0015,2024-01-12,non_elective_other,2024-01-12 15:07:14,critical,1,False,False,,,med_surg
1,code_red_winter,20240112-influenza-0008,2024-01-12,influenza,2024-01-12 15:08:39,low,2,False,True,0,2024-01-12,med_surg
1,code_red_winter,20240112-intensive-0012,2024-01-12,intensive,2024-01-12 15:15:53,high,3,True,False,,,icu
1,code_red_winter,20240112-other_viral-0016,2024-01-12,other_viral,2024-01-12 15:46:56,high,2,False,True,0,2024-01-12,med_surg
1,code_red_winter,20240112-other_viral-0017,2024-01-12,other_viral,2024-01-12 15:50:20,high,2,False,True,0,2024-01-12,med_surg
1,code_red_winter,20240112-covid_19-0012,2024-01-12,covid_19,2024-01-12 16:08:26,medium,2,False,True,0,2024-01-12,med_surg
1,code_red_winter,20240112-intensive-0013,2024-01-12,intensive,2024-01-12 16:17:09,critical,1,False,False,,,icu
1,code_red_winter,20240112-covid_19-0013,2024-01-12,covid_19,2024-01-12 16:26:47,high,2,False,True,0,2024-01-12,med_surg
1,code_red_winter,20240112-non_elective_via_ed-0009,2024-01-12,non_elective_via_ed,2024-01-12 16:33:54,high,2,False,False,,,med_surg
1,code_red_winter,20240112-covid_19-0014,2024-01-12,covid_19,2024-01-12 16:37:46,low,2,False,True,0,2024-01-12,med_surg
1,code_red_winter,20240112-other_viral-0018,2024-01-12,other_viral,2024-01-12 16:42:29,low,2,False,True,0,2024-01-12,med_surg
1,code_red_winter,20240112-delivery-0005,2024-01-12,delivery,2024-01-12 16:47:20,high,1,False,False,,,labor_delivery
1,code_red_winter,20240112-non_elective_via_ed-0010,2024-01-12,non_elective_via_ed,2024-01-12 16:48:17,high,2,False,False,,,med_surg
1,code_red_winter,20240112-influenza-0009,2024-01-12,influenza,2024-01-12 17:11:53,high,2,False,True,0,2024-01-12,med_surg
1,code_red_winter,20240112-non_elective_other-0016,2024-01-12,non_elective_other,2024-01-12 17:54:37,medium,3,False,False,,,med_surg
1,code_red_winter,20240112-delivery-0006,2024-01-12,delivery,2024-01-12 18:04:08,low,3,True,False,,,labor_delivery
1,code_red_winter,20240112-other_viral-0019,2024-01-12,other_viral,2024-01-12 18:08:05,low,2,False,True,0,2024-01-12,med_surg
1,code_red_winter,20240112-non_elective_via_ed-0011,2024-01-12,non_elective_via_ed,2024-01-12 18:19:20,critical,1,False,False,,,med_surg
1,code_red_winter,20240112-non_elective_via_ed-0012,2024-01-12,non_elective_via_ed,2024-01-12 18:27:03,low,2,False,False,,,med_surg
1,code_red_winter,20240112-non_elective_other-0017,2024-01-12,non_elective_other,2024-01-12 18:33:26,high,3,False,False,,,med_surg
1,code_red_winter,20240112-influenza-0010,2024-01-12,influenza,2024-01-12 18:52:45,low,2,False,True,0,2024-01-12,med_surg
1,code_red_winter,20240112-non_elective_other-0018,2024-01-12,non_elective_other,2024-01-12 19:07:00,high,3,False,False,,,med_surg
1,code_red_winter,20240112-non_elective_via_ed-0013,2024-01-12,non_elective_via_ed,2024-01-12 19:36:21,medium,2,False,False,,,med_surg
1,code_red_winter,20240112-other_viral-0020,2024-01-12,other_viral,2024-01-12 20:42:38,low,2,False,True,0,2024-01-12,med_surg
1,code_red_winter,20240112-covid_19-0015,2024-01-12,covid_19,2024-01-12 20:57:23,high,2,False,True,0,2024-01-12,med_surg
1,code_red_winter,20240112-other_viral-0021,2024-01-12,other_viral,2024-01-12 20:58:19,medium,2,False,True,0,2024-01-12,med_surg
1,code_red_winter,20240112-non_elective_via_ed-0014,2024-01-12,non_elective_via_ed,2024-01-12 21:57:40,low,2,False,False,,,med_surg
1,code_red_winter,20240112-intensive-0014,2024-01-12,intensive,2024-01-12 22:07:39,high,1,False,False,,,icu
1,code_red_winter,20240112-influenza-0011,2024-01-12,influenza,2024-01-12 22:46:08,critical,1,False,False,,,med_surg
1,code_red_winter,20240112-influenza-0012,2024-01-12,influenza,2024-01-12 23:48:39,critical,1,False,False,,,med_surg
1,code_red_winter,20240113-elective-0001,2024-01-13,elective,2024-01-13 00:41:35,medium,4,False,True,14,2024-01-27,med_surg
1,code_red_winter,20240113-elective-0002,2024-01-13,elective,2024-01-13 01:03:39,high,4,False,True,7,2024-01-20,med_surg
1,code_red_winter,20240113-other_viral-0001,2024-01-13,other_viral,2024-01-13 01:12:10,critical,1,False,False,,,med_surg
1,code_red_winter,20240113-covid_19-0001,2024-01-13,covid_19,2024-01-13 01:36:03,high,2,False,True,0,2024-01-13,med_surg
1,code_red_winter,20240113-influenza-0001,2024-01-13,influenza,2024-01-13 02:39:32,low,2,False,True,0,2024-01-13,med_surg
1,code_red_winter,20240113-other_viral-0002,2024-01-13,other_viral,2024-01-13 02:58:20,medium,2,False,True,0,2024-01-13,med_surg
1,code_red_winter,20240113-elective-0003,2024-01-13,elective,2024-01-13 03:01:29,low,4,False,True,30,2024-02-12,med_surg
1,code_red_winter,20240113-delivery-0001,2024-01-13,delivery,2024-01-13 03:06:51,critical,1,False,False,,,labor_delivery
1,code_red_winter,20240113-influenza-0002,2024-01-13,influenza,2024-01-13 03:13:50,low,2,False,True,0,2024-01-13,med_surg
1,code_red_winter,20240113-delivery-0002,2024-01-13,delivery,2024-01-13 03:25:52,critical,1,False,False,,,labor_delivery
1,code_red_winter,20240113-non_elective_other-0001,2024-01-13,non_elective_other,2024-01-13 03:45:17,low,3,False,False,,,med_surg
1,code_red_winter,20240113-elective-0004,2024-01-13,elective,2024-01-13 03:56:53,medium,4,False,True,14,2024-01-27,med_surg
1,code_red_winter,20240113-intensive-0001,2024-01-13,intensive,2024-01-13 04:13:45,high,1,False,False,,,icu
1,code_red_winter,20240113-other_viral-0003,2024-01-13,other_viral,2024-01-13 04:37:46,high,2,False,True,0,2024-01-13,med_surg
1,code_red_winter,20240113-other_viral-0004,2024-01-13,other_viral,2024-01-13 04:48:54,low,2,False,True,0,2024-01-13,med_surg
1,code_red_winter,20240113-non_elective_via_ed-0001,2024-01-13,non_elective_via_ed,2024-01-13 04:57:37,medium,2,False,False,,,med_surg
1,code_red_winter,20240113-covid_19-0002,2024-01-13,covid_19,2024-01-13 05:01:06,low,2,False,True,0,2024-01-13,med_surg
1,code_red_winter,20240113-elective-0005,2024-01-13,elective,2024-01-13 05:12:47,medium,4,False,True,14,2024-01-27,med_surg
1,code_red_winter,20240113-covid_19-0003,2024-01-13,covid_19,2024-01-13 05:15:14,critical,1,False,False,,,med_surg
1,code_red_winter,20240113-delivery-0003,2024-01-13,delivery,2024-01-13 05:25:11,low,3,True,False,,,labor_delivery
1,code_red_winter,20240113-elective-0006,2024-01-13,elective,2024-01-13 05:38:08,high,4,False,True,7,2024-01-20,med_surg
1,code_red_winter,20240113-other_viral-0005,2024-01-13,other_viral,2024-01-13 06:27:53,high,2,False,True,0,2024-01-13,med_surg
1,code_red_winter,20240113-intensive-0002,2024-01-13,intensive,2024-01-13 06:54:47,high,1,False,False,,,icu
1,code_red_winter,20240113-elective-0007,2024-01-13,elective,2024-01-13 07:00:07,high,4,False,True,7,2024-01-20,med_surg
1,code_red_winter,20240113-delivery-0004,2024-01-13,delivery,2024-01-13 07:29:57,medium,1,False,False,,,labor_delivery
1,code_red_winter,20240113-non_elective_via_ed-0002,2024-01-13,non_elective_via_ed,2024-01-13 07:43:40,low,2,False,False,,,med_surg
1,code_red_winter,20240113-influenza-0003,2024-01-13,influenza,2024-01-13 07:45:28,high,2,False,True,0,2024-01-13,med_surg
1,code_red_winter,20240113-influenza-0004,2024-01-13,influenza,2024-01-13 07:45:52,high,2,False,True,0,2024-01-13,med_surg
1,code_red_winter,20240113-other_viral-0006,2024-01-13,other_viral,2024-01-13 07:51:08,low,2,False,True,0,2024-01-13,med_surg
1,code_red_winter,20240113-intensive-0003,2024-01-13,intensive,2024-01-13 07:54:22,critical,1,False,False,,,icu
1,code_red_winter,20240113-non_elective_other-0002,2024-01-13,non_elective_other,2024-01-13 07:57:03,low,3,False,False,,,med_surg
1,code_red_winter,20240113-influenza-0005,2024-01-13,influenza,2024-01-13 08:03:02,medium,2,False,True,0,2024-01-13,med_surg
1,code_red_winter,20240113-covid_19-0004,2024-01-13,covid_19,2024-01-13 08:11:08,critical,1,False,False,,,med_surg
1,code_red_winter,20240113-non_elective_other-0003,2024-01-13,non_elective_other,2024-01-13 08:12:01,low,3,False,False,,,med_surg
1,code_red_winter,20240113-non_elective_other-0004,2024-01-13,non_elective_other,2024-01-13 08:17:20,high,3,False,False,,,med_surg
1,code_red_winter,20240113-non_elective_other-0005,2024-01-13,non_elective_other,2024-01-13 08:29:29,high,3,False,False,,,med_surg
1,code_red_winter,20240113-covid_19-0005,2024-01-13,covid_19,2024-01-13 08:33:55,critical,1,False,False,,,med_surg
1,code_red_winter,20240113-non_elective_other-0006,2024-01-13,non_elective_other,2024-01-13 08:40:09,low,3,False,False,,,med_surg
1,code_red_winter,20240113-non_elective_via_ed-0003,2024-01-13,non_elective_via_ed,2024-01-13 08:41:21,low,2,False,False,,,med_surg
1,code_red_winter,20240113-covid_19-0006,2024-01-13,covid_19,2024-01-13 08:42:27,low,2,False,True,0,2024-01-13,med_surg
1,code_red_winter,20240113-covid_19-0007,2024-01-13,covid_19,2024-01-13 08:49:05,high,2,False,True,0,2024-01-13,med_surg
1,code_red_winter,20240113-influenza-0006,2024-01-13,influenza,2024-01-13 08:50:59,medium,2,False,True,0,2024-01-13,med_surg
1,code_red_winter,20240113-influenza-0007,2024-01-13,influenza,2024-01-13 09:20:28,low,2,False,True,0,2024-01-13,med_surg
1,code_red_winter,20240113-influenza-0008,2024-01-13,influenza,2024-01-13 09:28:39,medium,2,False,True,0,2024-01-13,med_surg
1,code_red_winter,20240113-intensive-0004,2024-01-13,intensive,2024-01-13 09:32:41,critical,1,False,False,,,icu
1,code_red_winter,20240113-covid_19-0008,2024-01-13,covid_19,2024-01-13 09:33:36,high,2,False,True,0,2024-01-13,med_surg
1,code_red_winter,20240113-influenza-0009,2024-01-13,influenza,2024-01-13 09:39:17,low,2,False,True,0,2024-01-13,med_surg
1,code_red_winter,20240113-non_elective_other-0007,2024-01-13,non_elective_other,2024-01-13 09:47:00,high,3,False,False,,,med_surg
1,code_red_winter,20240113-intensive-0005,2024-01-13,intensive,2024-01-13 09:49:19,high,3,True,False,,,icu
1,code_red_winter,20240113-non_elective_via_ed-0004,2024-01-13,non_elective_via_ed,2024-01-13 10:15:20,high,2,False,False,,,med_surg
1,code_red_winter,20240113-intensive-0006,2024-01-13,intensive,2024-01-13 10:22:33,high,3,True,False,,,icu
1,code_red_winter,20240113-other_viral-0007,2024-01-13,other_viral,2024-01-13 10:23:05,critical,1,False,False,,,med_surg
1,code_red_winter,20240113-other_viral-0008,2024-01-13,other_viral,2024-01-13 10:25:10,low,2,False,True,0,2024-01-13,med_surg
1,code_red_winter,20240113-non_elective_via_ed-0005,2024-01-13,non_elective_via_ed,2024-01-13 10:26:46,medium,2,False,False,,,med_surg
1,code_red_winter,20240113-non_elective_other-0008,2024-01-13,non_elective_other,2024-01-13 10:38:25,low,3,False,False,,,med_surg
1,code_red_winter,20240113-non_elective_via_ed-0006,2024-01-13,non_elective_via_ed,2024-01-13 11:03:58,high,2,False,False,,,med_surg
1,code_red_winter,20240113-non_elective_via_ed-0007,2024-01-13,non_elective_via_ed,2024-01-13 11:10:18,low,2,False,False,,,med_surg
1,code_red_winter,20240113-covid_19-0009,2024-01-13,covid_19,2024-01-13 11:17:37,medium,2,False,True,0,2024-01-13,med_surg
1,code_red_winter,20240113-intensive-0007,2024-01-13,intensive,2024-01-13 11:31:06,high,1,False,False,,,icu
1,code_red_winter,20240113-elective-0008,2024-01-13,elective,2024-01-13 11:34:59,medium,4,False,True,14,2024-01-27,med_surg
1,code_red_winter,20240113-covid_19-0010,2024-01-13,covid_19,2024-01-13 11:35:06,high,2,False,True,0,2024-01-13,med_surg
1,code_red_winter,20240113-other_viral-0009,2024-01-13,other_viral,2024-01-13 11:44:41,medium,2,False,True,0,2024-01-13,med_surg
1,code_red_winter,20240113-non_elective_via_ed-0008,2024-01-13,non_elective_via_ed,2024-01-13 11:53:28,low,2,False,False,,,med_surg
1,code_red_winter,20240113-covid_19-0011,2024-01-13,covid_19,2024-01-13 11:57:41,low,2,False,True,0,2024-01-13,med_surg
1,code_red_winter,20240113-other_viral-0010,2024-01-13,other_viral,2024-01-13 11:59:19,critical,1,False,False,,,med_surg
1,code_red_winter,20240113-intensive-0008,2024-01-13,intensive,2024-01-13 12:01:00,high,3,True,False,,,icu
1,code_red_winter,20240113-intensive-0009,2024-01-13,intensive,2024-01-13 12:03:22,critical,1,False,False,,,icu
1,code_red_winter,20240113-covid_19-0012,2024-01-13,covid_19,2024-01-13 12:04:17,medium,2,False,True,0,2024-01-13,med_surg
1,code_red_winter,20240113-non_elective_via_ed-0009,2024-01-13,non_elective_via_ed,2024-01-13 12:18:00,medium,2,False,False,,,med_surg
1,code_red_winter,20240113-delivery-0005,2024-01-13,delivery,2024-01-13 12:25:52,medium,3,True,False,,,labor_delivery
1,code_red_winter,20240113-influenza-0010,2024-01-13,influenza,2024-01-13 12:38:14,medium,2,False,True,0,2024-01-13,med_surg
1,code_red_winter,20240113-influenza-0011,2024-01-13,influenza,2024-01-13 12:46:06,medium,2,False,True,0,2024-01-13,med_surg
1,code_red_winter,20240113-non_elective_via_ed-0010,2024-01-13,non_elective_via_ed,2024-01-13 12:47:13,medium,2,False,False,,,med_surg
1,code_red_winter,20240113-intensive-0010,2024-01-13,intensive,2024-01-13 12:50:01,critical,1,False,False,,,icu
1,code_red_winter,20240113-non_elective_other-0009,2024-01-13,non_elective_other,2024-01-13 12:52:14,medium,3,False,False,,,med_surg
1,code_red_winter,20240113-intensive-0011,2024-01-13,intensive,2024-01-13 12:52:33,high,1,False,False,,,icu
1,code_red_winter,20240113-covid_19-0013,2024-01-13,covid_19,2024-01-13 13:01:51,low,2,False,True,0,2024-01-13,med_surg
1,code_red_winter,20240113-intensive-0012,2024-01-13,intensive,2024-01-13 13:12:42,critical,1,False,False,,,icu
1,code_red_winter,20240113-non_elective_other-0010,2024-01-13,non_elective_other,2024-01-13 13:18:37,low,3,False,False,,,med_surg
1,code_red_winter,20240113-covid_19-0014,2024-01-13,covid_19,2024-01-13 13:19:25,low,2,False,True,0,2024-01-13,med_surg
1,code_red_winter,20240113-covid_19-0015,2024-01-13,covid_19,2024-01-13 13:33:01,high,2,False,True,0,2024-01-13,med_surg
1,code_red_winter,20240113-intensive-0013,2024-01-13,intensive,2024-01-13 14:13:29,high,3,True,False,,,icu
1,code_red_winter,20240113-covid_19-0016,2024-01-13,covid_19,2024-01-13 14:16:29,high,2,False,True,0,2024-01-13,med_surg
1,code_red_winter,20240113-non_elective_other-0011,2024-01-13,non_elective_other,2024-01-13 14:27:25,high,3,False,False,,,med_surg
1,code_red_winter,20240113-non_elective_via_ed-0011,2024-01-13,non_elective_via_ed,2024-01-13 14:38:30,critical,1,False,False,,,med_surg
1,code_red_winter,20240113-elective-0009,2024-01-13,elective,2024-01-13 14:48:38,high,4,False,True,7,2024-01-20,med_surg
1,code_red_winter,20240113-other_viral-0011,2024-01-13,other_viral,2024-01-13 15:16:11,low,2,False,True,0,2024-01-13,med_surg
1,code_red_winter,20240113-delivery-0006,2024-01-13,delivery,2024-01-13 15:18:20,medium,1,False,False,,,labor_delivery
1,code_red_winter,20240113-influenza-0012,2024-01-13,influenza,2024-01-13 15:26:47,low,2,False,True,0,2024-01-13,med_surg
1,code_red_winter,20240113-influenza-0013,2024-01-13,influenza,2024-01-13 15:44:28,low,2,False,True,0,2024-01-13,med_surg
1,code_red_winter,20240113-elective-0010,2024-01-13,elective,2024-01-13 15:45:47,medium,4,False,True,14,2024-01-27,med_surg
1,code_red_winter,20240113-non_elective_other-0012,2024-01-13,non_elective_other,2024-01-13 15:54:37,high,3,False,False,,,med_surg
1,code_red_winter,20240113-non_elective_via_ed-0012,2024-01-13,non_elective_via_ed,2024-01-13 15:56:07,high,2,False,False,,,med_surg
1,code_red_winter,20240113-influenza-0014,2024-01-13,influenza,2024-01-13 16:01:43,high,2,False,True,0,2024-01-13,med_surg
1,code_red_winter,20240113-non_elective_other-0013,2024-01-13,non_elective_other,2024-01-13 16:10:40,medium,3,False,False,,,med_surg
1,code_red_winter,20240113-other_viral-0012,2024-01-13,other_viral,2024-01-13 16:12:37,critical,1,False,False,,,med_surg
1,code_red_winter,20240113-intensive-0014,2024-01-13,intensive,2024-01-13 16:13:05,critical,1,False,False,,,icu
1,code_red_winter,20240113-influenza-0015,2024-01-13,influenza,2024-01-13 16:20:27,critical,1,False,False,,,med_surg
1,code_red_winter,20240113-influenza-0016,2024-01-13,influenza,2024-01-13 17:05:17,medium,2,False,True,0,2024-01-13,med_surg
1,code_red_winter,20240113-influenza-0017,2024-01-13,influenza,2024-01-13 17:17:50,medium,2,False,True,0,2024-01-13,med_surg
1,code_red_winter,20240113-non_elective_other-0014,2024-01-13,non_elective_other,2024-01-13 17:21:33,high,3,False,False,,,med_surg
1,code_red_winter,20240113-intensive-0015,2024-01-13,intensive,2024-01-13 17:22:04,high,1,False,False,,,icu
1,code_red_winter,20240113-elective-0011,2024-01-13,elective,2024-01-13 17:23:09,high,4,False,True,7,2024-01-20,med_surg
1,code_red_winter,20240113-other_viral-0013,2024-01-13,other_viral,2024-01-13 17:37:50,low,2,False,True,0,2024-01-13,med_surg
1,code_red_winter,20240113-non_elective_via_ed-0013,2024-01-13,non_elective_via_ed,2024-01-13 18:10:43,high,2,False,False,,,med_surg
1,code_red_winter,20240113-covid_19-0017,2024-01-13,covid_19,2024-01-13 18:44:36,medium,2,False,True,0,2024-01-13,med_surg
1,code_red_winter,20240113-intensive-0016,2024-01-13,intensive,2024-01-13 18:48:14,critical,1,False,False,,,icu
1,code_red_winter,20240113-non_elective_other-0015,2024-01-13,non_elective_other,2024-01-13 19:53:37,low,3,False,False,,,med_surg
1,code_red_winter,20240113-other_viral-0014,2024-01-13,other_viral,2024-01-13 19:59:24,low,2,False,True,0,2024-01-13,med_surg
1,code_red_winter,20240113-non_elective_other-0016,2024-01-13,non_elective_other,2024-01-13 20:13:32,critical,1,False,False,,,med_surg
1,code_red_winter,20240113-elective-0012,2024-01-13,elective,2024-01-13 20:16:50,low,4,False,True,30,2024-02-12,med_surg
1,code_red_winter,20240113-influenza-0018,2024-01-13,influenza,2024-01-13 21:30:35,medium,2,False,True,0,2024-01-13,med_surg
1,code_red_winter,20240113-elective-0013,2024-01-13,elective,2024-01-13 21:38:43,high,4,False,True,7,2024-01-20,med_surg
1,code_red_winter,20240113-influenza-0019,2024-01-13,influenza,2024-01-13 23:14:12,high,2,False,True,0,2024-01-13,med_surg
1,code_red_winter,20240113-non_elective_via_ed-0014,2024-01-13,non_elective_via_ed,2024-01-13 23:21:28,critical,1,False,False,,,med_surg
1,code_red_winter,20240113-non_elective_via_ed-0015,2024-01-13,non_elective_via_ed,2024-01-13 23:26:33,critical,1,False,False,,,med_surg
1,code_red_winter,20240114-delivery-0001,2024-01-14,delivery,2024-01-14 00:01:34,high,1,False,False,,,labor_delivery
1,code_red_winter,20240114-non_elective_via_ed-0001,2024-01-14,non_elective_via_ed,2024-01-14 00:25:54,critical,1,False,False,,,med_surg
1,code_red_winter,20240114-intensive-0001,2024-01-14,intensive,2024-01-14 00:29:00,critical,1,False,False,,,icu
1,code_red_winter,20240114-non_elective_other-0001,2024-01-14,non_elective_other,2024-01-14 00:32:39,medium,3,False,False,,,med_surg
1,code_red_winter,20240114-non_elective_via_ed-0002,2024-01-14,non_elective_via_ed,2024-01-14 00:36:40,low,2,False,False,,,med_surg
1,code_red_winter,20240114-non_elective_via_ed-0003,2024-01-14,non_elective_via_ed,2024-01-14 00:49:26,low,2,False,False,,,med_surg
1,code_red_winter,20240114-non_elective_via_ed-0004,2024-01-14,non_elective_via_ed,2024-01-14 01:35:36,low,2,False,False,,,med_surg
1,code_red_winter,20240114-delivery-0002,2024-01-14,delivery,2024-01-14 01:52:04,low,1,False,False,,,labor_delivery
1,code_red_winter,20240114-other_viral-0001,2024-01-14,other_viral,2024-01-14 01:53:58,low,2,False,True,0,2024-01-14,med_surg
1,code_red_winter,20240114-non_elective_via_ed-0005,2024-01-14,non_elective_via_ed,2024-01-14 01:55:13,critical,1,False,False,,,med_surg
1,code_red_winter,20240114-intensive-0002,2024-01-14,intensive,2024-01-14 02:05:18,high,1,False,False,,,icu
1,code_red_winter,20240114-intensive-0003,2024-01-14,intensive,2024-01-14 02:16:43,critical,1,False,False,,,icu
1,code_red_winter,20240114-other_viral-0002,2024-01-14,other_viral,2024-01-14 02:39:52,low,2,False,True,0,2024-01-14,med_surg
1,code_red_winter,20240114-elective-0001,2024-01-14,elective,2024-01-14 02:42:16,high,4,False,True,7,2024-01-21,med_surg
1,code_red_winter,20240114-influenza-0001,2024-01-14,influenza,2024-01-14 02:46:56,critical,1,False,False,,,med_surg
1,code_red_winter,20240114-non_elective_other-0002,2024-01-14,non_elective_other,2024-01-14 02:57:00,critical,1,False,False,,,med_surg
1,code_red_winter,20240114-delivery-0003,2024-01-14,delivery,2024-01-14 02:58:29,medium,1,False,False,,,labor_delivery
1,code_red_winter,20240114-other_viral-0003,2024-01-14,other_viral,2024-01-14 02:59:37,high,2,False,True,0,2024-01-14,med_surg
1,code_red_winter,20240114-intensive-0004,2024-01-14,intensive,2024-01-14 03:23:20,critical,1,False,False,,,icu
1,code_red_winter,20240114-non_elective_other-0003,2024-01-14,non_elective_other,2024-01-14 03:23:58,medium,3,False,False,,,med_surg
1,code_red_winter,20240114-influenza-0002,2024-01-14,influenza,2024-01-14 03:29:17,medium,2,False,True,0,2024-01-14,med_surg
1,code_red_winter,20240114-non_elective_via_ed-0006,2024-01-14,non_elective_via_ed,2024-01-14 03:49:53,critical,1,False,False,,,med_surg
1,code_red_winter,20240114-influenza-0003,2024-01-14,influenza,2024-01-14 04:04:12,low,2,False,True,0,2024-01-14,med_surg
1,code_red_winter,20240114-influenza-0004,2024-01-14,influenza,2024-01-14 04:27:16,high,2,False,True,0,2024-01-14,med_surg
1,code_red_winter,20240114-covid_19-0001,2024-01-14,covid_19,2024-01-14 04:37:54,low,2,False,True,0,2024-01-14,med_surg
1,code_red_winter,20240114-other_viral-0004,2024-01-14,other_viral,2024-01-14 04:44:03,high,2,False,True,0,2024-01-14,med_surg
1,code_red_winter,20240114-covid_19-0002,2024-01-14,covid_19,2024-01-14 04:52:41,critical,1,False,False,,,med_surg
1,code_red_winter,20240114-delivery-0004,2024-01-14,delivery,2024-01-14 04:57:08,medium,1,False,False,,,labor_delivery
1,code_red_winter,20240114-influenza-0005,2024-01-14,influenza,2024-01-14 05:00:09,high,2,False,True,0,2024-01-14,med_surg
1,code_red_winter,20240114-influenza-0006,2024-01-14,influenza,2024-01-14 05:06:39,critical,1,False,False,,,med_surg
1,code_red_winter,20240114-delivery-0005,2024-01-14,delivery,2024-01-14 05:17:19,critical,1,False,False,,,labor_delivery
1,code_red_winter,20240114-intensive-0005,2024-01-14,intensive,2024-01-14 05:54:06,high,3,True,False,,,icu
1,code_red_winter,20240114-intensive-0006,2024-01-14,intensive,2024-01-14 06:09:13,high,1,False,False,,,icu
1,code_red_winter,20240114-intensive-0007,2024-01-14,intensive,2024-01-14 06:09:56,high,1,False,False,,,icu
1,code_red_winter,20240114-non_elective_other-0004,2024-01-14,non_elective_other,2024-01-14 06:18:59,critical,1,False,False,,,med_surg
1,code_red_winter,20240114-non_elective_via_ed-0007,2024-01-14,non_elective_via_ed,2024-01-14 06:52:50,critical,1,False,False,,,med_surg
1,code_red_winter,20240114-covid_19-0003,2024-01-14,covid_19,2024-01-14 06:54:54,medium,2,False,True,0,2024-01-14,med_surg
1,code_red_winter,20240114-non_elective_other-0005,2024-01-14,non_elective_other,2024-01-14 07:22:25,medium,3,False,False,,,med_surg
1,code_red_winter,20240114-covid_19-0004,2024-01-14,covid_19,2024-01-14 07:22:26,high,2,False,True,0,2024-01-14,med_surg
1,code_red_winter,20240114-elective-0002,2024-01-14,elective,2024-01-14 07:23:47,low,4,False,True,30,2024-02-13,med_surg
1,code_red_winter,20240114-other_viral-0005,2024-01-14,other_viral,2024-01-14 07:24:00,medium,2,False,True,0,2024-01-14,med_surg
1,code_red_winter,20240114-covid_19-0005,2024-01-14,covid_19,2024-01-14 07:31:36,high,2,False,True,0,2024-01-14,med_surg
1,code_red_winter,20240114-intensive-0008,2024-01-14,intensive,2024-01-14 07:34:49,critical,1,False,False,,,icu
1,code_red_winter,20240114-influenza-0007,2024-01-14,influenza,2024-01-14 07:52:52,medium,2,False,True,0,2024-01-14,med_surg
1,code_red_winter,20240114-influenza-0008,2024-01-14,influenza,2024-01-14 07:59:33,high,2,False,True,0,2024-01-14,med_surg
1,code_red_winter,20240114-covid_19-0006,2024-01-14,covid_19,2024-01-14 08:00:00,low,2,False,True,0,2024-01-14,med_surg
1,code_red_winter,20240114-non_elective_via_ed-0008,2024-01-14,non_elective_via_ed,2024-01-14 08:06:02,medium,2,False,False,,,med_surg
1,code_red_winter,20240114-influenza-0009,2024-01-14,influenza,2024-01-14 08:06:07,low,2,False,True,0,2024-01-14,med_surg
1,code_red_winter,20240114-non_elective_other-0006,2024-01-14,non_elective_other,2024-01-14 08:10:52,low,3,False,False,,,med_surg
1,code_red_winter,20240114-intensive-0009,2024-01-14,intensive,2024-01-14 08:25:28,critical,1,False,False,,,icu
1,code_red_winter,20240114-influenza-0010,2024-01-14,influenza,2024-01-14 08:48:37,medium,2,False,True,0,2024-01-14,med_surg
1,code_red_winter,20240114-elective-0003,2024-01-14,elective,2024-01-14 08:49:16,medium,4,False,True,14,2024-01-28,med_surg
1,code_red_winter,20240114-non_elective_via_ed-0009,2024-01-14,non_elective_via_ed,2024-01-14 08:49:17,medium,2,False,False,,,med_surg
1,code_red_winter,20240114-other_viral-0006,2024-01-14,other_viral,2024-01-14 08:55:27,high,2,False,True,0,2024-01-14,med_surg
1,code_red_winter,20240114-influenza-0011,2024-01-14,influenza,2024-01-14 09:08:51,low,2,False,True,0,2024-01-14,med_surg
1,code_red_winter,20240114-covid_19-0007,2024-01-14,covid_19,2024-01-14 09:13:02,critical,1,False,False,,,med_surg
1,code_red_winter,20240114-elective-0004,2024-01-14,elective,2024-01-14 09:21:15,low,4,False,True,30,2024-02-13,med_surg
1,code_red_winter,20240114-delivery-0006,2024-01-14,delivery,2024-01-14 09:22:02,low,1,False,False,,,labor_delivery
1,code_red_winter,20240114-other_viral-0007,2024-01-14,other_viral,2024-01-14 09:33:44,high,2,False,True,0,2024-01-14,med_surg
1,code_red_winter,20240114-elective-0005,2024-01-14,elective,2024-01-14 09:34:58,high,4,False,True,7,2024-01-21,med_surg
1,code_red_winter,20240114-other_viral-0008,2024-01-14,other_viral,2024-01-14 09:53:59,medium,2,False,True,0,2024-01-14,med_surg
1,code_red_winter,20240114-non_elective_other-0007,2024-01-14,non_elective_other,2024-01-14 09:57:07,critical,1,False,False,,,med_surg
1,code_red_winter,20240114-other_viral-0009,2024-01-14,other_viral,2024-01-14 09:59:14,high,2,False,True,0,2024-01-14,med_surg
1,code_red_winter,20240114-covid_19-0008,2024-01-14,covid_19,2024-01-14 10:02:32,medium,2,False,True,0,2024-01-14,med_surg
1,code_red_winter,20240114-non_elective_via_ed-0010,2024-01-14,non_elective_via_ed,2024-01-14 10:02:43,critical,1,False,False,,,med_surg
1,code_red_winter,20240114-non_elective_via_ed-0011,2024-01-14,non_elective_via_ed,2024-01-14 10:07:34,critical,1,False,False,,,med_surg
1,code_red_winter,20240114-intensive-0010,2024-01-14,intensive,2024-01-14 10:45:05,critical,1,False,False,,,icu
1,code_red_winter,20240114-delivery-0007,2024-01-14,delivery,2024-01-14 10:50:57,low,3,True,False,,,labor_delivery
1,code_red_winter,20240114-non_elective_other-0008,2024-01-14,non_elective_other,2024-01-14 10:53:18,medium,3,False,False,,,med_surg
1,code_red_winter,20240114-influenza-0012,2024-01-14,influenza,2024-01-14 11:02:39,low,2,False,True,0,2024-01-14,med_surg
1,code_red_winter,20240114-delivery-0008,2024-01-14,delivery,2024-01-14 11:04:11,low,1,False,False,,,labor_delivery
1,code_red_winter,20240114-non_elective_other-0009,2024-01-14,non_elective_other,2024-01-14 11:04:57,medium,3,False,False,,,med_surg
1,code_red_winter,20240114-delivery-0009,2024-01-14,delivery,2024-01-14 11:05:03,high,1,False,False,,,labor_delivery
1,code_red_winter,20240114-delivery-0010,2024-01-14,delivery,2024-01-14 11:06:18,high,1,False,False,,,labor_delivery
1,code_red_winter,20240114-covid_19-0009,2024-01-14,covid_19,2024-01-14 11:06:40,high,2,False,True,0,2024-01-14,med_surg
1,code_red_winter,20240114-intensive-0011,2024-01-14,intensive,2024-01-14 11:08:47,high,3,True,False,,,icu
1,code_red_winter,20240114-other_viral-0010,2024-01-14,other_viral,2024-01-14 11:21:18,medium,2,False,True,0,2024-01-14,med_surg
1,code_red_winter,20240114-elective-0006,2024-01-14,elective,2024-01-14 11:24:17,high,4,False,True,7,2024-01-21,med_surg
1,code_red_winter,20240114-other_viral-0011,2024-01-14,other_viral,2024-01-14 11:34:14,low,2,False,True,0,2024-01-14,med_surg
1,code_red_winter,20240114-elective-0007,2024-01-14,elective,2024-01-14 11:34:55,medium,4,False,True,14,2024-01-28,med_surg
1,code_red_winter,20240114-elective-0008,2024-01-14,elective,2024-01-14 11:35:22,high,4,False,True,7,2024-01-21,med_surg
1,code_red_winter,20240114-non_elective_via_ed-0012,2024-01-14,non_elective_via_ed,2024-01-14 11:50:25,medium,2,False,False,,,med_surg
1,code_red_winter,20240114-elective-0009,2024-01-14,elective,2024-01-14 11:56:13,high,4,False,True,7,2024-01-21,med_surg
1,code_red_winter,20240114-delivery-0011,2024-01-14,delivery,2024-01-14 12:02:58,medium,1,False,False,,,labor_delivery
1,code_red_winter,20240114-influenza-0013,2024-01-14,influenza,2024-01-14 12:04:07,medium,2,False,True,0,2024-01-14,med_surg
1,code_red_winter,20240114-other_viral-0012,2024-01-14,other_viral,2024-01-14 12:12:34,low,2,False,True,0,2024-01-14,med_surg
1,code_red_winter,20240114-elective-0010,2024-01-14,elective,2024-01-14 12:17:34,medium,4,False,True,14,2024-01-28,med_surg
1,code_red_winter,20240114-non_elective_via_ed-0013,2024-01-14,non_elective_via_ed,2024-01-14 12:17:56,medium,2,False,False,,,med_surg
1,code_red_winter,20240114-elective-0011,2024-01-14,elective,2024-01-14 12:23:56,medium,4,False,True,14,2024-01-28,med_surg
1,code_red_winter,20240114-other_viral-0013,2024-01-14,other_viral,2024-01-14 12:25:31,high,2,False,True,0,2024-01-14,med_surg
1,code_red_winter,20240114-elective-0012,2024-01-14,elective,2024-01-14 12:30:44,medium,4,False,True,14,2024-01-28,med_surg
1,code_red_winter,20240114-covid_19-0010,2024-01-14,covid_19,2024-01-14 12:41:52,medium,2,False,True,0,2024-01-14,med_surg
1,code_red_winter,20240114-influenza-0014,2024-01-14,influenza,2024-01-14 12:51:36,high,2,False,True,0,2024-01-14,med_surg
1,code_red_winter,20240114-elective-0013,2024-01-14,elective,2024-01-14 12:51:40,low,4,False,True,30,2024-02-13,med_surg
1,code_red_winter,20240114-other_viral-0014,2024-01-14,other_viral,2024-01-14 12:56:37,low,2,False,True,0,2024-01-14,med_surg
1,code_red_winter,20240114-other_viral-0015,2024-01-14,other_viral,2024-01-14 13:02:38,medium,2,False,True,0,2024-01-14,med_surg
1,code_red_winter,20240114-covid_19-0011,2024-01-14,covid_19,2024-01-14 13:14:56,critical,1,False,False,,,med_surg
1,code_red_winter,20240114-intensive-0012,2024-01-14,intensive,2024-01-14 13:19:04,high,3,True,False,,,icu
1,code_red_winter,20240114-non_elective_via_ed-0014,2024-01-14,non_elective_via_ed,2024-01-14 13:21:38,medium,2,False,False,,,med_surg
1,code_red_winter,20240114-other_viral-0016,2024-01-14,other_viral,2024-01-14 13:24:16,critical,1,False,False,,,med_surg
1,code_red_winter,20240114-other_viral-0017,2024-01-14,other_viral,2024-01-14 13:27:31,low,2,False,True,0,2024-01-14,med_surg
1,code_red_winter,20240114-influenza-0015,2024-01-14,influenza,2024-01-14 13:53:39,medium,2,False,True,0,2024-01-14,med_surg
1,code_red_winter,20240114-non_elective_other-0010,2024-01-14,non_elective_other,2024-01-14 14:17:56,low,3,False,False,,,med_surg
1,code_red_winter,20240114-influenza-0016,2024-01-14,influenza,2024-01-14 14:30:25,low,2,False,True,0,2024-01-14,med_surg
1,code_red_winter,20240114-other_viral-0018,2024-01-14,other_viral,2024-01-14 14:33:04,medium,2,False,True,0,2024-01-14,med_surg
1,code_red_winter,20240114-covid_19-0012,2024-01-14,covid_19,2024-01-14 14:39:59,critical,1,False,False,,,med_surg
1,code_red_winter,20240114-other_viral-0019,2024-01-14,other_viral,2024-01-14 14:54:29,high,2,False,True,0,2024-01-14,med_surg
1,code_red_winter,20240114-non_elective_other-0011,2024-01-14,non_elective_other,2024-01-14 15:12:02,high,3,False,False,,,med_surg
1,code_red_winter,20240114-other_viral-0020,2024-01-14,other_viral,2024-01-14 15:20:51,low,2,False,True,0,2024-01-14,med_surg
1,code_red_winter,20240114-other_viral-0021,2024-01-14,other_viral,2024-01-14 15:26:21,low,2,False,True,0,2024-01-14,med_surg
1,code_red_winter,20240114-non_elective_other-0012,2024-01-14,non_elective_other,2024-01-14 15:26:49,low,3,False,False,,,med_surg
1,code_red_winter,20240114-non_elective_other-0013,2024-01-14,non_elective_other,2024-01-14 15:27:28,high,3,False,False,,,med_surg
1,code_red_winter,20240114-elective-0014,2024-01-14,elective,2024-01-14 15:38:28,low,4,False,True,30,2024-02-13,med_surg
1,code_red_winter,20240114-other_viral-0022,2024-01-14,other_viral,2024-01-14 15:47:17,low,2,False,True,0,2024-01-14,med_surg
1,code_red_winter,20240114-elective-0015,2024-01-14,elective,2024-01-14 15:52:56,high,4,False,True,7,2024-01-21,med_surg
1,code_red_winter,20240114-other_viral-0023,2024-01-14,other_viral,2024-01-14 17:16:43,high,2,False,True,0,2024-01-14,med_surg
1,code_red_winter,20240114-non_elective_other-0014,2024-01-14,non_elective_other,2024-01-14 17:19:37,low,3,False,False,,,med_surg
1,code_red_winter,20240114-other_viral-0024,2024-01-14,other_viral,2024-01-14 17:51:24,medium,2,False,True,0,2024-01-14,med_surg
1,code_red_winter,20240114-non_elective_via_ed-0015,2024-01-14,non_elective_via_ed,2024-01-14 17:59:26,critical,1,False,False,,,med_surg
1,code_red_winter,20240114-influenza-0017,2024-01-14,influenza,2024-01-14 18:31:50,critical,1,False,False,,,med_surg
1,code_red_winter,20240114-delivery-0012,2024-01-14,delivery,2024-01-14 19:26:55,critical,1,False,False,,,labor_delivery
1,code_red_winter,20240114-covid_19-0013,2024-01-14,covid_19,2024-01-14 19:46:41,low,2,False,True,0,2024-01-14,med_surg
1,code_red_winter,20240114-delivery-0013,2024-01-14,delivery,2024-01-14 19:53:39,high,1,False,False,,,labor_delivery
1,code_red_winter,20240114-covid_19-0014,2024-01-14,covid_19,2024-01-14 21:36:20,medium,2,False,True,0,2024-01-14,med_surg
1,code_red_winter,20240114-non_elective_other-0015,2024-01-14,non_elective_other,2024-01-14 21:36:45,medium,3,False,False,,,med_surg
1,code_red_winter,20240114-intensive-0013,2024-01-14,intensive,2024-01-14 21:46:19,high,3,True,False,,,icu
1,code_red_winter,20240114-elective-0016,2024-01-14,elective,2024-01-14 23:28:24,medium,4,False,True,14,2024-01-28,med_surg
1,baseline_spring,20240506-non_elective_via_ed-0001,2024-05-06,non_elective_via_ed,2024-05-06 00:23:37,critical,1,False,False,,,med_surg
1,baseline_spring,20240506-elective-0001,2024-05-06,elective,2024-05-06 00:36:05,high,4,False,True,7,2024-05-13,med_surg
1,baseline_spring,20240506-delivery-0001,2024-05-06,delivery,2024-05-06 00:36:56,medium,1,False,False,,,labor_delivery
1,baseline_spring,20240506-influenza-0001,2024-05-06,influenza,2024-05-06 00:44:40,high,2,False,True,0,2024-05-06,med_surg
1,baseline_spring,20240506-non_elective_via_ed-0002,2024-05-06,non_elective_via_ed,2024-05-06 01:01:13,medium,2,False,False,,,med_surg
1,baseline_spring,20240506-non_elective_via_ed-0003,2024-05-06,non_elective_via_ed,2024-05-06 01:18:40,high,2,False,False,,,med_surg
1,baseline_spring,20240506-non_elective_via_ed-0004,2024-05-06,non_elective_via_ed,2024-05-06 01:51:52,low,2,False,False,,,med_surg
1,baseline_spring,20240506-intensive-0001,2024-05-06,intensive,2024-05-06 02:22:24,critical,1,False,False,,,icu
1,baseline_spring,20240506-delivery-0002,2024-05-06,delivery,2024-05-06 02:45:36,critical,1,False,False,,,labor_delivery
1,baseline_spring,20240506-non_elective_via_ed-0005,2024-05-06,non_elective_via_ed,2024-05-06 02:49:54,low,2,False,False,,,med_surg
1,baseline_spring,20240506-influenza-0002,2024-05-06,influenza,2024-05-06 03:32:25,high,2,False,True,0,2024-05-06,med_surg
1,baseline_spring,20240506-covid_19-0001,2024-05-06,covid_19,2024-05-06 03:46:07,medium,2,False,True,0,2024-05-06,med_surg
1,baseline_spring,20240506-non_elective_via_ed-0006,2024-05-06,non_elective_via_ed,2024-05-06 03:51:35,low,2,False,False,,,med_surg
1,baseline_spring,20240506-delivery-0003,2024-05-06,delivery,2024-05-06 04:06:51,low,1,False,False,,,labor_delivery
1,baseline_spring,20240506-non_elective_other-0001,2024-05-06,non_elective_other,2024-05-06 04:07:05,low,3,False,False,,,med_surg
1,baseline_spring,20240506-elective-0002,2024-05-06,elective,2024-05-06 04:08:05,low,4,False,True,30,2024-06-05,med_surg
1,baseline_spring,20240506-non_elective_other-0002,2024-05-06,non_elective_other,2024-05-06 04:08:35,medium,3,False,False,,,med_surg
1,baseline_spring,20240506-non_elective_via_ed-0007,2024-05-06,non_elective_via_ed,2024-05-06 04:13:09,critical,1,False,False,,,med_surg
1,baseline_spring,20240506-influenza-0003,2024-05-06,influenza,2024-05-06 04:28:23,low,2,False,True,0,2024-05-06,med_surg
1,baseline_spring,20240506-elective-0003,2024-05-06,elective,2024-05-06 04:33:53,medium,4,False,True,14,2024-05-20,med_surg
1,baseline_spring,20240506-elective-0004,2024-05-06,elective,2024-05-06 04:42:22,high,4,False,True,7,2024-05-13,med_surg
1,baseline_spring,20240506-other_viral-0001,2024-05-06,other_viral,2024-05-06 04:51:25,low,2,False,True,0,2024-05-06,med_surg
1,baseline_spring,20240506-non_elective_other-0003,2024-05-06,non_elective_other,2024-05-06 04:55:56,critical,1,False,False,,,med_surg
1,baseline_spring,20240506-other_viral-0002,2024-05-06,other_viral,2024-05-06 05:24:32,medium,2,False,True,0,2024-05-06,med_surg
1,baseline_spring,20240506-delivery-0004,2024-05-06,delivery,2024-05-06 05:37:49,high,1,False,False,,,labor_delivery
1,baseline_spring,20240506-influenza-0004,2024-05-06,influenza,2024-05-06 06:07:54,high,2,False,True,0,2024-05-06,med_surg
1,baseline_spring,20240506-influenza-0005,2024-05-06,influenza,2024-05-06 06:18:36,critical,1,False,False,,,med_surg
1,baseline_spring,20240506-elective-0005,2024-05-06,elective,2024-05-06 06:30:21,high,4,False,True,7,2024-05-13,med_surg
1,baseline_spring,20240506-non_elective_via_ed-0008,2024-05-06,non_elective_via_ed,2024-05-06 06:33:17,low,2,False,False,,,med_surg
1,baseline_spring,20240506-delivery-0005,2024-05-06,delivery,2024-05-06 06:44:24,low,1,False,False,,,labor_delivery
1,baseline_spring,20240506-other_viral-0003,2024-05-06,other_viral,2024-05-06 07:03:01,low,2,False,True,0,2024-05-06,med_surg
1,baseline_spring,20240506-delivery-0006,2024-05-06,delivery,2024-05-06 07:11:22,critical,1,False,False,,,labor_delivery
1,baseline_spring,20240506-elective-0006,2024-05-06,elective,2024-05-06 07:31:34,low,4,False,True,30,2024-06-05,med_surg
1,baseline_spring,20240506-intensive-0002,2024-05-06,intensive,2024-05-06 07:32:35,critical,1,False,False,,,icu
1,baseline_spring,20240506-intensive-0003,2024-05-06,intensive,2024-05-06 07:36:41,critical,1,False,False,,,icu
1,baseline_spring,20240506-elective-0007,2024-05-06,elective,2024-05-06 07:37:51,medium,4,False,True,14,2024-05-20,med_surg
1,baseline_spring,20240506-other_viral-0004,2024-05-06,other_viral,2024-05-06 07:54:08,medium,2,False,True,0,2024-05-06,med_surg
1,baseline_spring,20240506-non_elective_other-0004,2024-05-06,non_elective_other,2024-05-06 07:57:34,high,3,False,False,,,med_surg
1,baseline_spring,20240506-influenza-0006,2024-05-06,influenza,2024-05-06 08:07:03,medium,2,False,True,0,2024-05-06,med_surg
1,baseline_spring,20240506-covid_19-0002,2024-05-06,covid_19,2024-05-06 08:19:28,critical,1,False,False,,,med_surg
1,baseline_spring,20240506-covid_19-0003,2024-05-06,covid_19,2024-05-06 08:21:50,low,2,False,True,0,2024-05-06,med_surg
1,baseline_spring,20240506-other_viral-0005,2024-05-06,other_viral,2024-05-06 08:32:21,high,2,False,True,0,2024-05-06,med_surg
1,baseline_spring,20240506-non_elective_other-0005,2024-05-06,non_elective_other,2024-05-06 08:51:40,low,3,False,False,,,med_surg
1,baseline_spring,20240506-covid_19-0004,2024-05-06,covid_19,2024-05-06 09:04:46,high,2,False,True,0,2024-05-06,med_surg
1,baseline_spring,20240506-other_viral-0006,2024-05-06,other_viral,2024-05-06 09:08:24,low,2,False,True,0,2024-05-06,med_surg
1,baseline_spring,20240506-influenza-0007,2024-05-06,influenza,2024-05-06 09:08:49,high,2,False,True,0,2024-05-06,med_surg
1,baseline_spring,20240506-delivery-0007,2024-05-06,delivery,2024-05-06 09:21:09,low,1,False,False,,,labor_delivery
1,baseline_spring,20240506-influenza-0008,2024-05-06,influenza,2024-05-06 09:28:37,low,2,False,True,0,2024-05-06,med_surg
1,baseline_spring,20240506-influenza-0009,2024-05-06,influenza,2024-05-06 09:34:35,low,2,False,True,0,2024-05-06,med_surg
1,baseline_spring,20240506-intensive-0004,2024-05-06,intensive,2024-05-06 09:35:06,critical,1,False,False,,,icu
1,baseline_spring,20240506-influenza-0010,2024-05-06,influenza,2024-05-06 09:43:08,high,2,False,True,0,2024-05-06,med_surg
1,baseline_spring,20240506-non_elective_via_ed-0009,2024-05-06,non_elective_via_ed,2024-05-06 09:50:06,medium,2,False,False,,,med_surg
1,baseline_spring,20240506-elective-0008,2024-05-06,elective,2024-05-06 09:53:40,high,4,False,True,7,2024-05-13,med_surg
1,baseline_spring,20240506-intensive-0005,2024-05-06,intensive,2024-05-06 10:04:51,high,3,True,False,,,icu
1,baseline_spring,20240506-other_viral-0007,2024-05-06,other_viral,2024-05-06 10:08:52,high,2,False,True,0,2024-05-06,med_surg
1,baseline_spring,20240506-covid_19-0005,2024-05-06,covid_19,2024-05-06 10:26:36,low,2,False,True,0,2024-05-06,med_surg
1,baseline_spring,20240506-other_viral-0008,2024-05-06,other_viral,2024-05-06 10:27:50,high,2,False,True,0,2024-05-06,med_surg
1,baseline_spring,20240506-influenza-0011,2024-05-06,influenza,2024-05-06 10:38:53,critical,1,False,False,,,med_surg
1,baseline_spring,20240506-delivery-0008,2024-05-06,delivery,2024-05-06 10:53:16,high,1,False,False,,,labor_delivery
1,baseline_spring,20240506-non_elective_via_ed-0010,2024-05-06,non_elective_via_ed,2024-05-06 10:58:58,critical,1,False,False,,,med_surg
1,baseline_spring,20240506-non_elective_via_ed-0011,2024-05-06,non_elective_via_ed,2024-05-06 11:05:23,critical,1,False,False,,,med_surg
1,baseline_spring,20240506-influenza-0012,2024-05-06,influenza,2024-05-06 11:22:54,medium,2,False,True,0,2024-05-06,med_surg
1,baseline_spring,20240506-covid_19-0006,2024-05-06,covid_19,2024-05-06 11:27:42,low,2,False,True,0,2024-05-06,med_surg
1,baseline_spring,20240506-delivery-0009,2024-05-06,delivery,2024-05-06 11:46:20,low,3,True,False,,,labor_delivery
1,baseline_spring,20240506-other_viral-0009,2024-05-06,other_viral,2024-05-06 11:49:27,low,2,False,True,0,2024-05-06,med_surg
1,baseline_spring,20240506-influenza-0013,2024-05-06,influenza,2024-05-06 11:50:52,low,2,False,True,0,2024-05-06,med_surg
1,baseline_spring,20240506-intensive-0006,2024-05-06,intensive,2024-05-06 11:57:07,critical,1,False,False,,,icu
1,baseline_spring,20240506-influenza-0014,2024-05-06,influenza,2024-05-06 12:03:24,high,2,False,True,0,2024-05-06,med_surg
1,baseline_spring,20240506-non_elective_via_ed-0012,2024-05-06,non_elective_via_ed,2024-05-06 12:06:06,high,2,False,False,,,med_surg
1,baseline_spring,20240506-non_elective_via_ed-0013,2024-05-06,non_elective_via_ed,2024-05-06 12:16:54,medium,2,False,False,,,med_surg
1,baseline_spring,20240506-influenza-0015,2024-05-06,influenza,2024-05-06 12:17:59,medium,2,False,True,0,2024-05-06,med_surg
1,baseline_spring,20240506-intensive-0007,2024-05-06,intensive,2024-05-06 12:45:42,high,3,True,False,,,icu
1,baseline_spring,20240506-delivery-0010,2024-05-06,delivery,2024-05-06 12:45:52,low,1,False,False,,,labor_delivery
1,baseline_spring,20240506-influenza-0016,2024-05-06,influenza,2024-05-06 12:53:28,medium,2,False,True,0,2024-05-06,med_surg
1,baseline_spring,20240506-other_viral-0010,2024-05-06,other_viral,2024-05-06 12:55:01,medium,2,False,True,0,2024-05-06,med_surg
1,baseline_spring,20240506-influenza-0017,2024-05-06,influenza,2024-05-06 13:12:25,low,2,False,True,0,2024-05-06,med_surg
1,baseline_spring,20240506-covid_19-0007,2024-05-06,covid_19,2024-05-06 13:39:16,medium,2,False,True,0,2024-05-06,med_surg
1,baseline_spring,20240506-non_elective_other-0006,2024-05-06,non_elective_other,2024-05-06 13:45:39,critical,1,False,False,,,med_surg
1,baseline_spring,20240506-covid_19-0008,2024-05-06,covid_19,2024-05-06 13:58:35,low,2,False,True,0,2024-05-06,med_surg
1,baseline_spring,20240506-non_elective_other-0007,2024-05-06,non_elective_other,2024-05-06 14:34:26,low,3,False,False,,,med_surg
1,baseline_spring,20240506-non_elective_via_ed-0014,2024-05-06,non_elective_via_ed,2024-05-06 14:44:00,low,2,False,False,,,med_surg
1,baseline_spring,20240506-other_viral-0011,2024-05-06,other_viral,2024-05-06 15:16:15,medium,2,False,True,0,2024-05-06,med_surg
1,baseline_spring,20240506-other_viral-0012,2024-05-06,other_viral,2024-05-06 15:46:36,critical,1,False,False,,,med_surg
1,baseline_spring,20240506-non_elective_via_ed-0015,2024-05-06,non_elective_via_ed,2024-05-06 15:47:27,low,2,False,False,,,med_surg
1,baseline_spring,20240506-influenza-0018,2024-05-06,influenza,2024-05-06 15:51:24,critical,1,False,False,,,med_surg
1,baseline_spring,20240506-delivery-0011,2024-05-06,delivery,2024-05-06 16:03:17,critical,1,False,False,,,labor_delivery
1,baseline_spring,20240506-covid_19-0009,2024-05-06,covid_19,2024-05-06 16:06:57,medium,2,False,True,0,2024-05-06,med_surg
1,baseline_spring,20240506-intensive-0008,2024-05-06,intensive,2024-05-06 16:30:20,high,3,True,False,,,icu
1,baseline_spring,20240506-influenza-0019,2024-05-06,influenza,2024-05-06 16:33:51,high,2,False,True,0,2024-05-06,med_surg
1,baseline_spring,20240506-other_viral-0013,2024-05-06,other_viral,2024-05-06 16:44:51,medium,2,False,True,0,2024-05-06,med_surg
1,baseline_spring,20240506-delivery-0012,2024-05-06,delivery,2024-05-06 18:07:10,critical,1,False,False,,,labor_delivery
1,baseline_spring,20240506-elective-0009,2024-05-06,elective,2024-05-06 18:10:15,medium,4,False,True,14,2024-05-20,med_surg
1,baseline_spring,20240506-covid_19-0010,2024-05-06,covid_19,2024-05-06 18:10:16,low,2,False,True,0,2024-05-06,med_surg
1,baseline_spring,20240506-other_viral-0014,2024-05-06,other_viral,2024-05-06 18:16:11,medium,2,False,True,0,2024-05-06,med_surg
1,baseline_spring,20240506-delivery-0013,2024-05-06,delivery,2024-05-06 18:25:43,low,1,False,False,,,labor_delivery
1,baseline_spring,20240506-covid_19-0011,2024-05-06,covid_19,2024-05-06 20:46:47,medium,2,False,True,0,2024-05-06,med_surg
1,baseline_spring,20240506-influenza-0020,2024-05-06,influenza,2024-05-06 21:25:54,critical,1,False,False,,,med_surg
1,baseline_spring,20240506-non_elective_other-0008,2024-05-06,non_elective_other,2024-05-06 21:45:40,critical,1,False,False,,,med_surg
1,baseline_spring,20240506-influenza-0021,2024-05-06,influenza,2024-05-06 21:47:43,medium,2,False,True,0,2024-05-06,med_surg
1,baseline_spring,20240506-influenza-0022,2024-05-06,influenza,2024-05-06 22:39:58,medium,2,False,True,0,2024-05-06,med_surg
1,baseline_spring,20240506-non_elective_via_ed-0016,2024-05-06,non_elective_via_ed,2024-05-06 23:58:09,medium,2,False,False,,,med_surg
1,baseline_spring,20240507-covid_19-0001,2024-05-07,covid_19,2024-05-07 00:25:52,high,2,False,True,0,2024-05-07,med_surg
1,baseline_spring,20240507-other_viral-0001,2024-05-07,other_viral,2024-05-07 01:13:36,low,2,False,True,0,2024-05-07,med_surg
1,baseline_spring,20240507-covid_19-0002,2024-05-07,covid_19,2024-05-07 01:16:43,medium,2,False,True,0,2024-05-07,med_surg
1,baseline_spring,20240507-covid_19-0003,2024-05-07,covid_19,2024-05-07 01:39:25,low,2,False,True,0,2024-05-07,med_surg
1,baseline_spring,20240507-non_elective_via_ed-0001,2024-05-07,non_elective_via_ed,2024-05-07 01:41:02,medium,2,False,False,,,med_surg
1,baseline_spring,20240507-intensive-0001,2024-05-07,intensive,2024-05-07 01:50:21,high,1,False,False,,,icu
1,baseline_spring,20240507-delivery-0001,2024-05-07,delivery,2024-05-07 02:01:41,high,1,False,False,,,labor_delivery
1,baseline_spring,20240507-non_elective_via_ed-0002,2024-05-07,non_elective_via_ed,2024-05-07 02:27:53,high,2,False,False,,,med_surg
1,baseline_spring,20240507-delivery-0002,2024-05-07,delivery,2024-05-07 03:03:25,medium,1,False,False,,,labor_delivery
1,baseline_spring,20240507-influenza-0001,2024-05-07,influenza,2024-05-07 03:06:50,critical,1,False,False,,,med_surg
1,baseline_spring,20240507-delivery-0003,2024-05-07,delivery,2024-05-07 03:18:03,medium,3,True,False,,,labor_delivery
1,baseline_spring,20240507-non_elective_via_ed-0003,2024-05-07,non_elective_via_ed,2024-05-07 03:36:39,critical,1,False,False,,,med_surg
1,baseline_spring,20240507-covid_19-0004,2024-05-07,covid_19,2024-05-07 03:57:51,high,2,False,True,0,2024-05-07,med_surg
1,baseline_spring,20240507-delivery-0004,2024-05-07,delivery,2024-05-07 03:58:23,high,1,False,False,,,labor_delivery
1,baseline_spring,20240507-other_viral-0002,2024-05-07,other_viral,2024-05-07 04:06:17,critical,1,False,False,,,med_surg
1,baseline_spring,20240507-elective-0001,2024-05-07,elective,2024-05-07 04:22:44,medium,4,False,True,14,2024-05-21,med_surg
1,baseline_spring,20240507-delivery-0005,2024-05-07,delivery,2024-05-07 04:40:12,high,3,True,False,,,labor_delivery
1,baseline_spring,20240507-non_elective_via_ed-0004,2024-05-07,non_elective_via_ed,2024-05-07 04:46:20,critical,1,False,False,,,med_surg
1,baseline_spring,20240507-covid_19-0005,2024-05-07,covid_19,2024-05-07 04:54:24,critical,1,False,False,,,med_surg
1,baseline_spring,20240507-intensive-0002,2024-05-07,intensive,2024-05-07 05:02:51,high,3,True,False,,,icu
1,baseline_spring,20240507-intensive-0003,2024-05-07,intensive,2024-05-07 05:11:03,critical,1,False,False,,,icu
1,baseline_spring,20240507-intensive-0004,2024-05-07,intensive,2024-05-07 05:26:51,high,1,False,False,,,icu
1,baseline_spring,20240507-non_elective_other-0001,2024-05-07,non_elective_other,2024-05-07 05:40:27,low,3,False,False,,,med_surg
1,baseline_spring,20240507-covid_19-0006,2024-05-07,covid_19,2024-05-07 05:46:07,high,2,False,True,0,2024-05-07,med_surg
1,baseline_spring,20240507-non_elective_other-0002,2024-05-07,non_elective_other,2024-05-07 05:48:06,critical,1,False,False,,,med_surg
1,baseline_spring,20240507-elective-0002,2024-05-07,elective,2024-05-07 05:48:52,medium,4,False,True,14,2024-05-21,med_surg
1,baseline_spring,20240507-other_viral-0003,2024-05-07,other_viral,2024-05-07 05:52:49,low,2,False,True,0,2024-05-07,med_surg
1,baseline_spring,20240507-non_elective_other-0003,2024-05-07,non_elective_other,2024-05-07 06:01:48,medium,3,False,False,,,med_surg
1,baseline_spring,20240507-covid_19-0007,2024-05-07,covid_19,2024-05-07 06:02:55,high,2,False,True,0,2024-05-07,med_surg
1,baseline_spring,20240507-other_viral-0004,2024-05-07,other_viral,2024-05-07 06:08:33,high,2,False,True,0,2024-05-07,med_surg
1,baseline_spring,20240507-elective-0003,2024-05-07,elective,2024-05-07 06:23:03,medium,4,False,True,14,2024-05-21,med_surg
1,baseline_spring,20240507-influenza-0002,2024-05-07,influenza,2024-05-07 06:46:14,low,2,False,True,0,2024-05-07,med_surg
1,baseline_spring,20240507-intensive-0005,2024-05-07,intensive,2024-05-07 06:53:06,high,1,False,False,,,icu
1,baseline_spring,20240507-covid_19-0008,2024-05-07,covid_19,2024-05-07 06:53:15,high,2,False,True,0,2024-05-07,med_surg
1,baseline_spring,20240507-non_elective_other-0004,2024-05-07,non_elective_other,2024-05-07 06:55:54,critical,1,False,False,,,med_surg
1,baseline_spring,20240507-non_elective_via_ed-0005,2024-05-07,non_elective_via_ed,2024-05-07 07:02:18,low,2,False,False,,,med_surg
1,baseline_spring,20240507-non_elective_other-0005,2024-05-07,non_elective_other,2024-05-07 07:05:37,low,3,False,False,,,med_surg
1,baseline_spring,20240507-covid_19-0009,2024-05-07,covid_19,2024-05-07 07:07:47,critical,1,False,False,,,med_surg
1,baseline_spring,20240507-elective-0004,2024-05-07,elective,2024-05-07 07:09:26,low,4,False,True,30,2024-06-06,med_surg
1,baseline_spring,20240507-elective-0005,2024-05-07,elective,2024-05-07 07:29:56,low,4,False,True,30,2024-06-06,med_surg
1,baseline_spring,20240507-covid_19-0010,2024-05-07,covid_19,2024-05-07 07:32:00,low,2,False,True,0,2024-05-07,med_surg
1,baseline_spring,20240507-other_viral-0005,2024-05-07,other_viral,2024-05-07 07:48:45,critical,1,False,False,,,med_surg
1,baseline_spring,20240507-other_viral-0006,2024-05-07,other_viral,2024-05-07 08:02:40,high,2,False,True,0,2024-05-07,med_surg
1,baseline_spring,20240507-covid_19-0011,2024-05-07,covid_19,2024-05-07 08:23:25,high,2,False,True,0,2024-05-07,med_surg
1,baseline_spring,20240507-non_elective_other-0006,2024-05-07,non_elective_other,2024-05-07 08:27:42,medium,3,False,False,,,med_surg
1,baseline_spring,20240507-influenza-0003,2024-05-07,influenza,2024-05-07 08:51:39,critical,1,False,False,,,med_surg
1,baseline_spring,20240507-elective-0006,2024-05-07,elective,2024-05-07 09:05:10,high,4,False,True,7,2024-05-14,med_surg
1,baseline_spring,20240507-non_elective_via_ed-0006,2024-05-07,non_elective_via_ed,2024-05-07 09:05:19,medium,2,False,False,,,med_surg
1,baseline_spring,20240507-covid_19-0012,2024-05-07,covid_19,2024-05-07 09:30:16,high,2,False,True,0,2024-05-07,med_surg
1,baseline_spring,20240507-non_elective_via_ed-0007,2024-05-07,non_elective_via_ed,2024-05-07 09:53:12,high,2,False,False,,,med_surg
1,baseline_spring,20240507-non_elective_via_ed-0008,2024-05-07,non_elective_via_ed,2024-05-07 10:08:40,high,2,False,False,,,med_surg
1,baseline_spring,20240507-elective-0007,2024-05-07,elective,2024-05-07 10:10:11,high,4,False,True,7,2024-05-14,med_surg
1,baseline_spring,20240507-elective-0008,2024-05-07,elective,2024-05-07 10:15:06,medium,4,False,True,14,2024-05-21,med_surg
1,baseline_spring,20240507-elective-0009,2024-05-07,elective,2024-05-07 10:15:06,medium,4,False,True,14,2024-05-21,med_surg
1,baseline_spring,20240507-influenza-0004,2024-05-07,influenza,2024-05-07 10:15:06,medium,2,False,True,0,2024-05-07,med_surg
1,baseline_spring,20240507-covid_19-0013,2024-05-07,covid_19,2024-05-07 10:18:21,medium,2,False,True,0,2024-05-07,med_surg
1,baseline_spring,20240507-delivery-0006,2024-05-07,delivery,2024-05-07 10:29:11,medium,1,False,False,,,labor_delivery
1,baseline_spring,20240507-non_elective_via_ed-0009,2024-05-07,non_elective_via_ed,2024-05-07 10:32:10,critical,1,False,False,,,med_surg
1,baseline_spring,20240507-intensive-0006,2024-05-07,intensive,2024-05-07 10:35:49,critical,1,False,False,,,icu
1,baseline_spring,20240507-non_elective_via_ed-0010,2024-05-07,non_elective_via_ed,2024-05-07 10:37:15,low,2,False,False,,,med_surg
1,baseline_spring,20240507-delivery-0007,2024-05-07,delivery,2024-05-07 11:04:53,low,3,True,False,,,labor_delivery
1,baseline_spring,20240507-delivery-0008,2024-05-07,delivery,2024-05-07 12:00:10,critical,1,False,False,,,labor_delivery
1,baseline_spring,20240507-non_elective_other-0007,2024-05-07,non_elective_other,2024-05-07 12:05:19,low,3,False,False,,,med_surg
1,baseline_spring,20240507-influenza-0005,2024-05-07,influenza,2024-05-07 12:17:28,medium,2,False,True,0,2024-05-07,med_surg
1,baseline_spring,20240507-other_viral-0007,2024-05-07,other_viral,2024-05-07 12:19:05,low,2,False,True,0,2024-05-07,med_surg
1,baseline_spring,20240507-influenza-0006,2024-05-07,influenza,2024-05-07 12:21:04,critical,1,False,False,,,med_surg
1,baseline_spring,20240507-non_elective_other-0008,2024-05-07,non_elective_other,2024-05-07 12:21:22,critical,1,False,False,,,med_surg
1,baseline_spring,20240507-non_elective_other-0009,2024-05-07,non_elective_other,2024-05-07 12:23:57,medium,3,False,False,,,med_surg
1,baseline_spring,20240507-covid_19-0014,2024-05-07,covid_19,2024-05-07 12:30:35,high,2,False,True,0,2024-05-07,med_surg
1,baseline_spring,20240507-influenza-0007,2024-05-07,influenza,2024-05-07 12:55:02,low,2,False,True,0,2024-05-07,med_surg
1,baseline_spring,20240507-intensive-0007,2024-05-07,intensive,2024-05-07 13:04:34,high,1,False,False,,,icu
1,baseline_spring,20240507-elective-0010,2024-05-07,elective,2024-05-07 13:06:41,low,4,False,True,30,2024-06-06,med_surg
1,baseline_spring,20240507-elective-0011,2024-05-07,elective,2024-05-07 13:07:27,medium,4,False,True,14,2024-05-21,med_surg
1,baseline_spring,20240507-intensive-0008,2024-05-07,intensive,2024-05-07 13:09:31,high,1,False,False,,,icu
1,baseline_spring,20240507-influenza-0008,2024-05-07,influenza,2024-05-07 13:10:06,high,2,False,True,0,2024-05-07,med_surg
1,baseline_spring,20240507-intensive-0009,2024-05-07,intensive,2024-05-07 13:13:10,critical,1,False,False,,,icu
1,baseline_spring,20240507-non_elective_via_ed-0011,2024-05-07,non_elective_via_ed,2024-05-07 13:16:34,low,2,False,False,,,med_surg
1,baseline_spring,20240507-elective-0012,2024-05-07,elective,2024-05-07 13:22:25,medium,4,False,True,14,2024-05-21,med_surg
1,baseline_spring,20240507-non_elective_other-0010,2024-05-07,non_elective_other,2024-05-07 13:26:05,low,3,False,False,,,med_surg
1,baseline_spring,20240507-other_viral-0008,2024-05-07,other_viral,2024-05-07 13:42:39,low,2,False,True,0,2024-05-07,med_surg
1,baseline_spring,20240507-other_viral-0009,2024-05-07,other_viral,2024-05-07 13:59:29,medium,2,False,True,0,2024-05-07,med_surg
1,baseline_spring,20240507-influenza-0009,2024-05-07,influenza,2024-05-07 14:19:28,low,2,False,True,0,2024-05-07,med_surg
1,baseline_spring,20240507-elective-0013,2024-05-07,elective,2024-05-07 14:25:26,low,4,False,True,30,2024-06-06,med_surg
1,baseline_spring,20240507-non_elective_other-0011,2024-05-07,non_elective_other,2024-05-07 14:30:05,critical,1,False,False,,,med_surg
1,baseline_spring,20240507-delivery-0009,2024-05-07,delivery,2024-05-07 14:37:53,medium,1,False,False,,,labor_delivery
1,baseline_spring,20240507-intensive-0010,2024-05-07,intensive,2024-05-07 14:49:39,high,1,False,False,,,icu
1,baseline_spring,20240507-non_elective_via_ed-0012,2024-05-07,non_elective_via_ed,2024-05-07 14:55:59,low,2,False,False,,,med_surg
1,baseline_spring,20240507-non_elective_via_ed-0013,2024-05-07,non_elective_via_ed,2024-05-07 15:10:52,medium,2,False,False,,,med_surg
1,baseline_spring,20240507-covid_19-0015,2024-05-07,covid_19,2024-05-07 15:12:10,critical,1,False,False,,,med_surg
1,baseline_spring,20240507-other_viral-0010,2024-05-07,other_viral,2024-05-07 15:13:51,low,2,False,True,0,2024-05-07,med_surg
1,baseline_spring,20240507-covid_19-0016,2024-05-07,covid_19,2024-05-07 15:28:11,medium,2,False,True,0,2024-05-07,med_surg
1,baseline_spring,20240507-intensive-0011,2024-05-07,intensive,2024-05-07 15:28:31,high,3,True,False,,,icu
1,baseline_spring,20240507-elective-0014,2024-05-07,elective,2024-05-07 15:45:39,high,4,False,True,7,2024-05-14,med_surg
1,baseline_spring,20240507-intensive-0012,2024-05-07,intensive,2024-05-07 15:45:41,high,3,True,False,,,icu
1,baseline_spring,20240507-non_elective_via_ed-0014,2024-05-07,non_elective_via_ed,2024-05-07 15:58:01,medium,2,False,False,,,med_surg
1,baseline_spring,20240507-other_viral-0011,2024-05-07,other_viral,2024-05-07 16:09:45,medium,2,False,True,0,2024-05-07,med_surg
1,baseline_spring,20240507-other_viral-0012,2024-05-07,other_viral,2024-05-07 16:54:01,medium,2,False,True,0,2024-05-07,med_surg
1,baseline_spring,20240507-influenza-0010,2024-05-07,influenza,2024-05-07 16:54:58,medium,2,False,True,0,2024-05-07,med_surg
1,baseline_spring,20240507-other_viral-0013,2024-05-07,other_viral,2024-05-07 16:57:50,low,2,False,True,0,2024-05-07,med_surg
1,baseline_spring,20240507-other_viral-0014,2024-05-07,other_viral,2024-05-07 16:59:14,critical,1,False,False,,,med_surg
1,baseline_spring,20240507-non_elective_other-0012,2024-05-07,non_elective_other,2024-05-07 17:06:38,high,3,False,False,,,med_surg
1,baseline_spring,20240507-influenza-0011,2024-05-07,influenza,2024-05-07 17:19:39,low,2,False,True,0,2024-05-07,med_surg
1,baseline_spring,20240507-elective-0015,2024-05-07,elective,2024-05-07 17:29:56,low,4,False,True,30,2024-06-06,med_surg
1,baseline_spring,20240507-elective-0016,2024-05-07,elective,2024-05-07 17:32:01,low,4,False,True,30,2024-06-06,med_surg
1,baseline_spring,20240507-delivery-0010,2024-05-07,delivery,2024-05-07 18:33:04,low,1,False,False,,,labor_delivery
1,baseline_spring,20240507-delivery-0011,2024-05-07,delivery,2024-05-07 18:45:01,critical,1,False,False,,,labor_delivery
1,baseline_spring,20240507-covid_19-0017,2024-05-07,covid_19,2024-05-07 19:40:18,critical,1,False,False,,,med_surg
1,baseline_spring,20240507-elective-0017,2024-05-07,elective,2024-05-07 19:52:57,high,4,False,True,7,2024-05-14,med_surg
1,baseline_spring,20240507-elective-0018,2024-05-07,elective,2024-05-07 19:56:46,medium,4,False,True,14,2024-05-21,med_surg
1,baseline_spring,20240507-covid_19-0018,2024-05-07,covid_19,2024-05-07 20:26:54,medium,2,False,True,0,2024-05-07,med_surg
1,baseline_spring,20240507-elective-0019,2024-05-07,elective,2024-05-07 20:54:43,low,4,False,True,30,2024-06-06,med_surg
1,baseline_spring,20240507-other_viral-0015,2024-05-07,other_viral,2024-05-07 22:43:32,low,2,False,True,0,2024-05-07,med_surg
1,baseline_spring,20240508-covid_19-0001,2024-05-08,covid_19,2024-05-08 00:44:16,high,2,False,True,0,2024-05-08,med_surg
1,baseline_spring,20240508-elective-0001,2024-05-08,elective,2024-05-08 01:09:25,low,4,False,True,30,2024-06-07,med_surg
1,baseline_spring,20240508-non_elective_other-0001,2024-05-08,non_elective_other,2024-05-08 01:48:41,medium,3,False,False,,,med_surg
1,baseline_spring,20240508-influenza-0001,2024-05-08,influenza,2024-05-08 01:53:33,high,2,False,True,0,2024-05-08,med_surg
1,baseline_spring,20240508-other_viral-0001,2024-05-08,other_viral,2024-05-08 01:55:13,high,2,False,True,0,2024-05-08,med_surg
1,baseline_spring,20240508-covid_19-0002,2024-05-08,covid_19,2024-05-08 01:57:19,low,2,False,True,0,2024-05-08,med_surg
1,baseline_spring,20240508-intensive-0001,2024-05-08,intensive,2024-05-08 02:05:01,critical,1,False,False,,,icu
1,baseline_spring,20240508-non_elective_other-0002,2024-05-08,non_elective_other,2024-05-08 02:36:04,high,3,False,False,,,med_surg
1,baseline_spring,20240508-elective-0002,2024-05-08,elective,2024-05-08 02:55:10,medium,4,False,True,14,2024-05-22,med_surg
1,baseline_spring,20240508-influenza-0002,2024-05-08,influenza,2024-05-08 03:15:12,high,2,False,True,0,2024-05-08,med_surg
1,baseline_spring,20240508-elective-0003,2024-05-08,elective,2024-05-08 04:18:48,high,4,False,True,7,2024-05-15,med_surg
1,baseline_spring,20240508-other_viral-0002,2024-05-08,other_viral,2024-05-08 04:24:03,high,2,False,True,0,2024-05-08,med_surg
1,baseline_spring,20240508-intensive-0002,2024-05-08,intensive,2024-05-08 04:25:49,high,1,False,False,,,icu
1,baseline_spring,20240508-influenza-0003,2024-05-08,influenza,2024-05-08 04:27:35,medium,2,False,True,0,2024-05-08,med_surg
1,baseline_spring,20240508-non_elective_via_ed-0001,2024-05-08,non_elective_via_ed,2024-05-08 04:44:32,medium,2,False,False,,,med_surg
1,baseline_spring,20240508-covid_19-0003,2024-05-08,covid_19,2024-05-08 04:57:37,medium,2,False,True,0,2024-05-08,med_surg
1,baseline_spring,20240508-elective-0004,2024-05-08,elective,2024-05-08 04:58:53,medium,4,False,True,14,2024-05-22,med_surg
1,baseline_spring,20240508-covid_19-0004,2024-05-08,covid_19,2024-05-08 05:01:48,critical,1,False,False,,,med_surg
1,baseline_spring,20240508-delivery-0001,2024-05-08,delivery,2024-05-08 05:08:08,medium,1,False,False,,,labor_delivery
1,baseline_spring,20240508-non_elective_via_ed-0002,2024-05-08,non_elective_via_ed,2024-05-08 05:17:29,low,2,False,False,,,med_surg
1,baseline_spring,20240508-intensive-0003,2024-05-08,intensive,2024-05-08 05:18:57,critical,1,False,False,,,icu
1,baseline_spring,20240508-influenza-0004,2024-05-08,influenza,2024-05-08 05:27:11,low,2,False,True,0,2024-05-08,med_surg
1,baseline_spring,20240508-influenza-0005,2024-05-08,influenza,2024-05-08 05:53:46,low,2,False,True,0,2024-05-08,med_surg
1,baseline_spring,20240508-intensive-0004,2024-05-08,intensive,2024-05-08 05:59:39,high,1,False,False,,,icu
1,baseline_spring,20240508-influenza-0006,2024-05-08,influenza,2024-05-08 06:29:01,high,2,False,True,0,2024-05-08,med_surg
1,baseline_spring,20240508-influenza-0007,2024-05-08,influenza,2024-05-08 06:29:18,medium,2,False,True,0,2024-05-08,med_surg
1,baseline_spring,20240508-delivery-0002,2024-05-08,delivery,2024-05-08 06:37:07,low,3,True,False,,,labor_delivery
1,baseline_spring,20240508-intensive-0005,2024-05-08,intensive,2024-05-08 06:37:35,critical,1,False,False,,,icu
1,baseline_spring,20240508-intensive-0006,2024-05-08,intensive,2024-05-08 06:39:14,high,1,False,False,,,icu
1,baseline_spring,20240508-elective-0005,2024-05-08,elective,2024-05-08 06:59:25,medium,4,False,True,14,2024-05-22,med_surg
1,baseline_spring,20240508-non_elective_via_ed-0003,2024-05-08,non_elective_via_ed,2024-05-08 06:59:59,critical,1,False,False,,,med_surg
1,baseline_spring,20240508-other_viral-0003,2024-05-08,other_viral,2024-05-08 07:21:45,medium,2,False,True,0,2024-05-08,med_surg
1,baseline_spring,20240508-influenza-0008,2024-05-08,influenza,2024-05-08 07:30:25,medium,2,False,True,0,2024-05-08,med_surg
1,baseline_spring,20240508-other_viral-0004,2024-05-08,other_viral,2024-05-08 07:36:39,medium,2,False,True,0,2024-05-08,med_surg
1,baseline_spring,20240508-non_elective_other-0003,2024-05-08,non_elective_other,2024-05-08 07:47:12,medium,3,False,False,,,med_surg
1,baseline_spring,20240508-covid_19-0005,2024-05-08,covid_19,2024-05-08 08:12:16,high,2,False,True,0,2024-05-08,med_surg
1,baseline_spring,20240508-intensive-0007,2024-05-08,intensive,2024-05-08 08:14:44,high,1,False,False,,,icu
1,baseline_spring,20240508-influenza-0009,2024-05-08,influenza,2024-05-08 08:28:33,medium,2,False,True,0,2024-05-08,med_surg
1,baseline_spring,20240508-intensive-0008,2024-05-08,intensive,2024-05-08 08:48:50,high,1,False,False,,,icu
1,baseline_spring,20240508-elective-0006,2024-05-08,elective,2024-05-08 09:00:39,high,4,False,True,7,2024-05-15,med_surg
1,baseline_spring,20240508-covid_19-0006,2024-05-08,covid_19,2024-05-08 09:54:46,critical,1,False,False,,,med_surg
1,baseline_spring,20240508-elective-0007,2024-05-08,elective,2024-05-08 10:09:56,high,4,False,True,7,2024-05-15,med_surg
1,baseline_spring,20240508-non_elective_other-0004,2024-05-08,non_elective_other,2024-05-08 10:18:18,critical,1,False,False,,,med_surg
1,baseline_spring,20240508-elective-0008,2024-05-08,elective,2024-05-08 10:32:21,medium,4,False,True,14,2024-05-22,med_surg
1,baseline_spring,20240508-covid_19-0007,2024-05-08,covid_19,2024-05-08 10:45:04,low,2,False,True,0,2024-05-08,med_surg
1,baseline_spring,20240508-influenza-0010,2024-05-08,influenza,2024-05-08 10:58:58,low,2,False,True,0,2024-05-08,med_surg
1,baseline_spring,20240508-non_elective_other-0005,2024-05-08,non_elective_other,2024-05-08 11:17:37,high,3,False,False,,,med_surg
1,baseline_spring,20240508-delivery-0003,2024-05-08,delivery,2024-05-08 11:21:24,low,3,True,False,,,labor_delivery
1,baseline_spring,20240508-influenza-0011,2024-05-08,influenza,2024-05-08 11:22:32,low,2,False,True,0,2024-05-08,med_surg
1,baseline_spring,20240508-influenza-0012,2024-05-08,influenza,2024-05-08 11:27:29,critical,1,False,False,,,med_surg
1,baseline_spring,20240508-delivery-0004,2024-05-08,delivery,2024-05-08 11:43:19,medium,3,True,False,,,labor_delivery
1,baseline_spring,20240508-influenza-0013,2024-05-08,influenza,2024-05-08 11:49:20,medium,2,False,True,0,2024-05-08,med_surg
1,baseline_spring,20240508-other_viral-0005,2024-05-08,other_viral,2024-05-08 12:09:29,high,2,False,True,0,2024-05-08,med_surg
1,baseline_spring,20240508-non_elective_other-0006,2024-05-08,non_elective_other,2024-05-08 12:19:45,low,3,False,False,,,med_surg
1,baseline_spring,20240508-intensive-0009,2024-05-08,intensive,2024-05-08 12:24:50,critical,1,False,False,,,icu
1,baseline_spring,20240508-non_elective_via_ed-0004,2024-05-08,non_elective_via_ed,2024-05-08 12:27:18,low,2,False,False,,,med_surg
1,baseline_spring,20240508-intensive-0010,2024-05-08,intensive,2024-05-08 12:31:33,high,1,False,False,,,icu
1,baseline_spring,20240508-intensive-0011,2024-05-08,intensive,2024-05-08 12:37:05,high,1,False,False,,,icu
1,baseline_spring,20240508-non_elective_via_ed-0005,2024-05-08,non_elective_via_ed,2024-05-08 12:43:40,high,2,False,False,,,med_surg
1,baseline_spring,20240508-non_elective_via_ed-0006,2024-05-08,non_elective_via_ed,2024-05-08 12:52:29,high,2,False,False,,,med_surg
1,baseline_spring,20240508-delivery-0005,2024-05-08,delivery,2024-05-08 13:00:24,high,1,False,False,,,labor_delivery
1,baseline_spring,20240508-other_viral-0006,2024-05-08,other_viral,2024-05-08 13:09:26,medium,2,False,True,0,2024-05-08,med_surg
1,baseline_spring,20240508-influenza-0014,2024-05-08,influenza,2024-05-08 13:15:37,high,2,False,True,0,2024-05-08,med_surg
1,baseline_spring,20240508-elective-0009,2024-05-08,elective,2024-05-08 13:18:53,low,4,False,True,30,2024-06-07,med_surg
1,baseline_spring,20240508-other_viral-0007,2024-05-08,other_viral,2024-05-08 13:22:09,low,2,False,True,0,2024-05-08,med_surg
1,baseline_spring,20240508-influenza-0015,2024-05-08,influenza,2024-05-08 13:31:27,high,2,False,True,0,2024-05-08,med_surg
1,baseline_spring,20240508-elective-0010,2024-05-08,elective,2024-05-08 13:46:26,medium,4,False,True,14,2024-05-22,med_surg
1,baseline_spring,20240508-influenza-0016,2024-05-08,influenza,2024-05-08 13:51:12,critical,1,False,False,,,med_surg
1,baseline_spring,20240508-delivery-0006,2024-05-08,delivery,2024-05-08 13:53:59,critical,1,False,False,,,labor_delivery
1,baseline_spring,20240508-influenza-0017,2024-05-08,influenza,2024-05-08 13:54:07,low,2,False,True,0,2024-05-08,med_surg
1,baseline_spring,20240508-non_elective_other-0007,2024-05-08,non_elective_other,2024-05-08 13:57:06,low,3,False,False,,,med_surg
1,baseline_spring,20240508-covid_19-0008,2024-05-08,covid_19,2024-05-08 14:07:16,medium,2,False,True,0,2024-05-08,med_surg
1,baseline_spring,20240508-other_viral-0008,2024-05-08,other_viral,2024-05-08 14:12:48,low,2,False,True,0,2024-05-08,med_surg
1,baseline_spring,20240508-non_elective_other-0008,2024-05-08,non_elective_other,2024-05-08 14:29:25,high,3,False,False,,,med_surg
1,baseline_spring,20240508-covid_19-0009,2024-05-08,covid_19,2024-05-08 14:44:04,low,2,False,True,0,2024-05-08,med_surg
1,baseline_spring,20240508-other_viral-0009,2024-05-08,other_viral,2024-05-08 15:00:15,high,2,False,True,0,2024-05-08,med_surg
1,baseline_spring,20240508-intensive-0012,2024-05-08,intensive,2024-05-08 15:07:15,high,1,False,False,,,icu
1,baseline_spring,20240508-non_elective_other-0009,2024-05-08,non_elective_other,2024-05-08 15:17:32,medium,3,False,False,,,med_surg
1,baseline_spring,20240508-elective-0011,2024-05-08,elective,2024-05-08 15:18:08,low,4,False,True,30,2024-06-07,med_surg
1,baseline_spring,20240508-delivery-0007,2024-05-08,delivery,2024-05-08 15:22:37,critical,1,False,False,,,labor_delivery
1,baseline_spring,20240508-delivery-0008,2024-05-08,delivery,2024-05-08 15:26:03,critical,1,False,False,,,labor_delivery
1,baseline_spring,20240508-other_viral-0010,2024-05-08,other_viral,2024-05-08 15:32:25,high,2,False,True,0,2024-05-08,med_surg
1,baseline_spring,20240508-non_elective_other-0010,2024-05-08,non_elective_other,2024-05-08 16:05:30,medium,3,False,False,,,med_surg
1,baseline_spring,20240508-non_elective_other-0011,2024-05-08,non_elective_other,2024-05-08 16:14:08,low,3,False,False,,,med_surg
1,baseline_spring,20240508-covid_19-0010,2024-05-08,covid_19,2024-05-08 16:22:24,low,2,False,True,0,2024-05-08,med_surg
1,baseline_spring,20240508-delivery-0009,2024-05-08,delivery,2024-05-08 16:55:00,critical,1,False,False,,,labor_delivery
1,baseline_spring,20240508-covid_19-0011,2024-05-08,covid_19,2024-05-08 16:56:19,critical,1,False,False,,,med_surg
1,baseline_spring,20240508-elective-0012,2024-05-08,elective,2024-05-08 17:21:30,medium,4,False,True,14,2024-05-22,med_surg
1,baseline_spring,20240508-covid_19-0012,2024-05-08,covid_19,2024-05-08 17:27:53,low,2,False,True,0,2024-05-08,med_surg
1,baseline_spring,20240508-non_elective_other-0012,2024-05-08,non_elective_other,2024-05-08 17:38:51,high,3,False,False,,,med_surg
1,baseline_spring,20240508-covid_19-0013,2024-05-08,covid_19,2024-05-08 18:30:27,low,2,False,True,0,2024-05-08,med_surg
1,baseline_spring,20240508-influenza-0018,2024-05-08,influenza,2024-05-08 19:39:05,medium,2,False,True,0,2024-05-08,med_surg
1,baseline_spring,20240508-other_viral-0011,2024-05-08,other_viral,2024-05-08 20:24:01,low,2,False,True,0,2024-05-08,med_surg
1,baseline_spring,20240508-non_elective_via_ed-0007,2024-05-08,non_elective_via_ed,2024-05-08 20:34:55,medium,2,False,False,,,med_surg
1,baseline_spring,20240508-non_elective_other-0013,2024-05-08,non_elective_other,2024-05-08 22:06:24,low,3,False,False,,,med_surg
1,baseline_spring,20240508-influenza-0019,2024-05-08,influenza,2024-05-08 22:47:51,high,2,False,True,0,2024-05-08,med_surg
1,baseline_spring,20240508-other_viral-0012,2024-05-08,other_viral,2024-05-08 23:14:51,high,2,False,True,0,2024-05-08,med_surg
1,baseline_spring,20240508-other_viral-0013,2024-05-08,other_viral,2024-05-08 23:31:18,low,2,False,True,0,2024-05-08,med_surg
1,baseline_spring,20240508-delivery-0010,2024-05-08,delivery,2024-05-08 23:32:07,critical,1,False,False,,,labor_delivery
1,baseline_spring,20240509-delivery-0001,2024-05-09,delivery,2024-05-09 00:31:10,high,1,False,False,,,labor_delivery
1,baseline_spring,20240509-covid_19-0001,2024-05-09,covid_19,2024-05-09 00:52:33,medium,2,False,True,0,2024-05-09,med_surg
1,baseline_spring,20240509-non_elective_other-0001,2024-05-09,non_elective_other,2024-05-09 03:07:24,high,3,False,False,,,med_surg
1,baseline_spring,20240509-other_viral-0001,2024-05-09,other_viral,2024-05-09 03:26:06,critical,1,False,False,,,med_surg
1,baseline_spring,20240509-other_viral-0002,2024-05-09,other_viral,2024-05-09 03:34:48,low,2,False,True,0,2024-05-09,med_surg
1,baseline_spring,20240509-intensive-0001,2024-05-09,intensive,2024-05-09 03:42:13,high,1,False,False,,,icu
1,baseline_spring,20240509-non_elective_via_ed-0001,2024-05-09,non_elective_via_ed,2024-05-09 03:58:09,high,2,False,False,,,med_surg
1,baseline_spring,20240509-intensive-0002,2024-05-09,intensive,2024-05-09 04:07:26,high,1,False,False,,,icu
1,baseline_spring,20240509-non_elective_via_ed-0002,2024-05-09,non_elective_via_ed,2024-05-09 05:00:43,high,2,False,False,,,med_surg
1,baseline_spring,20240509-non_elective_other-0002,2024-05-09,non_elective_other,2024-05-09 05:01:58,critical,1,False,False,,,med_surg
1,baseline_spring,20240509-other_viral-0003,2024-05-09,other_viral,2024-05-09 05:10:29,low,2,False,True,0,2024-05-09,med_surg
1,baseline_spring,20240509-other_viral-0004,2024-05-09,other_viral,2024-05-09 05:20:02,high,2,False,True,0,2024-05-09,med_surg
1,baseline_spring,20240509-influenza-0001,2024-05-09,influenza,2024-05-09 05:37:00,medium,2,False,True,0,2024-05-09,med_surg
1,baseline_spring,20240509-other_viral-0005,2024-05-09,other_viral,2024-05-09 05:43:14,high,2,False,True,0,2024-05-09,med_surg
1,baseline_spring,20240509-covid_19-0002,2024-05-09,covid_19,2024-05-09 06:02:06,high,2,False,True,0,2024-05-09,med_surg
1,baseline_spring,20240509-non_elective_other-0003,2024-05-09,non_elective_other,2024-05-09 06:34:14,low,3,False,False,,,med_surg
1,baseline_spring,20240509-influenza-0002,2024-05-09,influenza,2024-05-09 06:39:09,low,2,False,True,0,2024-05-09,med_surg
1,baseline_spring,20240509-non_elective_via_ed-0003,2024-05-09,non_elective_via_ed,2024-05-09 06:39:21,high,2,False,False,,,med_surg
1,baseline_spring,20240509-delivery-0002,2024-05-09,delivery,2024-05-09 06:52:16,medium,1,False,False,,,labor_delivery
1,baseline_spring,20240509-elective-0001,2024-05-09,elective,2024-05-09 07:05:16,medium,4,False,True,14,2024-05-23,med_surg
1,baseline_spring,20240509-delivery-0003,2024-05-09,delivery,2024-05-09 07:15:08,low,1,False,False,,,labor_delivery
1,baseline_spring,20240509-elective-0002,2024-05-09,elective,2024-05-09 07:26:13,high,4,False,True,7,2024-05-16,med_surg
1,baseline_spring,20240509-intensive-0003,2024-05-09,intensive,2024-05-09 07:26:14,high,1,False,False,,,icu
1,baseline_spring,20240509-non_elective_other-0004,2024-05-09,non_elective_other,2024-05-09 07:27:11,low,3,False,False,,,med_surg
1,baseline_spring,20240509-other_viral-0006,2024-05-09,other_viral,2024-05-09 07:31:06,medium,2,False,True,0,2024-05-09,med_surg
1,baseline_spring,20240509-covid_19-0003,2024-05-09,covid_19,2024-05-09 08:15:12,critical,1,False,False,,,med_surg
1,baseline_spring,20240509-influenza-0003,2024-05-09,influenza,2024-05-09 08:27:48,critical,1,False,False,,,med_surg
1,baseline_spring,20240509-non_elective_via_ed-0004,2024-05-09,non_elective_via_ed,2024-05-09 08:29:33,low,2,False,False,,,med_surg
1,baseline_spring,20240509-covid_19-0004,2024-05-09,covid_19,2024-05-09 08:39:15,high,2,False,True,0,2024-05-09,med_surg
1,baseline_spring,20240509-intensive-0004,2024-05-09,intensive,2024-05-09 08:41:21,high,1,False,False,,,icu
1,baseline_spring,20240509-delivery-0004,2024-05-09,delivery,2024-05-09 08:41:55,high,1,False,False,,,labor_delivery
1,baseline_spring,20240509-covid_19-0005,2024-05-09,covid_19,2024-05-09 08:44:03,high,2,False,True,0,2024-05-09,med_surg
1,baseline_spring,20240509-non_elective_other-0005,2024-05-09,non_elective_other,2024-05-09 08:55:10,medium,3,False,False,,,med_surg
1,baseline_spring,20240509-influenza-0004,2024-05-09,influenza,2024-05-09 09:22:22,critical,1,False,False,,,med_surg
1,baseline_spring,20240509-covid_19-0006,2024-05-09,covid_19,2024-05-09 09:24:19,medium,2,False,True,0,2024-05-09,med_surg
1,baseline_spring,20240509-non_elective_via_ed-0005,2024-05-09,non_elective_via_ed,2024-05-09 09:24:53,low,2,False,False,,,med_surg
1,baseline_spring,20240509-intensive-0005,2024-05-09,intensive,2024-05-09 09:38:16,high,1,False,False,,,icu
1,baseline_spring,20240509-elective-0003,2024-05-09,elective,2024-05-09 09:39:23,low,4,False,True,30,2024-06-08,med_surg
1,baseline_spring,20240509-non_elective_via_ed-0006,2024-05-09,non_elective_via_ed,2024-05-09 09:39:33,critical,1,False,False,,,med_surg
1,baseline_spring,20240509-covid_19-0007,2024-05-09,covid_19,2024-05-09 09:50:22,high,2,False,True,0,2024-05-09,med_surg
1,baseline_spring,20240509-delivery-0005,2024-05-09,delivery,2024-05-09 10:15:26,critical,1,False,False,,,labor_delivery
1,baseline_spring,20240509-intensive-0006,2024-05-09,intensive,2024-05-09 10:25:09,high,3,True,False,,,icu
1,baseline_spring,20240509-delivery-0006,2024-05-09,delivery,2024-05-09 10:28:45,critical,1,False,False,,,labor_delivery
1,baseline_spring,20240509-non_elective_other-0006,2024-05-09,non_elective_other,2024-05-09 10:29:50,medium,3,False,False,,,med_surg
1,baseline_spring,20240509-influenza-0005,2024-05-09,influenza,2024-05-09 10:31:08,low,2,False,True,0,2024-05-09,med_surg
1,baseline_spring,20240509-influenza-0006,2024-05-09,influenza,2024-05-09 10:44:32,low,2,False,True,0,2024-05-09,med_surg
1,baseline_spring,20240509-influenza-0007,2024-05-09,influenza,2024-05-09 10:45:33,low,2,False,True,0,2024-05-09,med_surg
1,baseline_spring,20240509-elective-0004,2024-05-09,elective,2024-05-09 10:47:58,low,4,False,True,30,2024-06-08,med_surg
1,baseline_spring,20240509-delivery-0007,2024-05-09,delivery,2024-05-09 10:58:25,critical,1,False,False,,,labor_delivery
1,baseline_spring,20240509-non_elective_other-0007,2024-05-09,non_elective_other,2024-05-09 11:01:58,low,3,False,False,,,med_surg
1,baseline_spring,20240509-other_viral-0007,2024-05-09,other_viral,2024-05-09 11:02:36,high,2,False,True,0,2024-05-09,med_surg
1,baseline_spring,20240509-elective-0005,2024-05-09,elective,2024-05-09 11:08:23,low,4,False,True,30,2024-06-08,med_surg
1,baseline_spring,20240509-non_elective_other-0008,2024-05-09,non_elective_other,2024-05-09 11:12:47,high,3,False,False,,,med_surg
1,baseline_spring,20240509-covid_19-0008,2024-05-09,covid_19,2024-05-09 11:26:06,low,2,False,True,0,2024-05-09,med_surg
1,baseline_spring,20240509-intensive-0007,2024-05-09,intensive,2024-05-09 11:30:30,high,3,True,False,,,icu
1,baseline_spring,20240509-non_elective_other-0009,2024-05-09,non_elective_other,2024-05-09 11:39:26,low,3,False,False,,,med_surg
1,baseline_spring,20240509-delivery-0008,2024-05-09,delivery,2024-05-09 11:39:36,medium,1,False,False,,,labor_delivery
1,baseline_spring,20240509-non_elective_other-0010,2024-05-09,non_elective_other,2024-05-09 11:49:16,high,3,False,False,,,med_surg
1,baseline_spring,20240509-other_viral-0008,2024-05-09,other_viral,2024-05-09 11:57:39,critical,1,False,False,,,med_surg
1,baseline_spring,20240509-elective-0006,2024-05-09,elective,2024-05-09 12:05:57,medium,4,False,True,14,2024-05-23,med_surg
1,baseline_spring,20240509-other_viral-0009,2024-05-09,other_viral,2024-05-09 12:06:50,high,2,False,True,0,2024-05-09,med_surg
1,baseline_spring,20240509-other_viral-0010,2024-05-09,other_viral,2024-05-09 12:16:34,low,2,False,True,0,2024-05-09,med_surg
1,baseline_spring,20240509-covid_19-0009,2024-05-09,covid_19,2024-05-09 12:31:55,critical,1,False,False,,,med_surg
1,baseline_spring,20240509-delivery-0009,2024-05-09,delivery,2024-05-09 12:34:10,critical,1,False,False,,,labor_delivery
1,baseline_spring,20240509-intensive-0008,2024-05-09,intensive,2024-05-09 12:53:28,critical,1,False,False,,,icu
1,baseline_spring,20240509-intensive-0009,2024-05-09,intensive,2024-05-09 12:55:55,high,1,False,False,,,icu
1,baseline_spring,20240509-intensive-0010,2024-05-09,intensive,2024-05-09 13:50:14,critical,1,False,False,,,icu
1,baseline_spring,20240509-intensive-0011,2024-05-09,intensive,2024-05-09 13:54:54,critical,1,False,False,,,icu
1,baseline_spring,20240509-elective-0007,2024-05-09,elective,2024-05-09 14:01:40,low,4,False,True,30,2024-06-08,med_surg
1,baseline_spring,20240509-non_elective_other-0011,2024-05-09,non_elective_other,2024-05-09 14:05:06,critical,1,False,False,,,med_surg
1,baseline_spring,20240509-delivery-0010,2024-05-09,delivery,2024-05-09 14:18:25,low,1,False,False,,,labor_delivery
1,baseline_spring,20240509-non_elective_via_ed-0007,2024-05-09,non_elective_via_ed,2024-05-09 14:19:42,critical,1,False,False,,,med_surg
1,baseline_spring,20240509-delivery-0011,2024-05-09,delivery,2024-05-09 14:26:45,low,1,False,False,,,labor_delivery
1,baseline_spring,20240509-influenza-0008,2024-05-09,influenza,2024-05-09 15:00:19,critical,1,False,False,,,med_surg
1,baseline_spring,20240509-non_elective_via_ed-0008,2024-05-09,non_elective_via_ed,2024-05-09 15:05:21,medium,2,False,False,,,med_surg
1,baseline_spring,20240509-covid_19-0010,2024-05-09,covid_19,2024-05-09 15:21:58,high,2,False,True,0,2024-05-09,med_surg
1,baseline_spring,20240509-elective-0008,2024-05-09,elective,2024-05-09 15:36:31,medium,4,False,True,14,2024-05-23,med_surg
1,baseline_spring,20240509-covid_19-0011,2024-05-09,covid_19,2024-05-09 15:42:47,low,2,False,True,0,2024-05-09,med_surg
1,baseline_spring,20240509-non_elective_other-0012,2024-05-09,non_elective_other,2024-05-09 15:53:06,medium,3,False,False,,,med_surg
1,baseline_spring,20240509-intensive-0012,2024-05-09,intensive,2024-05-09 15:53:30,high,3,True,False,,,icu
1,baseline_spring,20240509-intensive-0013,2024-05-09,intensive,2024-05-09 15:53:51,critical,1,False,False,,,icu
1,baseline_spring,20240509-intensive-0014,2024-05-09,intensive,2024-05-09 16:23:11,high,1,False,False,,,icu
1,baseline_spring,20240509-non_elective_via_ed-0009,2024-05-09,non_elective_via_ed,2024-05-09 16:34:39,high,2,False,False,,,med_surg
1,baseline_spring,20240509-intensive-0015,2024-05-09,intensive,2024-05-09 16:36:58,critical,1,False,False,,,icu
1,baseline_spring,20240509-influenza-0009,2024-05-09,influenza,2024-05-09 16:42:20,critical,1,False,False,,,med_surg
1,baseline_spring,20240509-intensive-0016,2024-05-09,intensive,2024-05-09 16:42:29,high,3,True,False,,,icu
1,baseline_spring,20240509-non_elective_via_ed-0010,2024-05-09,non_elective_via_ed,2024-05-09 17:30:21,critical,1,False,False,,,med_surg
1,baseline_spring,20240509-covid_19-0012,2024-05-09,covid_19,2024-05-09 17:53:08,high,2,False,True,0,2024-05-09,med_surg
1,baseline_spring,20240509-other_viral-0011,2024-05-09,other_viral,2024-05-09 18:02:18,low,2,False,True,0,2024-05-09,med_surg
1,baseline_spring,20240509-other_viral-0012,2024-05-09,other_viral,2024-05-09 18:04:43,low,2,False,True,0,2024-05-09,med_surg
1,baseline_spring,20240509-non_elective_other-0013,2024-05-09,non_elective_other,2024-05-09 18:06:26,critical,1,False,False,,,med_surg
1,baseline_spring,20240509-delivery-0012,2024-05-09,delivery,2024-05-09 18:15:18,low,3,True,False,,,labor_delivery
1,baseline_spring,20240509-delivery-0013,2024-05-09,delivery,2024-05-09 18:18:13,medium,1,False,False,,,labor_delivery
1,baseline_spring,20240509-covid_19-0013,2024-05-09,covid_19,2024-05-09 18:48:48,high,2,False,True,0,2024-05-09,med_surg
1,baseline_spring,20240509-non_elective_via_ed-0011,2024-05-09,non_elective_via_ed,2024-05-09 18:53:35,high,2,False,False,,,med_surg
1,baseline_spring,20240509-delivery-0014,2024-05-09,delivery,2024-05-09 18:55:53,low,3,True,False,,,labor_delivery
1,baseline_spring,20240509-non_elective_other-0014,2024-05-09,non_elective_other,2024-05-09 19:26:12,medium,3,False,False,,,med_surg
1,baseline_spring,20240509-non_elective_other-0015,2024-05-09,non_elective_other,2024-05-09 19:41:03,low,3,False,False,,,med_surg
1,baseline_spring,20240509-non_elective_via_ed-0012,2024-05-09,non_elective_via_ed,2024-05-09 20:24:04,critical,1,False,False,,,med_surg
1,baseline_spring,20240509-elective-0009,2024-05-09,elective,2024-05-09 20:33:00,low,4,False,True,30,2024-06-08,med_surg
1,baseline_spring,20240509-non_elective_via_ed-0013,2024-05-09,non_elective_via_ed,2024-05-09 21:01:38,medium,2,False,False,,,med_surg
1,baseline_spring,20240509-elective-0010,2024-05-09,elective,2024-05-09 21:17:02,high,4,False,True,7,2024-05-16,med_surg
1,baseline_spring,20240509-non_elective_via_ed-0014,2024-05-09,non_elective_via_ed,2024-05-09 21:34:28,medium,2,False,False,,,med_surg
1,baseline_spring,20240509-other_viral-0013,2024-05-09,other_viral,2024-05-09 21:44:32,high,2,False,True,0,2024-05-09,med_surg
1,baseline_spring,20240509-non_elective_via_ed-0015,2024-05-09,non_elective_via_ed,2024-05-09 22:04:00,critical,1,False,False,,,med_surg
1,baseline_spring,20240510-covid_19-0001,2024-05-10,covid_19,2024-05-10 00:20:53,high,2,False,True,0,2024-05-10,med_surg
1,baseline_spring,20240510-non_elective_other-0001,2024-05-10,non_elective_other,2024-05-10 00:57:05,critical,1,False,False,,,med_surg
1,baseline_spring,20240510-delivery-0001,2024-05-10,delivery,2024-05-10 01:12:36,critical,1,False,False,,,labor_delivery
1,baseline_spring,20240510-intensive-0001,2024-05-10,intensive,2024-05-10 01:18:24,critical,1,False,False,,,icu
1,baseline_spring,20240510-influenza-0001,2024-05-10,influenza,2024-05-10 01:25:24,medium,2,False,True,0,2024-05-10,med_surg
1,baseline_spring,20240510-non_elective_via_ed-0001,2024-05-10,non_elective_via_ed,2024-05-10 01:38:08,low,2,False,False,,,med_surg
1,baseline_spring,20240510-other_viral-0001,2024-05-10,other_viral,2024-05-10 02:17:39,medium,2,False,True,0,2024-05-10,med_surg
1,baseline_spring,20240510-elective-0001,2024-05-10,elective,2024-05-10 02:37:12,high,4,False,True,7,2024-05-17,med_surg
1,baseline_spring,20240510-intensive-0002,2024-05-10,intensive,2024-05-10 03:15:32,high,1,False,False,,,icu
1,baseline_spring,20240510-covid_19-0002,2024-05-10,covid_19,2024-05-10 03:46:54,medium,2,False,True,0,2024-05-10,med_surg
1,baseline_spring,20240510-other_viral-0002,2024-05-10,other_viral,2024-05-10 03:55:43,low,2,False,True,0,2024-05-10,med_surg
1,baseline_spring,20240510-non_elective_via_ed-0002,2024-05-10,non_elective_via_ed,2024-05-10 04:04:55,high,2,False,False,,,med_surg
1,baseline_spring,20240510-influenza-0002,2024-05-10,influenza,2024-05-10 04:36:31,high,2,False,True,0,2024-05-10,med_surg
1,baseline_spring,20240510-non_elective_via_ed-0003,2024-05-10,non_elective_via_ed,2024-05-10 04:47:24,low,2,False,False,,,med_surg
1,baseline_spring,20240510-intensive-0003,2024-05-10,intensive,2024-05-10 04:54:12,critical,1,False,False,,,icu
1,baseline_spring,20240510-other_viral-0003,2024-05-10,other_viral,2024-05-10 04:57:02,high,2,False,True,0,2024-05-10,med_surg
1,baseline_spring,20240510-elective-0002,2024-05-10,elective,2024-05-10 05:06:44,low,4,False,True,30,2024-06-09,med_surg
1,baseline_spring,20240510-covid_19-0003,2024-05-10,covid_19,2024-05-10 05:14:18,high,2,False,True,0,2024-05-10,med_surg
1,baseline_spring,20240510-non_elective_other-0002,2024-05-10,non_elective_other,2024-05-10 05:16:44,medium,3,False,False,,,med_surg
1,baseline_spring,20240510-elective-0003,2024-05-10,elective,2024-05-10 05:17:35,high,4,False,True,7,2024-05-17,med_surg
1,baseline_spring,20240510-influenza-0003,2024-05-10,influenza,2024-05-10 05:25:36,high,2,False,True,0,2024-05-10,med_surg
1,baseline_spring,20240510-elective-0004,2024-05-10,elective,2024-05-10 05:40:54,low,4,False,True,30,2024-06-09,med_surg
1,baseline_spring,20240510-influenza-0004,2024-05-10,influenza,2024-05-10 05:41:11,critical,1,False,False,,,med_surg
1,baseline_spring,20240510-other_viral-0004,2024-05-10,other_viral,2024-05-10 05:43:15,high,2,False,True,0,2024-05-10,med_surg
1,baseline_spring,20240510-non_elective_via_ed-0004,2024-05-10,non_elective_via_ed,2024-05-10 05:49:30,medium,2,False,False,,,med_surg
1,baseline_spring,20240510-non_elective_via_ed-0005,2024-05-10,non_elective_via_ed,2024-05-10 06:03:43,low,2,False,False,,,med_surg
1,baseline_spring,20240510-covid_19-0004,2024-05-10,covid_19,2024-05-10 06:26:39,low,2,False,True,0,2024-05-10,med_surg
1,baseline_spring,20240510-influenza-0005,2024-05-10,influenza,2024-05-10 06:30:20,medium,2,False,True,0,2024-05-10,med_surg
1,baseline_spring,20240510-other_viral-0005,2024-05-10,other_viral,2024-05-10 06:37:09,high,2,False,True,0,2024-05-10,med_surg
1,baseline_spring,20240510-influenza-0006,2024-05-10,influenza,2024-05-10 07:08:06,high,2,False,True,0,2024-05-10,med_surg
1,baseline_spring,20240510-covid_19-0005,2024-05-10,covid_19,2024-05-10 07:26:14,critical,1,False,False,,,med_surg
1,baseline_spring,20240510-delivery-0002,2024-05-10,delivery,2024-05-10 07:26:50,critical,1,False,False,,,labor_delivery
1,baseline_spring,20240510-non_elective_other-0003,2024-05-10,non_elective_other,2024-05-10 07:33:30,low,3,False,False,,,med_surg
1,baseline_spring,20240510-elective-0005,2024-05-10,elective,2024-05-10 07:42:45,low,4,False,True,30,2024-06-09,med_surg
1,baseline_spring,20240510-non_elective_via_ed-0006,2024-05-10,non_elective_via_ed,2024-05-10 07:54:00,critical,1,False,False,,,med_surg
1,baseline_spring,20240510-non_elective_other-0004,2024-05-10,non_elective_other,2024-05-10 08:10:35,critical,1,False,False,,,med_surg
1,baseline_spring,20240510-intensive-0004,2024-05-10,intensive,2024-05-10 08:22:27,high,1,False,False,,,icu
1,baseline_spring,20240510-non_elective_via_ed-0007,2024-05-10,non_elective_via_ed,2024-05-10 08:23:02,high,2,False,False,,,med_surg
1,baseline_spring,20240510-covid_19-0006,2024-05-10,covid_19,2024-05-10 08:49:48,high,2,False,True,0,2024-05-10,med_surg
1,baseline_spring,20240510-elective-0006,2024-05-10,elective,2024-05-10 08:50:44,low,4,False,True,30,2024-06-09,med_surg
1,baseline_spring,20240510-elective-0007,2024-05-10,elective,2024-05-10 09:03:25,high,4,False,True,7,2024-05-17,med_surg
1,baseline_spring,20240510-delivery-0003,2024-05-10,delivery,2024-05-10 09:14:43,low,3,True,False,,,labor_delivery
1,baseline_spring,20240510-influenza-0007,2024-05-10,influenza,2024-05-10 09:52:36,high,2,False,True,0,2024-05-10,med_surg
1,baseline_spring,20240510-delivery-0004,2024-05-10,delivery,2024-05-10 10:09:01,high,1,False,False,,,labor_delivery
1,baseline_spring,20240510-intensive-0005,2024-05-10,intensive,2024-05-10 10:21:36,high,3,True,False,,,icu
1,baseline_spring,20240510-non_elective_via_ed-0008,2024-05-10,non_elective_via_ed,2024-05-10 10:23:11,medium,2,False,False,,,med_surg
1,baseline_spring,20240510-other_viral-0006,2024-05-10,other_viral,2024-05-10 11:48:16,medium,2,False,True,0,2024-05-10,med_surg
1,baseline_spring,20240510-other_viral-0007,2024-05-10,other_viral,2024-05-10 11:55:59,high,2,False,True,0,2024-05-10,med_surg
1,baseline_spring,20240510-intensive-0006,2024-05-10,intensive,2024-05-10 12:05:18,high,3,True,False,,,icu
1,baseline_spring,20240510-elective-0008,2024-05-10,elective,2024-05-10 12:14:44,medium,4,False,True,14,2024-05-24,med_surg
1,baseline_spring,20240510-elective-0009,2024-05-10,elective,2024-05-10 12:21:43,medium,4,False,True,14,2024-05-24,med_surg
1,baseline_spring,20240510-non_elective_via_ed-0009,2024-05-10,non_elective_via_ed,2024-05-10 12:24:49,low,2,False,False,,,med_surg
1,baseline_spring,20240510-influenza-0008,2024-05-10,influenza,2024-05-10 12:26:29,medium,2,False,True,0,2024-05-10,med_surg
1,baseline_spring,20240510-non_elective_other-0005,2024-05-10,non_elective_other,2024-05-10 12:27:15,low,3,False,False,,,med_surg
1,baseline_spring,20240510-delivery-0005,2024-05-10,delivery,2024-05-10 12:32:22,high,1,False,False,,,labor_delivery
1,baseline_spring,20240510-non_elective_via_ed-0010,2024-05-10,non_elective_via_ed,2024-05-10 12:46:21,critical,1,False,False,,,med_surg
1,baseline_spring,20240510-non_elective_via_ed-0011,2024-05-10,non_elective_via_ed,2024-05-10 12:47:30,high,2,False,False,,,med_surg
1,baseline_spring,20240510-other_viral-0008,2024-05-10,other_viral,2024-05-10 12:55:18,medium,2,False,True,0,2024-05-10,med_surg
1,baseline_spring,20240510-delivery-0006,2024-05-10,delivery,2024-05-10 12:58:38,low,1,False,False,,,labor_delivery
1,baseline_spring,20240510-intensive-0007,2024-05-10,intensive,2024-05-10 13:03:47,high,3,True,False,,,icu
1,baseline_spring,20240510-delivery-0007,2024-05-10,delivery,2024-05-10 13:37:39,critical,1,False,False,,,labor_delivery
1,baseline_spring,20240510-elective-0010,2024-05-10,elective,2024-05-10 13:39:42,low,4,False,True,30,2024-06-09,med_surg
1,baseline_spring,20240510-influenza-0009,2024-05-10,influenza,2024-05-10 13:41:50,low,2,False,True,0,2024-05-10,med_surg
1,baseline_spring,20240510-covid_19-0007,2024-05-10,covid_19,2024-05-10 13:41:54,high,2,False,True,0,2024-05-10,med_surg
1,baseline_spring,20240510-non_elective_via_ed-0012,2024-05-10,non_elective_via_ed,2024-05-10 13:57:24,critical,1,False,False,,,med_surg
1,baseline_spring,20240510-intensive-0008,2024-05-10,intensive,2024-05-10 14:11:13,high,3,True,False,,,icu
1,baseline_spring,20240510-non_elective_via_ed-0013,2024-05-10,non_elective_via_ed,2024-05-10 14:20:40,critical,1,False,False,,,med_surg
1,baseline_spring,20240510-covid_19-0008,2024-05-10,covid_19,2024-05-10 14:21:58,low,2,False,True,0,2024-05-10,med_surg
1,baseline_spring,20240510-covid_19-0009,2024-05-10,covid_19,2024-05-10 14:53:49,low,2,False,True,0,2024-05-10,med_surg
1,baseline_spring,20240510-non_elective_via_ed-0014,2024-05-10,non_elective_via_ed,2024-05-10 15:04:00,critical,1,False,False,,,med_surg
1,baseline_spring,20240510-non_elective_other-0006,2024-05-10,non_elective_other,2024-05-10 15:08:09,medium,3,False,False,,,med_surg
1,baseline_spring,20240510-non_elective_via_ed-0015,2024-05-10,non_elective_via_ed,2024-05-10 15:21:06,critical,1,False,False,,,med_surg
1,baseline_spring,20240510-other_viral-0009,2024-05-10,other_viral,2024-05-10 15:22:31,high,2,False,True,0,2024-05-10,med_surg
1,baseline_spring,20240510-elective-0011,2024-05-10,elective,2024-05-10 15:51:50,low,4,False,True,30,2024-06-09,med_surg
1,baseline_spring,20240510-covid_19-0010,2024-05-10,covid_19,2024-05-10 16:09:18,critical,1,False,False,,,med_surg
1,baseline_spring,20240510-elective-0012,2024-05-10,elective,2024-05-10 16:10:07,high,4,False,True,7,2024-05-17,med_surg
1,baseline_spring,20240510-covid_19-0011,2024-05-10,covid_19,2024-05-10 16:29:10,medium,2,False,True,0,2024-05-10,med_surg
1,baseline_spring,20240510-non_elective_via_ed-0016,2024-05-10,non_elective_via_ed,2024-05-10 16:41:56,critical,1,False,False,,,med_surg
1,baseline_spring,20240510-other_viral-0010,2024-05-10,other_viral,2024-05-10 16:50:49,low,2,False,True,0,2024-05-10,med_surg
1,baseline_spring,20240510-covid_19-0012,2024-05-10,covid_19,2024-05-10 17:54:29,medium,2,False,True,0,2024-05-10,med_surg
1,baseline_spring,20240510-delivery-0008,2024-05-10,delivery,2024-05-10 18:01:12,medium,1,False,False,,,labor_delivery
1,baseline_spring,20240510-intensive-0009,2024-05-10,intensive,2024-05-10 18:12:00,high,1,False,False,,,icu
1,baseline_spring,20240510-non_elective_via_ed-0017,2024-05-10,non_elective_via_ed,2024-05-10 18:12:21,low,2,False,False,,,med_surg
1,baseline_spring,20240510-other_viral-0011,2024-05-10,other_viral,2024-05-10 19:15:05,critical,1,False,False,,,med_surg
1,baseline_spring,20240510-intensive-0010,2024-05-10,intensive,2024-05-10 19:25:48,critical,1,False,False,,,icu
1,baseline_spring,20240510-influenza-0010,2024-05-10,influenza,2024-05-10 21:01:39,high,2,False,True,0,2024-05-10,med_surg
1,baseline_spring,20240510-non_elective_other-0007,2024-05-10,non_elective_other,2024-05-10 21:52:42,medium,3,False,False,,,med_surg
1,baseline_spring,20240510-non_elective_via_ed-0018,2024-05-10,non_elective_via_ed,2024-05-10 22:23:14,high,2,False,False,,,med_surg
1,baseline_spring,20240510-covid_19-0013,2024-05-10,covid_19,2024-05-10 22:51:30,medium,2,False,True,0,2024-05-10,med_surg
1,baseline_spring,20240510-intensive-0011,2024-05-10,intensive,2024-05-10 23:46:11,critical,1,False,False,,,icu
1,baseline_spring,20240511-covid_19-0001,2024-05-11,covid_19,2024-05-11 00:29:39,high,2,False,True,0,2024-05-11,med_surg
1,baseline_spring,20240511-other_viral-0001,2024-05-11,other_viral,2024-05-11 01:27:30,medium,2,False,True,0,2024-05-11,med_surg
1,baseline_spring,20240511-other_viral-0002,2024-05-11,other_viral,2024-05-11 01:44:07,high,2,False,True,0,2024-05-11,med_surg
1,baseline_spring,20240511-non_elective_via_ed-0001,2024-05-11,non_elective_via_ed,2024-05-11 01:55:22,critical,1,False,False,,,med_surg
1,baseline_spring,20240511-non_elective_via_ed-0002,2024-05-11,non_elective_via_ed,2024-05-11 02:30:39,medium,2,False,False,,,med_surg
1,baseline_spring,20240511-non_elective_other-0001,2024-05-11,non_elective_other,2024-05-11 02:32:03,medium,3,False,False,,,med_surg
1,baseline_spring,20240511-influenza-0001,2024-05-11,influenza,2024-05-11 02:46:55,low,2,False,True,0,2024-05-11,med_surg
1,baseline_spring,20240511-other_viral-0003,2024-05-11,other_viral,2024-05-11 03:01:38,critical,1,False,False,,,med_surg
1,baseline_spring,20240511-elective-0001,2024-05-11,elective,2024-05-11 03:15:23,low,4,False,True,30,2024-06-10,med_surg
1,baseline_spring,20240511-intensive-0001,2024-05-11,intensive,2024-05-11 03:26:54,high,1,False,False,,,icu
1,baseline_spring,20240511-elective-0002,2024-05-11,elective,2024-05-11 03:52:44,medium,4,False,True,14,2024-05-25,med_surg
1,baseline_spring,20240511-elective-0003,2024-05-11,elective,2024-05-11 04:17:29,high,4,False,True,7,2024-05-18,med_surg
1,baseline_spring,20240511-influenza-0002,2024-05-11,influenza,2024-05-11 04:21:14,high,2,False,True,0,2024-05-11,med_surg
1,baseline_spring,20240511-other_viral-0004,2024-05-11,other_viral,2024-05-11 04:32:16,high,2,False,True,0,2024-05-11,med_surg
1,baseline_spring,20240511-covid_19-0002,2024-05-11,covid_19,2024-05-11 04:48:31,critical,1,False,False,,,med_surg
1,baseline_spring,20240511-other_viral-0005,2024-05-11,other_viral,2024-05-11 04:59:57,medium,2,False,True,0,2024-05-11,med_surg
1,baseline_spring,20240511-non_elective_via_ed-0003,2024-05-11,non_elective_via_ed,2024-05-11 05:15:59,high,2,False,False,,,med_surg
1,baseline_spring,20240511-intensive-0002,2024-05-11,intensive,2024-05-11 05:20:48,critical,1,False,False,,,icu
1,baseline_spring,20240511-non_elective_other-0002,2024-05-11,non_elective_other,2024-05-11 05:41:29,critical,1,False,False,,,med_surg
1,baseline_spring,20240511-elective-0004,2024-05-11,elective,2024-05-11 05:52:46,low,4,False,True,30,2024-06-10,med_surg
1,baseline_spring,20240511-delivery-0001,2024-05-11,delivery,2024-05-11 05:53:13,high,1,False,False,,,labor_delivery
1,baseline_spring,20240511-delivery-0002,2024-05-11,delivery,2024-05-11 06:08:00,critical,1,False,False,,,labor_delivery
1,baseline_spring,20240511-other_viral-0006,2024-05-11,other_viral,2024-05-11 06:12:24,high,2,False,True,0,2024-05-11,med_surg
1,baseline_spring,20240511-intensive-0003,2024-05-11,intensive,2024-05-11 06:18:31,high,1,False,False,,,icu
1,baseline_spring,20240511-intensive-0004,2024-05-11,intensive,2024-05-11 06:22:47,high,3,True,False,,,icu
1,baseline_spring,20240511-non_elective_via_ed-0004,2024-05-11,non_elective_via_ed,2024-05-11 06:26:49,critical,1,False,False,,,med_surg
1,baseline_spring,20240511-covid_19-0003,2024-05-11,covid_19,2024-05-11 06:28:58,critical,1,False,False,,,med_surg
1,baseline_spring,20240511-other_viral-0007,2024-05-11,other_viral,2024-05-11 06:38:51,medium,2,False,True,0,2024-05-11,med_surg
1,baseline_spring,20240511-non_elective_via_ed-0005,2024-05-11,non_elective_via_ed,2024-05-11 06:44:15,low,2,False,False,,,med_surg
1,baseline_spring,20240511-delivery-0003,2024-05-11,delivery,2024-05-11 07:05:01,critical,1,False,False,,,labor_delivery
1,baseline_spring,20240511-elective-0005,2024-05-11,elective,2024-05-11 07:21:48,low,4,False,True,30,2024-06-10,med_surg
1,baseline_spring,20240511-covid_19-0004,2024-05-11,covid_19,2024-05-11 07:27:39,high,2,False,True,0,2024-05-11,med_surg
1,baseline_spring,20240511-non_elective_other-0003,2024-05-11,non_elective_other,2024-05-11 07:43:49,high,3,False,False,,,med_surg
1,baseline_spring,20240511-delivery-0004,2024-05-11,delivery,2024-05-11 07:46:07,low,3,True,False,,,labor_delivery
1,baseline_spring,20240511-covid_19-0005,2024-05-11,covid_19,2024-05-11 07:48:48,low,2,False,True,0,2024-05-11,med_surg
1,baseline_spring,20240511-elective-0006,2024-05-11,elective,2024-05-11 07:49:05,medium,4,False,True,14,2024-05-25,med_surg
1,baseline_spring,20240511-non_elective_other-0004,2024-05-11,non_elective_other,2024-05-11 08:16:44,critical,1,False,False,,,med_surg
1,baseline_spring,20240511-intensive-0005,2024-05-11,intensive,2024-05-11 08:19:29,high,3,True,False,,,icu
1,baseline_spring,20240511-non_elective_via_ed-0006,2024-05-11,non_elective_via_ed,2024-05-11 08:26:47,high,2,False,False,,,med_surg
1,baseline_spring,20240511-intensive-0006,2024-05-11,intensive,2024-05-11 08:28:34,high,1,False,False,,,icu
1,baseline_spring,20240511-non_elective_via_ed-0007,2024-05-11,non_elective_via_ed,2024-05-11 08:34:51,high,2,False,False,,,med_surg
1,baseline_spring,20240511-elective-0007,2024-05-11,elective,2024-05-11 08:38:07,high,4,False,True,7,2024-05-18,med_surg
1,baseline_spring,20240511-non_elective_via_ed-0008,2024-05-11,non_elective_via_ed,2024-05-11 08:56:50,low,2,False,False,,,med_surg
1,baseline_spring,20240511-elective-0008,2024-05-11,elective,2024-05-11 09:12:16,high,4,False,True,7,2024-05-18,med_surg
1,baseline_spring,20240511-covid_19-0006,2024-05-11,covid_19,2024-05-11 09:15:22,high,2,False,True,0,2024-05-11,med_surg
1,baseline_spring,20240511-other_viral-0008,2024-05-11,other_viral,2024-05-11 09:18:12,high,2,False,True,0,2024-05-11,med_surg
1,baseline_spring,20240511-influenza-0003,2024-05-11,influenza,2024-05-11 09:24:59,medium,2,False,True,0,2024-05-11,med_surg
1,baseline_spring,20240511-influenza-0004,2024-05-11,influenza,2024-05-11 09:33:20,medium,2,False,True,0,2024-05-11,med_surg
1,baseline_spring,20240511-influenza-0005,2024-05-11,influenza,2024-05-11 09:34:57,medium,2,False,True,0,2024-05-11,med_surg
1,baseline_spring,20240511-other_viral-0009,2024-05-11,other_viral,2024-05-11 09:47:48,high,2,False,True,0,2024-05-11,med_surg
1,baseline_spring,20240511-non_elective_via_ed-0009,2024-05-11,non_elective_via_ed,2024-05-11 09:52:58,medium,2,False,False,,,med_surg
1,baseline_spring,20240511-elective-0009,2024-05-11,elective,2024-05-11 09:55:10,low,4,False,True,30,2024-06-10,med_surg
1,baseline_spring,20240511-delivery-0005,2024-05-11,delivery,2024-05-11 10:00:13,low,3,True,False,,,labor_delivery
1,baseline_spring,20240511-delivery-0006,2024-05-11,delivery,2024-05-11 10:03:27,low,1,False,False,,,labor_delivery
1,baseline_spring,20240511-other_viral-0010,2024-05-11,other_viral,2024-05-11 10:05:06,low,2,False,True,0,2024-05-11,med_surg
1,baseline_spring,20240511-elective-0010,2024-05-11,elective,2024-05-11 10:07:02,low,4,False,True,30,2024-06-10,med_surg
1,baseline_spring,20240511-elective-0011,2024-05-11,elective,2024-05-11 10:24:43,high,4,False,True,7,2024-05-18,med_surg
1,baseline_spring,20240511-covid_19-0007,2024-05-11,covid_19,2024-05-11 10:54:59,low,2,False,True,0,2024-05-11,med_surg
1,baseline_spring,20240511-intensive-0007,2024-05-11,intensive,2024-05-11 10:59:31,high,1,False,False,,,icu
1,baseline_spring,20240511-intensive-0008,2024-05-11,intensive,2024-05-11 11:01:47,critical,1,False,False,,,icu
1,baseline_spring,20240511-other_viral-0011,2024-05-11,other_viral,2024-05-11 11:08:32,low,2,False,True,0,2024-05-11,med_surg
1,baseline_spring,20240511-other_viral-0012,2024-05-11,other_viral,2024-05-11 11:15:19,critical,1,False,False,,,med_surg
1,baseline_spring,20240511-covid_19-0008,2024-05-11,covid_19,2024-05-11 11:19:03,high,2,False,True,0,2024-05-11,med_surg
1,baseline_spring,20240511-elective-0012,2024-05-11,elective,2024-05-11 11:27:47,high,4,False,True,7,2024-05-18,med_surg
1,baseline_spring,20240511-elective-0013,2024-05-11,elective,2024-05-11 11:34:15,medium,4,False,True,14,2024-05-25,med_surg
1,baseline_spring,20240511-non_elective_other-0005,2024-05-11,non_elective_other,2024-05-11 11:38:50,critical,1,False,False,,,med_surg
1,baseline_spring,20240511-influenza-0006,2024-05-11,influenza,2024-05-11 11:52:59,low,2,False,True,0,2024-05-11,med_surg
1,baseline_spring,20240511-other_viral-0013,2024-05-11,other_viral,2024-05-11 11:53:53,medium,2,False,True,0,2024-05-11,med_surg
1,baseline_spring,20240511-covid_19-0009,2024-05-11,covid_19,2024-05-11 11:56:43,critical,1,False,False,,,med_surg
1,baseline_spring,20240511-delivery-0007,2024-05-11,delivery,2024-05-11 11:57:36,high,1,False,False,,,labor_delivery
1,baseline_spring,20240511-non_elective_via_ed-0010,2024-05-11,non_elective_via_ed,2024-05-11 12:32:03,medium,2,False,False,,,med_surg
1,baseline_spring,20240511-delivery-0008,2024-05-11,delivery,2024-05-11 12:43:38,low,1,False,False,,,labor_delivery
1,baseline_spring,20240511-non_elective_via_ed-0011,2024-05-11,non_elective_via_ed,2024-05-11 13:00:33,critical,1,False,False,,,med_surg
1,baseline_spring,20240511-influenza-0007,2024-05-11,influenza,2024-05-11 13:00:41,low,2,False,True,0,2024-05-11,med_surg
1,baseline_spring,20240511-elective-0014,2024-05-11,elective,2024-05-11 13:08:28,low,4,False,True,30,2024-06-10,med_surg
1,baseline_spring,20240511-non_elective_other-0006,2024-05-11,non_elective_other,2024-05-11 13:09:56,low,3,False,False,,,med_surg
1,baseline_spring,20240511-intensive-0009,2024-05-11,intensive,2024-05-11 13:12:30,high,1,False,False,,,icu
1,baseline_spring,20240511-intensive-0010,2024-05-11,intensive,2024-05-11 13:16:25,high,1,False,False,,,icu
1,baseline_spring,20240511-non_elective_other-0007,2024-05-11,non_elective_other,2024-05-11 13:23:44,high,3,False,False,,,med_surg
1,baseline_spring,20240511-influenza-0008,2024-05-11,influenza,2024-05-11 13:25:49,low,2,False,True,0,2024-05-11,med_surg
1,baseline_spring,20240511-covid_19-0010,2024-05-11,covid_19,2024-05-11 13:31:32,critical,1,False,False,,,med_surg
1,baseline_spring,20240511-delivery-0009,2024-05-11,delivery,2024-05-11 13:31:48,high,1,False,False,,,labor_delivery
1,baseline_spring,20240511-delivery-0010,2024-05-11,delivery,2024-05-11 13:32:37,critical,1,False,False,,,labor_delivery
1,baseline_spring,20240511-covid_19-0011,2024-05-11,covid_19,2024-05-11 13:44:47,medium,2,False,True,0,2024-05-11,med_surg
1,baseline_spring,20240511-intensive-0011,2024-05-11,intensive,2024-05-11 13:55:26,high,1,False,False,,,icu
1,baseline_spring,20240511-intensive-0012,2024-05-11,intensive,2024-05-11 14:04:09,high,3,True,False,,,icu
1,baseline_spring,20240511-elective-0015,2024-05-11,elective,2024-05-11 14:04:15,high,4,False,True,7,2024-05-18,med_surg
1,baseline_spring,20240511-covid_19-0012,2024-05-11,covid_19,2024-05-11 14:14:10,high,2,False,True,0,2024-05-11,med_surg
1,baseline_spring,20240511-intensive-0013,2024-05-11,intensive,2024-05-11 14:22:46,critical,1,False,False,,,icu
1,baseline_spring,20240511-intensive-0014,2024-05-11,intensive,2024-05-11 14:47:47,critical,1,False,False,,,icu
1,baseline_spring,20240511-delivery-0011,2024-05-11,delivery,2024-05-11 14:49:33,critical,1,False,False,,,labor_delivery
1,baseline_spring,20240511-covid_19-0013,2024-05-11,covid_19,2024-05-11 15:29:55,low,2,False,True,0,2024-05-11,med_surg
1,baseline_spring,20240511-covid_19-0014,2024-05-11,covid_19,2024-05-11 15:31:20,high,2,False,True,0,2024-05-11,med_surg
1,baseline_spring,20240511-covid_19-0015,2024-05-11,covid_19,2024-05-11 15:39:16,low,2,False,True,0,2024-05-11,med_surg
1,baseline_spring,20240511-non_elective_other-0008,2024-05-11,non_elective_other,2024-05-11 16:10:19,low,3,False,False,,,med_surg
1,baseline_spring,20240511-delivery-0012,2024-05-11,delivery,2024-05-11 16:16:49,medium,1,False,False,,,labor_delivery
1,baseline_spring,20240511-other_viral-0014,2024-05-11,other_viral,2024-05-11 16:25:03,critical,1,False,False,,,med_surg
1,baseline_spring,20240511-intensive-0015,2024-05-11,intensive,2024-05-11 16:35:23,high,3,True,False,,,icu
1,baseline_spring,20240511-other_viral-0015,2024-05-11,other_viral,2024-05-11 17:00:29,high,2,False,True,0,2024-05-11,med_surg
1,baseline_spring,20240511-delivery-0013,2024-05-11,delivery,2024-05-11 17:33:04,low,1,False,False,,,labor_delivery
1,baseline_spring,20240511-delivery-0014,2024-05-11,delivery,2024-05-11 17:42:28,critical,1,False,False,,,labor_delivery
1,baseline_spring,20240511-influenza-0009,2024-05-11,influenza,2024-05-11 17:57:17,low,2,False,True,0,2024-05-11,med_surg
1,baseline_spring,20240511-intensive-0016,2024-05-11,intensive,2024-05-11 18:08:05,high,1,False,False,,,icu
1,baseline_spring,20240511-influenza-0010,2024-05-11,influenza,2024-05-11 18:18:58,high,2,False,True,0,2024-05-11,med_surg
1,baseline_spring,20240511-delivery-0015,2024-05-11,delivery,2024-05-11 18:28:06,critical,1,False,False,,,labor_delivery
1,baseline_spring,20240511-non_elective_via_ed-0012,2024-05-11,non_elective_via_ed,2024-05-11 18:35:32,critical,1,False,False,,,med_surg
1,baseline_spring,20240511-delivery-0016,2024-05-11,delivery,2024-05-11 18:49:05,high,3,True,False,,,labor_delivery
1,baseline_spring,20240511-intensive-0017,2024-05-11,intensive,2024-05-11 19:47:47,high,1,False,False,,,icu
1,baseline_spring,20240511-intensive-0018,2024-05-11,intensive,2024-05-11 20:13:45,critical,1,False,False,,,icu
1,baseline_spring,20240511-other_viral-0016,2024-05-11,other_viral,2024-05-11 21:11:10,low,2,False,True,0,2024-05-11,med_surg
1,baseline_spring,20240511-covid_19-0016,2024-05-11,covid_19,2024-05-11 21:11:36,critical,1,False,False,,,med_surg
1,baseline_spring,20240511-intensive-0019,2024-05-11,intensive,2024-05-11 21:30:14,critical,1,False,False,,,icu
1,baseline_spring,20240511-intensive-0020,2024-05-11,intensive,2024-05-11 22:04:48,high,3,True,False,,,icu
1,baseline_spring,20240511-non_elective_via_ed-0013,2024-05-11,non_elective_via_ed,2024-05-11 22:08:10,critical,1,False,False,,,med_surg
1,baseline_spring,20240511-intensive-0021,2024-05-11,intensive,2024-05-11 22:32:38,high,1,False,False,,,icu
1,baseline_spring,20240511-non_elective_via_ed-0014,2024-05-11,non_elective_via_ed,2024-05-11 23:11:56,high,2,False,False,,,med_surg
1,baseline_spring,20240512-influenza-0001,2024-05-12,influenza,2024-05-12 01:40:20,critical,1,False,False,,,med_surg
1,baseline_spring,20240512-non_elective_other-0001,2024-05-12,non_elective_other,2024-05-12 01:54:08,low,3,False,False,,,med_surg
1,baseline_spring,20240512-other_viral-0001,2024-05-12,other_viral,2024-05-12 01:58:08,high,2,False,True,0,2024-05-12,med_surg
1,baseline_spring,20240512-elective-0001,2024-05-12,elective,2024-05-12 02:01:41,low,4,False,True,30,2024-06-11,med_surg
1,baseline_spring,20240512-elective-0002,2024-05-12,elective,2024-05-12 02:08:27,medium,4,False,True,14,2024-05-26,med_surg
1,baseline_spring,20240512-influenza-0002,2024-05-12,influenza,2024-05-12 02:27:47,high,2,False,True,0,2024-05-12,med_surg
1,baseline_spring,20240512-other_viral-0002,2024-05-12,other_viral,2024-05-12 03:15:15,medium,2,False,True,0,2024-05-12,med_surg
1,baseline_spring,20240512-delivery-0001,2024-05-12,delivery,2024-05-12 03:30:50,critical,1,False,False,,,labor_delivery
1,baseline_spring,20240512-elective-0003,2024-05-12,elective,2024-05-12 03:42:51,medium,4,False,True,14,2024-05-26,med_surg
1,baseline_spring,20240512-covid_19-0001,2024-05-12,covid_19,2024-05-12 04:07:06,high,2,False,True,0,2024-05-12,med_surg
1,baseline_spring,20240512-non_elective_other-0002,2024-05-12,non_elective_other,2024-05-12 04:08:55,low,3,False,False,,,med_surg
1,baseline_spring,20240512-covid_19-0002,2024-05-12,covid_19,2024-05-12 04:11:19,low,2,False,True,0,2024-05-12,med_surg
1,baseline_spring,20240512-other_viral-0003,2024-05-12,other_viral,2024-05-12 04:21:43,critical,1,False,False,,,med_surg
1,baseline_spring,20240512-delivery-0002,2024-05-12,delivery,2024-05-12 04:46:54,low,3,True,False,,,labor_delivery
1,baseline_spring,20240512-elective-0004,2024-05-12,elective,2024-05-12 05:14:55,low,4,False,True,30,2024-06-11,med_surg
1,baseline_spring,20240512-non_elective_other-0003,2024-05-12,non_elective_other,2024-05-12 05:23:03,high,3,False,False,,,med_surg
1,baseline_spring,20240512-intensive-0001,2024-05-12,intensive,2024-05-12 05:24:16,high,3,True,False,,,icu
1,baseline_spring,20240512-non_elective_via_ed-0001,2024-05-12,non_elective_via_ed,2024-05-12 05:38:00,critical,1,False,False,,,med_surg
1,baseline_spring,20240512-elective-0005,2024-05-12,elective,2024-05-12 06:10:41,medium,4,False,True,14,2024-05-26,med_surg
1,baseline_spring,20240512-non_elective_via_ed-0002,2024-05-12,non_elective_via_ed,2024-05-12 06:10:41,critical,1,False,False,,,med_surg
1,baseline_spring,20240512-non_elective_via_ed-0003,2024-05-12,non_elective_via_ed,2024-05-12 06:12:14,high,2,False,False,,,med_surg
1,baseline_spring,20240512-other_viral-0004,2024-05-12,other_viral,2024-05-12 06:16:24,medium,2,False,True,0,2024-05-12,med_surg
1,baseline_spring,20240512-other_viral-0005,2024-05-12,other_viral,2024-05-12 06:25:40,medium,2,False,True,0,2024-05-12,med_surg
1,baseline_spring,20240512-other_viral-0006,2024-05-12,other_viral,2024-05-12 06:29:06,high,2,False,True,0,2024-05-12,med_surg
1,baseline_spring,20240512-influenza-0003,2024-05-12,influenza,2024-05-12 06:42:23,high,2,False,True,0,2024-05-12,med_surg
1,baseline_spring,20240512-non_elective_other-0004,2024-05-12,non_elective_other,2024-05-12 06:49:37,high,3,False,False,,,med_surg
1,baseline_spring,20240512-other_viral-0007,2024-05-12,other_viral,2024-05-12 07:05:27,critical,1,False,False,,,med_surg
1,baseline_spring,20240512-non_elective_other-0005,2024-05-12,non_elective_other,2024-05-12 07:06:36,medium,3,False,False,,,med_surg
1,baseline_spring,20240512-non_elective_other-0006,2024-05-12,non_elective_other,2024-05-12 07:11:29,low,3,False,False,,,med_surg
1,baseline_spring,20240512-elective-0006,2024-05-12,elective,2024-05-12 07:15:17,low,4,False,True,30,2024-06-11,med_surg
1,baseline_spring,20240512-elective-0007,2024-05-12,elective,2024-05-12 07:15:33,high,4,False,True,7,2024-05-19,med_surg
1,baseline_spring,20240512-influenza-0004,2024-05-12,influenza,2024-05-12 07:20:39,low,2,False,True,0,2024-05-12,med_surg
1,baseline_spring,20240512-other_viral-0008,2024-05-12,other_viral,2024-05-12 07:31:52,low,2,False,True,0,2024-05-12,med_surg
1,baseline_spring,20240512-covid_19-0003,2024-05-12,covid_19,2024-05-12 07:33:01,medium,2,False,True,0,2024-05-12,med_surg
1,baseline_spring,20240512-non_elective_other-0007,2024-05-12,non_elective_other,2024-05-12 07:34:22,high,3,False,False,,,med_surg
1,baseline_spring,20240512-non_elective_via_ed-0004,2024-05-12,non_elective_via_ed,2024-05-12 07:46:42,medium,2,False,False,,,med_surg
1,baseline_spring,20240512-covid_19-0004,2024-05-12,covid_19,2024-05-12 07:55:43,low,2,False,True,0,2024-05-12,med_surg
1,baseline_spring,20240512-intensive-0002,2024-05-12,intensive,2024-05-12 08:02:39,critical,1,False,False,,,icu
1,baseline_spring,20240512-elective-0008,2024-05-12,elective,2024-05-12 08:12:58,high,4,False,True,7,2024-05-19,med_surg
1,baseline_spring,20240512-non_elective_via_ed-0005,2024-05-12,non_elective_via_ed,2024-05-12 08:34:39,high,2,False,False,,,med_surg
1,baseline_spring,20240512-other_viral-0009,2024-05-12,other_viral,2024-05-12 08:51:53,critical,1,False,False,,,med_surg
1,baseline_spring,20240512-delivery-0003,2024-05-12,delivery,2024-05-12 08:52:27,high,1,False,False,,,labor_delivery
1,baseline_spring,20240512-non_elective_other-0008,2024-05-12,non_elective_other,2024-05-12 08:54:07,low,3,False,False,,,med_surg
1,baseline_spring,20240512-non_elective_other-0009,2024-05-12,non_elective_other,2024-05-12 09:04:05,critical,1,False,False,,,med_surg
1,baseline_spring,20240512-intensive-0003,2024-05-12,intensive,2024-05-12 09:05:00,critical,1,False,False,,,icu
1,baseline_spring,20240512-intensive-0004,2024-05-12,intensive,2024-05-12 09:11:11,high,1,False,False,,,icu
1,baseline_spring,20240512-non_elective_other-0010,2024-05-12,non_elective_other,2024-05-12 09:17:15,low,3,False,False,,,med_surg
1,baseline_spring,20240512-influenza-0005,2024-05-12,influenza,2024-05-12 09:33:05,medium,2,False,True,0,2024-05-12,med_surg
1,baseline_spring,20240512-influenza-0006,2024-05-12,influenza,2024-05-12 09:43:22,low,2,False,True,0,2024-05-12,med_surg
1,baseline_spring,20240512-non_elective_other-0011,2024-05-12,non_elective_other,2024-05-12 09:57:40,medium,3,False,False,,,med_surg
1,baseline_spring,20240512-non_elective_via_ed-0006,2024-05-12,non_elective_via_ed,2024-05-12 09:58:10,critical,1,False,False,,,med_surg
1,baseline_spring,20240512-non_elective_via_ed-0007,2024-05-12,non_elective_via_ed,2024-05-12 10:08:58,medium,2,False,False,,,med_surg
1,baseline_spring,20240512-other_viral-0010,2024-05-12,other_viral,2024-05-12 10:28:06,critical,1,False,False,,,med_surg
1,baseline_spring,20240512-non_elective_other-0012,2024-05-12,non_elective_other,2024-05-12 10:34:10,low,3,False,False,,,med_surg
1,baseline_spring,20240512-intensive-0005,2024-05-12,intensive,2024-05-12 10:37:53,critical,1,False,False,,,icu
1,baseline_spring,20240512-elective-0009,2024-05-12,elective,2024-05-12 10:38:26,low,4,False,True,30,2024-06-11,med_surg
1,baseline_spring,20240512-intensive-0006,2024-05-12,intensive,2024-05-12 10:53:01,critical,1,False,False,,,icu
1,baseline_spring,20240512-covid_19-0005,2024-05-12,covid_19,2024-05-12 10:54:12,low,2,False,True,0,2024-05-12,med_surg
1,baseline_spring,20240512-other_viral-0011,2024-05-12,other_viral,2024-05-12 11:19:12,medium,2,False,True,0,2024-05-12,med_surg
1,baseline_spring,20240512-other_viral-0012,2024-05-12,other_viral,2024-05-12 11:23:40,high,2,False,True,0,2024-05-12,med_surg
1,baseline_spring,20240512-non_elective_via_ed-0008,2024-05-12,non_elective_via_ed,2024-05-12 11:25:28,medium,2,False,False,,,med_surg
1,baseline_spring,20240512-covid_19-0006,2024-05-12,covid_19,2024-05-12 11:30:46,low,2,False,True,0,2024-05-12,med_surg
1,baseline_spring,20240512-influenza-0007,2024-05-12,influenza,2024-05-12 11:35:26,low,2,False,True,0,2024-05-12,med_surg
1,baseline_spring,20240512-influenza-0008,2024-05-12,influenza,2024-05-12 11:41:39,medium,2,False,True,0,2024-05-12,med_surg
1,baseline_spring,20240512-elective-0010,2024-05-12,elective,2024-05-12 12:02:12,high,4,False,True,7,2024-05-19,med_surg
1,baseline_spring,20240512-influenza-0009,2024-05-12,influenza,2024-05-12 12:02:29,low,2,False,True,0,2024-05-12,med_surg
1,baseline_spring,20240512-non_elective_other-0013,2024-05-12,non_elective_other,2024-05-12 12:04:03,critical,1,False,False,,,med_surg
1,baseline_spring,20240512-covid_19-0007,2024-05-12,covid_19,2024-05-12 12:04:49,critical,1,False,False,,,med_surg
1,baseline_spring,20240512-non_elective_other-0014,2024-05-12,non_elective_other,2024-05-12 12:19:36,medium,3,False,False,,,med_surg
1,baseline_spring,20240512-other_viral-0013,2024-05-12,other_viral,2024-05-12 12:22:31,high,2,False,True,0,2024-05-12,med_surg
1,baseline_spring,20240512-other_viral-0014,2024-05-12,other_viral,2024-05-12 12:23:13,high,2,False,True,0,2024-05-12,med_surg
1,baseline_spring,20240512-intensive-0007,2024-05-12,intensive,2024-05-12 12:25:47,high,1,False,False,,,icu
1,baseline_spring,20240512-influenza-0010,2024-05-12,influenza,2024-05-12 12:31:06,medium,2,False,True,0,2024-05-12,med_surg
1,baseline_spring,20240512-other_viral-0015,2024-05-12,other_viral,2024-05-12 12:40:58,medium,2,False,True,0,2024-05-12,med_surg
1,baseline_spring,20240512-elective-0011,2024-05-12,elective,2024-05-12 12:50:34,high,4,False,True,7,2024-05-19,med_surg
1,baseline_spring,20240512-non_elective_via_ed-0009,2024-05-12,non_elective_via_ed,2024-05-12 13:01:17,low,2,False,False,,,med_surg
1,baseline_spring,20240512-elective-0012,2024-05-12,elective,2024-05-12 13:01:26,low,4,False,True,30,2024-06-11,med_surg
1,baseline_spring,20240512-influenza-0011,2024-05-12,influenza,2024-05-12 13:10:36,medium,2,False,True,0,2024-05-12,med_surg
1,baseline_spring,20240512-intensive-0008,2024-05-12,intensive,2024-05-12 13:19:46,high,1,False,False,,,icu
1,baseline_spring,20240512-covid_19-0008,2024-05-12,covid_19,2024-05-12 13:35:56,medium,2,False,True,0,2024-05-12,med_surg
1,baseline_spring,20240512-elective-0013,2024-05-12,elective,2024-05-12 14:22:38,high,4,False,True,7,2024-05-19,med_surg
1,baseline_spring,20240512-influenza-0012,2024-05-12,influenza,2024-05-12 14:46:18,critical,1,False,False,,,med_surg
1,baseline_spring,20240512-non_elective_other-0015,2024-05-12,non_elective_other,2024-05-12 15:18:00,high,3,False,False,,,med_surg
1,baseline_spring,20240512-intensive-0009,2024-05-12,intensive,2024-05-12 15:22:58,critical,1,False,False,,,icu
1,baseline_spring,20240512-delivery-0004,2024-05-12,delivery,2024-05-12 15:53:34,high,1,False,False,,,labor_delivery
1,baseline_spring,20240512-other_viral-0016,2024-05-12,other_viral,2024-05-12 16:01:21,high,2,False,True,0,2024-05-12,med_surg
1,baseline_spring,20240512-intensive-0010,2024-05-12,intensive,2024-05-12 16:14:39,high,3,True,False,,,icu
1,baseline_spring,20240512-influenza-0013,2024-05-12,influenza,2024-05-12 16:18:01,high,2,False,True,0,2024-05-12,med_surg
1,baseline_spring,20240512-elective-0014,2024-05-12,elective,2024-05-12 16:24:03,low,4,False,True,30,2024-06-11,med_surg
1,baseline_spring,20240512-intensive-0011,2024-05-12,intensive,2024-05-12 16:29:19,high,3,True,False,,,icu
1,baseline_spring,20240512-influenza-0014,2024-05-12,influenza,2024-05-12 16:36:12,medium,2,False,True,0,2024-05-12,med_surg
1,baseline_spring,20240512-non_elective_other-0016,2024-05-12,non_elective_other,2024-05-12 16:50:58,low,3,False,False,,,med_surg
1,baseline_spring,20240512-influenza-0015,2024-05-12,influenza,2024-05-12 17:00:30,low,2,False,True,0,2024-05-12,med_surg
1,baseline_spring,20240512-non_elective_via_ed-0010,2024-05-12,non_elective_via_ed,2024-05-12 17:07:47,high,2,False,False,,,med_surg
1,baseline_spring,20240512-delivery-0005,2024-05-12,delivery,2024-05-12 17:23:55,high,3,True,False,,,labor_delivery
1,baseline_spring,20240512-delivery-0006,2024-05-12,delivery,2024-05-12 17:50:08,high,1,False,False,,,labor_delivery
1,baseline_spring,20240512-elective-0015,2024-05-12,elective,2024-05-12 18:44:46,high,4,False,True,7,2024-05-19,med_surg
1,baseline_spring,20240512-non_elective_other-0017,2024-05-12,non_elective_other,2024-05-12 19:01:40,medium,3,False,False,,,med_surg
1,baseline_spring,20240512-non_elective_via_ed-0011,2024-05-12,non_elective_via_ed,2024-05-12 19:08:16,low,2,False,False,,,med_surg
1,baseline_spring,20240512-other_viral-0017,2024-05-12,other_viral,2024-05-12 20:02:27,high,2,False,True,0,2024-05-12,med_surg
1,baseline_spring,20240512-elective-0016,2024-05-12,elective,2024-05-12 20:22:14,high,4,False,True,7,2024-05-19,med_surg
1,baseline_spring,20240512-elective-0017,2024-05-12,elective,2024-05-12 20:42:19,low,4,False,True,30,2024-06-11,med_surg
1,baseline_spring,20240512-covid_19-0009,2024-05-12,covid_19,2024-05-12 21:33:44,high,2,False,True,0,2024-05-12,med_surg
1,baseline_spring,20240512-intensive-0012,2024-05-12,intensive,2024-05-12 21:41:14,critical,1,False,False,,,icu
1,baseline_spring,20240512-intensive-0013,2024-05-12,intensive,2024-05-12 21:57:50,high,3,True,False,,,icu
1,baseline_spring,20240512-other_viral-0018,2024-05-12,other_viral,2024-05-12 22:06:41,high,2,False,True,0,2024-05-12,med_surg
1,baseline_spring,20240512-delivery-0007,2024-05-12,delivery,2024-05-12 22:54:14,high,3,True,False,,,labor_delivery
1,baseline_spring,20240512-delivery-0008,2024-05-12,delivery,2024-05-12 22:58:52,medium,1,False,False,,,labor_delivery
1,baseline_spring,20240512-covid_19-0010,2024-05-12,covid_19,2024-05-12 23:26:09,medium,2,False,True,0,2024-05-12,med_surg
1,baseline_spring,20240512-elective-0018,2024-05-12,elective,2024-05-12 23:26:23,medium,4,False,True,14,2024-05-26,med_surg
