date,total_occupied_beds,census_icu,nurses_per_shift_min_icu,nurses_per_shift_max_icu,census_med_surg,nurses_per_shift_min_med_surg,nurses_per_shift_max_med_surg,census_labor_delivery,nurses_per_shift_min_labor_delivery,nurses_per_shift_max_labor_delivery,census_pediatric,nurses_per_shift_min_pediatric,nurses_per_shift_max_pediatric,nurses_per_shift_min_total,nurse_shifts_per_day_min_total,nurses_per_shift_max_total,nurse_shifts_per_day_max_total
2017-01-01,660.0,91,46,91,479,96,120,47,24,47,43,11,15,177,354,273,546
2017-01-02,659.0,94,47,94,482,97,121,45,23,45,38,10,13,177,354,273,546
2017-01-03,653.0,93,47,93,486,98,122,41,21,41,33,9,11,175,350,267,534
2017-01-04,642.0,99,50,99,476,96,119,38,19,38,29,8,10,173,346,266,532
2017-01-05,652.0,107,54,107,482,97,121,34,17,34,29,8,10,176,352,272,544
2017-01-06,655.0,101,51,101,488,98,122,35,18,35,31,8,11,175,350,269,538
2017-01-07,641.0,93,47,93,475,95,119,40,20,40,33,9,11,171,342,263,526
2017-01-08,636.0,93,47,93,465,93,117,43,22,43,35,9,12,171,342,265,530
2017-01-09,668.0,99,50,99,484,97,121,41,21,41,44,11,15,179,358,276,552
2017-01-10,666.0,97,49,97,484,97,121,46,23,46,39,10,13,179,358,277,554
2017-01-11,658.0,89,45,89,476,96,119,51,26,51,42,11,14,178,356,273,546
2017-01-12,656.0,84,42,84,480,96,120,48,24,48,44,11,15,173,346,267,534
2017-01-13,652.0,80,40,80,484,97,121,50,25,50,38,10,13,172,344,264,528
2017-01-14,658.0,84,42,84,489,98,123,45,23,45,40,10,14,173,346,266,532
2017-01-15,643.0,82,41,82,479,96,120,44,22,44,38,10,13,169,338,259,518
2017-01-16,646.0,81,41,81,480,96,120,45,23,45,40,10,14,170,340,260,520
2017-01-17,662.0,84,42,84,491,99,123,50,25,50,37,10,13,176,352,270,540
2017-01-18,668.0,89,45,89,489,98,123,45,23,45,45,12,15,178,356,272,544
2017-01-19,641.0,87,44,87,468,94,117,44,22,44,42,11,14,171,342,262,524
2017-01-20,653.0,90,45,90,480,96,120,46,23,46,37,10,13,174,348,269,538
2017-01-21,649.0,89,45,89,475,95,119,49,25,49,36,9,12,174,348,269,538
2017-01-22,650.0,91,46,91,466,94,117,54,27,54,39,10,13,177,354,275,550
2017-01-23,636.0,90,45,90,463,93,116,50,25,50,33,9,11,172,344,267,534
2017-01-24,639.0,91,46,91,462,93,116,44,22,44,42,11,14,172,344,265,530
2017-01-25,664.0,101,51,101,473,95,119,44,22,44,46,12,16,180,360,280,560
2017-01-26,654.0,98,49,98,467,94,117,51,26,51,38,10,13,179,358,279,558
2017-01-27,665.0,95,48,95,479,96,120,54,27,54,37,10,13,181,362,282,564
2017-01-28,652.0,91,46,91,471,95,118,48,24,48,42,11,14,176,352,271,542
2017-01-29,657.0,100,50,100,476,96,119,44,22,44,37,10,13,178,356,276,552
2017-01-30,672.0,107,54,107,484,97,121,47,24,47,34,9,12,184,368,287,574
2017-01-31,684.0,103,52,103,493,99,124,57,29,57,31,8,11,188,376,295,590
2017-02-01,707.0,110,55,110,506,102,127,58,29,58,33,9,11,195,390,306,612
2017-02-02,677.0,102,51,102,489,98,123,57,29,57,29,8,10,186,372,292,584
2017-02-03,665.0,102,51,102,471,95,118,53,27,53,39,10,13,183,366,286,572
2017-02-04,690.0,104,52,104,487,98,122,58,29,58,41,11,14,190,380,298,596
2017-02-05,658.0,105,53,105,467,94,117,50,25,50,36,9,12,181,362,284,568
2017-02-06,650.0,109,55,109,450,90,113,55,28,55,36,9,12,182,364,289,578
2017-02-07,647.0,114,57,114,453,91,114,48,24,48,32,8,11,180,360,287,574
2017-02-08,657.0,113,57,113,458,92,115,49,25,49,37,10,13,184,368,290,580
2017-02-09,661.0,106,53,106,464,93,116,48,24,48,43,11,15,181,362,285,570
2017-02-10,659.0,100,50,100,468,94,117,46,23,46,45,12,15,179,358,278,556
2017-02-11,655.0,99,50,99,472,95,118,42,21,42,42,11,14,177,354,273,546
2017-02-12,646.0,95,48,95,482,97,121,34,17,34,35,9,12,171,342,262,524
2017-02-13,652.0,95,48,95,475,95,119,40,20,40,42,11,14,174,348,268,536
2017-02-14,635.0,93,47,93,468,94,117,40,20,40,34,9,12,170,340,262,524
2017-02-15,626.0,91,46,91,453,91,114,50,25,50,32,8,11,170,340,266,532
2017-02-16,645.0,91,46,91,465,93,117,57,29,57,32,8,11,176,352,276,552
2017-02-17,657.0,91,46,91,483,97,121,52,26,52,31,8,11,177,354,275,550
2017-02-18,630.0,90,45,90,458,92,115,55,28,55,27,7,9,172,344,269,538
2017-02-19,654.0,89,45,89,479,96,120,54,27,54,32,8,11,176,352,274,548
2017-02-20,659.0,99,50,99,476,96,119,47,24,47,37,10,13,180,360,278,556
2017-02-21,666.0,92,46,92,487,98,122,47,24,47,40,10,14,178,356,275,550
2017-02-22,650.0,98,49,98,482,97,121,39,20,39,31,8,11,174,348,269,538
2017-02-23,662.0,94,47,94,486,98,122,49,25,49,33,9,11,179,358,276,552
2017-02-24,681.0,93,47,93,501,101,126,53,27,53,34,9,12,184,368,284,568
2017-02-25,667.0,99,50,99,478,96,120,55,28,55,35,9,12,183,366,286,572
2017-02-26,663.0,98,49,98,477,96,120,55,28,55,33,9,11,182,364,284,568
2017-02-27,665.0,103,52,103,475,95,119,53,27,53,34,9,12,183,366,287,574
2017-02-28,693.0,109,55,109,487,98,122,59,30,59,38,10,13,193,386,303,606
2017-03-01,679.0,107,54,107,486,98,122,55,28,55,31,8,11,188,376,295,590
2017-03-02,668.0,99,50,99,478,96,120,54,27,54,37,10,13,183,366,286,572
2017-03-03,660.0,99,50,99,480,96,120,50,25,50,31,8,11,179,358,280,560
2017-03-04,656.0,97,49,97,481,97,121,46,23,46,32,8,11,177,354,275,550
2017-03-05,689.0,98,49,98,507,102,127,47,24,47,37,10,13,185,370,285,570
2017-03-06,691.0,95,48,95,506,102,127,46,23,46,44,11,15,184,368,283,566
2017-03-07,697.0,93,47,93,507,102,127,55,28,55,42,11,14,188,376,289,578
2017-03-08,683.0,96,48,96,496,100,124,57,29,57,34,9,12,186,372,289,578
2017-03-09,665.0,100,50,100,478,96,120,49,25,49,38,10,13,181,362,282,564
2017-03-10,642.0,97,49,97,462,93,116,47,24,47,36,9,12,175,350,272,544
2017-03-11,654.0,95,48,95,463,93,116,54,27,54,42,11,14,179,358,279,558
2017-03-12,644.0,89,45,89,465,93,117,53,27,53,37,10,13,175,350,272,544
2017-03-13,640.0,83,42,83,458,92,115,53,27,53,46,12,16,173,346,267,534
2017-03-14,630.0,87,44,87,452,91,113,52,26,52,39,10,13,171,342,265,530
2017-03-15,622.0,83,42,83,450,90,113,54,27,54,35,9,12,168,336,262,524
2017-03-16,617.0,86,43,86,446,90,112,48,24,48,37,10,13,167,334,259,518
2017-03-17,622.0,86,43,86,454,91,114,44,22,44,38,10,13,166,332,257,514
2017-03-18,651.0,90,45,90,478,96,120,43,22,43,40,10,14,173,346,267,534
2017-03-19,656.0,95,48,95,474,95,119,50,25,50,37,10,13,178,356,277,554
2017-03-20,652.0,101,51,101,471,95,118,49,25,49,31,8,11,179,358,279,558
2017-03-21,644.0,101,51,101,461,93,116,48,24,48,34,9,12,177,354,277,554
2017-03-22,651.0,104,52,104,467,94,117,42,21,42,38,10,13,177,354,276,552
2017-03-23,637.0,101,51,101,454,91,114,52,26,52,30,8,10,176,352,277,554
2017-03-24,656.0,100,50,100,467,94,117,51,26,51,38,10,13,180,360,281,562
2017-03-25,653.0,94,47,94,468,94,117,52,26,52,39,10,13,177,354,276,552
2017-03-26,633.0,90,45,90,456,92,114,50,25,50,37,10,13,172,344,267,534
2017-03-27,633.0,85,43,85,457,92,115,50,25,50,41,11,14,171,342,264,528
2017-03-28,644.0,90,45,90,462,93,116,50,25,50,42,11,14,174,348,270,540
2017-03-29,639.0,91,46,91,459,92,115,48,24,48,41,11,14,173,346,268,536
2017-03-30,626.0,87,44,87,458,92,115,36,18,36,45,12,15,166,332,253,506
2017-03-31,628.0,87,44,87,458,92,115,41,21,41,42,11,14,168,336,257,514
2017-04-01,632.0,89,45,89,469,94,118,41,21,41,33,9,11,169,338,259,518
2017-04-02,621.0,88,44,88,458,92,115,47,24,47,28,7,10,167,334,260,520
2017-04-03,644.0,99,50,99,469,94,118,51,26,51,25,7,9,177,354,277,554
2017-04-04,636.0,97,49,97,466,94,117,44,22,44,29,8,10,173,346,268,536
2017-04-05,628.0,102,51,102,452,91,113,43,22,43,31,8,11,172,344,269,538
2017-04-06,627.0,101,51,101,456,92,114,39,20,39,31,8,11,171,342,265,530
2017-04-07,625.0,100,50,100,457,92,115,42,21,42,26,7,9,170,340,266,532
2017-04-08,639.0,99,50,99,468,94,117,41,21,41,31,8,11,173,346,268,536
2017-04-09,621.0,98,49,98,452,91,113,46,23,46,25,7,9,170,340,266,532
2017-04-10,629.0,98,49,98,460,92,115,41,21,41,30,8,10,170,340,264,528
2017-04-11,645.0,93,47,93,474,95,119,46,23,46,32,8,11,173,346,269,538
2017-04-12,634.0,91,46,91,468,94,117,43,22,43,32,8,11,170,340,262,524
2017-04-13,648.0,93,47,93,475,95,119,46,23,46,34,9,12,174,348,270,540
2017-04-14,641.0,89,45,89,475,95,119,42,21,42,35,9,12,170,340,262,524
2017-04-15,649.0,91,46,91,479,96,120,46,23,46,33,9,11,174,348,268,536
2017-04-16,632.0,89,45,89,469,94,118,47,24,47,27,7,9,170,340,263,526
2017-04-17,639.0,91,46,91,479,96,120,39,20,39,30,8,10,170,340,260,520
2017-04-18,642.0,95,48,95,472,95,118,39,20,39,36,9,12,172,344,264,528
2017-04-19,653.0,90,45,90,486,98,122,40,20,40,37,10,13,173,346,265,530
2017-04-20,644.0,90,45,90,482,97,121,36,18,36,36,9,12,169,338,259,518
2017-04-21,633.0,87,44,87,484,97,121,34,17,34,28,7,10,165,330,252,504
2017-04-22,650.0,88,44,88,489,98,123,42,21,42,31,8,11,171,342,264,528
2017-04-23,659.0,88,44,88,491,99,123,43,22,43,37,10,13,175,350,267,534
2017-04-24,667.0,88,44,88,498,100,125,39,20,39,42,11,14,175,350,266,532
2017-04-25,664.0,85,43,85,493,99,124,45,23,45,41,11,14,176,352,268,536
2017-04-26,674.0,100,50,100,493,99,124,47,24,47,34,9,12,182,364,283,566
2017-04-27,666.0,96,48,96,488,98,122,46,23,46,36,9,12,178,356,276,552
2017-04-28,654.0,98,49,98,482,97,121,44,22,44,30,8,10,176,352,273,546
2017-04-29,664.0,104,52,104,487,98,122,42,21,42,31,8,11,179,358,279,558
2017-04-30,651.0,97,49,97,485,97,122,35,18,35,34,9,12,173,346,266,532
2017-05-01,639.0,94,47,94,477,96,120,37,19,37,31,8,11,170,340,262,524
2017-05-02,635.0,97,49,97,473,95,119,35,18,35,30,8,10,170,340,261,522
2017-05-03,631.0,91,46,91,472,95,118,39,20,39,29,8,10,169,338,258,516
2017-05-04,636.0,94,47,94,468,94,117,43,22,43,31,8,11,171,342,265,530
2017-05-05,621.0,88,44,88,463,93,116,38,19,38,32,8,11,164,328,253,506
2017-05-06,606.0,85,43,85,463,93,116,34,17,34,24,6,8,159,318,243,486
2017-05-07,589.0,86,43,86,446,90,112,34,17,34,23,6,8,156,312,240,480
2017-05-08,589.0,83,42,83,459,92,115,28,14,28,19,5,7,153,306,233,466
2017-05-09,602.0,89,45,89,461,93,116,28,14,28,24,6,8,158,316,241,482
2017-05-10,610.0,87,44,87,469,94,118,27,14,27,27,7,9,159,318,241,482
2017-05-11,623.0,87,44,87,476,96,119,34,17,34,26,7,9,164,328,249,498
2017-05-12,630.0,87,44,87,482,97,121,34,17,34,27,7,9,165,330,251,502
2017-05-13,610.0,87,44,87,466,94,117,34,17,34,23,6,8,161,322,246,492
2017-05-14,602.0,88,44,88,460,92,115,36,18,36,18,5,6,159,318,245,490
2017-05-15,604.0,90,45,90,456,92,114,40,20,40,18,5,6,162,324,250,500
2017-05-16,599.0,89,45,89,449,90,113,38,19,38,23,6,8,160,320,248,496
2017-05-17,586.0,81,41,81,445,89,112,36,18,36,24,6,8,154,308,237,474
2017-05-18,608.0,82,41,82,458,92,115,40,20,40,28,7,10,160,320,247,494
2017-05-19,587.0,80,40,80,448,90,112,36,18,36,23,6,8,154,308,236,472
2017-05-20,585.0,81,41,81,443,89,111,38,19,38,23,6,8,155,310,238,476
2017-05-21,597.0,84,42,84,454,91,114,38,19,38,21,6,7,158,316,243,486
2017-05-22,606.0,86,43,86,452,91,113,41,21,41,27,7,9,162,324,249,498
2017-05-23,606.0,84,42,84,447,90,112,44,22,44,31,8,11,162,324,251,502
2017-05-24,627.0,81,41,81,467,94,117,46,23,46,33,9,11,167,334,255,510
2017-05-25,633.0,88,44,88,462,93,116,46,23,46,37,10,13,170,340,263,526
2017-05-26,632.0,82,41,82,467,94,117,48,24,48,35,9,12,168,336,259,518
2017-05-27,636.0,83,42,83,477,96,120,45,23,45,31,8,11,169,338,259,518
2017-05-28,613.0,81,41,81,463,93,116,43,22,43,26,7,9,163,326,249,498
2017-05-29,602.0,82,41,82,450,90,113,41,21,41,29,8,10,160,320,246,492
2017-05-30,609.0,85,43,85,458,92,115,40,20,40,26,7,9,162,324,249,498
2017-05-31,602.0,83,42,83,454,91,114,39,20,39,26,7,9,160,320,245,490
2017-06-01,609.0,82,41,82,464,93,116,32,16,32,31,8,11,158,316,241,482
2017-06-02,622.0,82,41,82,474,95,119,34,17,34,32,8,11,161,322,246,492
2017-06-03,615.0,75,38,75,477,96,120,35,18,35,28,7,10,159,318,240,480
2017-06-04,622.0,78,39,78,483,97,121,29,15,29,32,8,11,159,318,239,478
2017-06-05,604.0,74,37,74,474,95,119,32,16,32,24,6,8,154,308,233,466
2017-06-06,620.0,82,41,82,475,95,119,35,18,35,28,7,10,161,322,246,492
2017-06-07,610.0,83,42,83,464,93,116,37,19,37,26,7,9,161,322,245,490
2017-06-08,611.0,87,44,87,460,92,115,39,20,39,25,7,9,163,326,250,500
2017-06-09,614.0,82,41,82,463,93,116,38,19,38,31,8,11,161,322,247,494
2017-06-10,615.0,82,41,82,459,92,115,41,21,41,33,9,11,163,326,249,498
2017-06-11,623.0,80,40,80,464,93,116,47,24,47,32,8,11,165,330,254,508
2017-06-12,616.0,77,39,77,462,93,116,44,22,44,33,9,11,163,326,248,496
2017-06-13,611.0,78,39,78,470,94,118,38,19,38,25,7,9,159,318,243,486
2017-06-14,625.0,73,37,73,479,96,120,44,22,44,29,8,10,163,326,247,494
2017-06-15,643.0,84,42,84,481,97,121,46,23,46,32,8,11,170,340,262,524
2017-06-16,638.0,83,42,83,486,98,122,43,22,43,26,7,9,169,338,257,514
2017-06-17,656.0,83,42,83,501,101,126,43,22,43,29,8,10,173,346,262,524
2017-06-18,646.0,79,40,79,497,100,125,41,21,41,29,8,10,169,338,255,510
2017-06-19,633.0,73,37,73,496,100,124,38,19,38,26,7,9,163,326,244,488
2017-06-20,628.0,73,37,73,490,98,123,35,18,35,30,8,10,161,322,241,482
2017-06-21,637.0,81,41,81,489,98,123,38,19,38,29,8,10,166,332,252,504
2017-06-22,637.0,81,41,81,486,98,122,43,22,43,27,7,9,168,336,255,510
2017-06-23,634.0,84,42,84,489,98,123,37,19,37,24,6,8,165,330,252,504
2017-06-24,637.0,85,43,85,499,100,125,32,16,32,21,6,7,165,330,249,498
2017-06-25,668.0,90,45,90,511,103,128,39,20,39,28,7,10,175,350,267,534
2017-06-26,649.0,93,47,93,487,98,122,42,21,42,27,7,9,173,346,266,532
2017-06-27,633.0,93,47,93,477,96,120,38,19,38,25,7,9,169,338,260,520
2017-06-28,633.0,93,47,93,480,96,120,36,18,36,24,6,8,167,334,257,514
2017-06-29,624.0,87,44,87,465,93,117,49,25,49,23,6,8,168,336,261,522
2017-06-30,642.0,98,49,98,474,95,119,41,21,41,29,8,10,173,346,268,536
2017-07-01,631.0,94,47,94,464,93,116,46,23,46,27,7,9,170,340,265,530
2017-07-02,627.0,98,49,98,458,92,115,42,21,42,29,8,10,170,340,265,530
2017-07-03,631.0,97,49,97,454,91,114,45,23,45,35,9,12,172,344,268,536
2017-07-04,628.0,92,46,92,465,93,117,39,20,39,32,8,11,167,334,259,518
2017-07-05,637.0,94,47,94,470,94,118,40,20,40,33,9,11,170,340,263,526
2017-07-06,644.0,102,51,102,467,94,117,42,21,42,33,9,11,175,350,272,544
2017-07-07,632.0,98,49,98,456,92,114,43,22,43,35,9,12,172,344,267,534
2017-07-08,625.0,93,47,93,448,90,112,44,22,44,40,10,14,169,338,263,526
2017-07-09,610.0,86,43,86,444,89,111,42,21,42,38,10,13,163,326,252,504
2017-07-10,621.0,93,47,93,447,90,112,43,22,43,38,10,13,169,338,261,522
2017-07-11,613.0,86,43,86,445,89,112,37,19,37,45,12,15,163,326,250,500
2017-07-12,611.0,93,47,93,436,88,109,45,23,45,37,10,13,168,336,260,520
2017-07-13,621.0,97,49,97,443,89,111,46,23,46,35,9,12,170,340,266,532
2017-07-14,594.0,93,47,93,429,86,108,38,19,38,34,9,12,161,322,251,502
2017-07-15,600.0,91,46,91,435,87,109,49,25,49,25,7,9,165,330,258,516
2017-07-16,603.0,89,45,89,436,88,109,48,24,48,30,8,10,165,330,256,512
2017-07-17,598.0,85,43,85,432,87,108,42,21,42,39,10,13,161,322,248,496
2017-07-18,605.0,89,45,89,439,88,110,42,21,42,35,9,12,163,326,253,506
2017-07-19,601.0,90,45,90,434,87,109,47,24,47,30,8,10,164,328,256,512
2017-07-20,603.0,91,46,91,430,86,108,53,27,53,29,8,10,167,334,262,524
2017-07-21,602.0,88,44,88,435,87,109,47,24,47,32,8,11,163,326,255,510
2017-07-22,592.0,87,44,87,427,86,107,47,24,47,31,8,11,162,324,252,504
2017-07-23,577.0,85,43,85,420,84,105,39,20,39,33,9,11,156,312,240,480
2017-07-24,578.0,82,41,82,423,85,106,37,19,37,36,9,12,154,308,237,474
2017-07-25,584.0,78,39,78,435,87,109,39,20,39,32,8,11,154,308,237,474
2017-07-26,593.0,78,39,78,439,88,110,43,22,43,33,9,11,158,316,242,484
2017-07-27,603.0,78,39,78,448,90,112,48,24,48,29,8,10,161,322,248,496
2017-07-28,595.0,79,40,79,447,90,112,39,20,39,30,8,10,158,316,240,480
2017-07-29,588.0,70,35,70,444,89,111,41,21,41,33,9,11,154,308,233,466
2017-07-30,607.0,76,38,76,458,92,115,42,21,42,31,8,11,159,318,244,488
2017-07-31,629.0,74,37,74,477,96,120,46,23,46,32,8,11,164,328,251,502
2017-08-01,624.0,83,42,83,467,94,117,40,20,40,34,9,12,165,330,252,504
2017-08-02,618.0,84,42,84,462,93,116,42,21,42,30,8,10,164,328,252,504
2017-08-03,606.0,85,43,85,454,91,114,39,20,39,28,7,10,161,322,248,496
2017-08-04,613.0,88,44,88,456,92,114,41,21,41,28,7,10,164,328,253,506
2017-08-05,612.0,86,43,86,454,91,114,38,19,38,34,9,12,162,324,250,500
2017-08-06,605.0,86,43,86,455,91,114,37,19,37,27,7,9,160,320,246,492
2017-08-07,632.0,85,43,85,485,97,122,33,17,33,29,8,10,165,330,250,500
2017-08-08,622.0,87,44,87,477,96,120,30,15,30,28,7,10,162,324,247,494
2017-08-09,639.0,89,45,89,477,96,120,40,20,40,33,9,11,170,340,260,520
2017-08-10,642.0,88,44,88,467,94,117,48,24,48,39,10,13,172,344,266,532
2017-08-11,635.0,84,42,84,461,93,116,47,24,47,43,11,15,170,340,262,524
2017-08-12,620.0,83,42,83,451,91,113,47,24,47,39,10,13,167,334,256,512
2017-08-13,613.0,81,41,81,449,90,113,51,26,51,32,8,11,165,330,256,512
2017-08-14,625.0,82,41,82,454,91,114,52,26,52,37,10,13,168,336,261,522
2017-08-15,622.0,84,42,84,447,90,112,49,25,49,42,11,14,168,336,259,518
2017-08-16,590.0,86,43,86,421,85,106,49,25,49,34,9,12,162,324,253,506
2017-08-17,591.0,81,41,81,437,88,110,40,20,40,33,9,11,158,316,242,484
2017-08-18,588.0,80,40,80,435,87,109,42,21,42,31,8,11,156,312,242,484
2017-08-19,603.0,78,39,78,449,90,113,39,20,39,37,10,13,159,318,243,486
2017-08-20,591.0,76,38,76,451,91,113,34,17,34,30,8,10,154,308,233,466
2017-08-21,584.0,75,38,75,439,88,110,39,20,39,31,8,11,154,308,235,470
2017-08-22,603.0,74,37,74,448,90,112,43,22,43,38,10,13,159,318,242,484
2017-08-23,612.0,75,38,75,449,90,113,51,26,51,37,10,13,164,328,252,504
2017-08-24,609.0,75,38,75,447,90,112,51,26,51,36,9,12,163,326,250,500
2017-08-25,613.0,77,39,77,449,90,113,51,26,51,36,9,12,164,328,253,506
2017-08-26,610.0,78,39,78,450,90,113,47,24,47,35,9,12,162,324,250,500
2017-08-27,629.0,82,41,82,450,90,113,56,28,56,41,11,14,170,340,265,530
2017-08-28,626.0,78,39,78,457,92,115,47,24,47,44,11,15,166,332,255,510
2017-08-29,617.0,79,40,79,445,89,112,49,25,49,44,11,15,165,330,255,510
2017-08-30,604.0,74,37,74,440,88,110,50,25,50,40,10,14,160,320,248,496
2017-08-31,625.0,83,42,83,445,89,112,57,29,57,40,10,14,170,340,266,532
2017-09-01,598.0,77,39,77,445,89,112,42,21,42,34,9,12,158,316,243,486
2017-09-02,582.0,69,35,69,434,87,109,45,23,45,34,9,12,154,308,235,470
2017-09-03,598.0,73,37,73,433,87,109,47,24,47,45,12,15,160,320,244,488
2017-09-04,616.0,77,39,77,442,89,111,54,27,54,43,11,15,166,332,257,514
2017-09-05,618.0,76,38,76,444,89,111,56,28,56,42,11,14,166,332,257,514
2017-09-06,618.0,82,41,82,445,89,112,54,27,54,37,10,13,167,334,261,522
2017-09-07,637.0,88,44,88,447,90,112,62,31,62,40,10,14,175,350,276,552
2017-09-08,628.0,88,44,88,450,90,113,54,27,54,36,9,12,170,340,267,534
2017-09-09,639.0,89,45,89,464,93,116,54,27,54,32,8,11,173,346,270,540
2017-09-10,637.0,87,44,87,460,92,115,51,26,51,39,10,13,172,344,266,532
2017-09-11,625.0,86,43,86,448,90,112,54,27,54,37,10,13,170,340,265,530
2017-09-12,613.0,84,42,84,440,88,110,57,29,57,32,8,11,167,334,262,524
2017-09-13,614.0,85,43,85,442,89,111,51,26,51,36,9,12,167,334,259,518
2017-09-14,605.0,81,41,81,433,87,109,52,26,52,39,10,13,164,328,255,510
2017-09-15,619.0,79,40,79,442,89,111,57,29,57,41,11,14,169,338,261,522
2017-09-16,615.0,83,42,83,441,89,111,53,27,53,38,10,13,168,336,260,520
2017-09-17,605.0,82,41,82,430,86,108,59,30,59,34,9,12,166,332,261,522
2017-09-18,596.0,82,41,82,418,84,105,62,31,62,34,9,12,165,330,261,522
2017-09-19,597.0,77,39,77,424,85,106,59,30,59,37,10,13,164,328,255,510
2017-09-20,599.0,78,39,78,422,85,106,56,28,56,43,11,15,163,326,255,510
2017-09-21,601.0,83,42,83,427,86,107,54,27,54,37,10,13,165,330,257,514
2017-09-22,582.0,85,43,85,415,83,104,50,25,50,32,8,11,159,318,250,500
2017-09-23,614.0,86,43,86,431,87,108,56,28,56,41,11,14,169,338,264,528
2017-09-24,611.0,88,44,88,441,89,111,50,25,50,32,8,11,166,332,260,520
2017-09-25,613.0,87,44,87,445,89,112,49,25,49,32,8,11,166,332,259,518
2017-09-26,615.0,86,43,86,442,89,111,51,26,51,36,9,12,167,334,260,520
2017-09-27,618.0,86,43,86,448,90,112,47,24,47,37,10,13,167,334,258,516
2017-09-28,623.0,81,41,81,458,92,115,49,25,49,35,9,12,167,334,257,514
2017-09-29,644.0,82,41,82,474,95,119,48,24,48,40,10,14,170,340,263,526
2017-09-30,636.0,89,45,89,446,90,112,59,30,59,42,11,14,176,352,274,548
2017-10-01,631.0,88,44,88,452,91,113,57,29,57,34,9,12,173,346,270,540
2017-10-02,630.0,85,43,85,456,92,114,52,26,52,37,10,13,171,342,264,528
2017-10-03,620.0,87,44,87,452,91,113,52,26,52,29,8,10,169,338,262,524
2017-10-04,628.0,91,46,91,459,92,115,47,24,47,31,8,11,170,340,264,528
2017-10-05,615.0,88,44,88,443,89,111,47,24,47,37,10,13,167,334,259,518
2017-10-06,633.0,90,45,90,447,90,112,56,28,56,40,10,14,173,346,272,544
2017-10-07,636.0,91,46,91,450,90,113,55,28,55,40,10,14,174,348,273,546
2017-10-08,622.0,85,43,85,451,91,113,49,25,49,37,10,13,169,338,260,520
2017-10-09,623.0,81,41,81,456,92,114,52,26,52,34,9,12,168,336,259,518
2017-10-10,625.0,78,39,78,454,91,114,54,27,54,39,10,13,167,334,259,518
2017-10-11,625.0,76,38,76,458,92,115,55,28,55,36,9,12,167,334,258,516
2017-10-12,632.0,76,38,76,472,95,118,51,26,51,33,9,11,168,336,256,512
2017-10-13,624.0,69,35,69,466,94,117,55,28,55,34,9,12,166,332,253,506
2017-10-14,619.0,79,40,79,457,92,115,49,25,49,34,9,12,166,332,255,510
2017-10-15,631.0,85,43,85,461,93,116,53,27,53,32,8,11,171,342,265,530
2017-10-16,638.0,84,42,84,466,94,117,50,25,50,38,10,13,171,342,264,528
2017-10-17,601.0,76,38,76,445,89,112,44,22,44,36,9,12,158,316,244,488
2017-10-18,613.0,79,40,79,454,91,114,39,20,39,41,11,14,162,324,246,492
2017-10-19,628.0,91,46,91,452,91,113,38,19,38,47,12,16,168,336,258,516
2017-10-20,630.0,95,48,95,452,91,113,39,20,39,44,11,15,170,340,262,524
2017-10-21,637.0,98,49,98,463,93,116,39,20,39,37,10,13,172,344,266,532
2017-10-22,643.0,93,47,93,475,95,119,45,23,45,30,8,10,173,346,267,534
2017-10-23,639.0,91,46,91,474,95,119,45,23,45,29,8,10,172,344,265,530
2017-10-24,621.0,88,44,88,457,92,115,46,23,46,30,8,10,167,334,259,518
2017-10-25,607.0,83,42,83,451,91,113,44,22,44,29,8,10,163,326,250,500
2017-10-26,612.0,90,45,90,452,91,113,38,19,38,32,8,11,163,326,252,504
2017-10-27,634.0,92,46,92,473,95,119,35,18,35,34,9,12,168,336,258,516
2017-10-28,635.0,87,44,87,469,94,118,44,22,44,35,9,12,169,338,261,522
2017-10-29,636.0,93,47,93,458,92,115,50,25,50,35,9,12,173,346,270,540
2017-10-30,633.0,91,46,91,467,94,117,42,21,42,33,9,11,170,340,261,522
2017-10-31,615.0,89,45,89,452,91,113,45,23,45,29,8,10,167,334,257,514
2017-11-01,617.0,88,44,88,452,91,113,41,21,41,36,9,12,165,330,254,508
2017-11-02,594.0,88,44,88,435,87,109,33,17,33,38,10,13,158,316,243,486
2017-11-03,600.0,88,44,88,435,87,109,34,17,34,43,11,15,159,318,246,492
2017-11-04,600.0,85,43,85,435,87,109,39,20,39,41,11,14,161,322,247,494
2017-11-05,590.0,91,46,91,424,85,106,40,20,40,35,9,12,160,320,249,498
2017-11-06,609.0,93,47,93,434,87,109,43,22,43,39,10,13,166,332,258,516
2017-11-07,612.0,96,48,96,438,88,110,41,21,41,37,10,13,167,334,260,520
2017-11-08,613.0,93,47,93,445,89,112,40,20,40,35,9,12,165,330,257,514
2017-11-09,598.0,90,45,90,438,88,110,39,20,39,31,8,11,161,322,250,500
2017-11-10,605.0,85,43,85,436,88,109,40,20,40,44,11,15,162,324,249,498
2017-11-11,623.0,92,46,92,445,89,112,42,21,42,44,11,15,167,334,261,522
2017-11-12,608.0,86,43,86,437,88,110,42,21,42,43,11,15,163,326,253,506
2017-11-13,600.0,78,39,78,437,88,110,46,23,46,39,10,13,160,320,247,494
2017-11-14,623.0,84,42,84,451,91,113,47,24,47,41,11,14,168,336,258,516
2017-11-15,637.0,85,43,85,469,94,118,45,23,45,38,10,13,170,340,261,522
2017-11-16,622.0,88,44,88,458,92,115,43,22,43,33,9,11,167,334,257,514
2017-11-17,624.0,92,46,92,447,90,112,52,26,52,33,9,11,171,342,267,534
2017-11-18,624.0,88,44,88,456,92,114,46,23,46,34,9,12,168,336,260,520
2017-11-19,632.0,87,44,87,464,93,116,47,24,47,34,9,12,170,340,262,524
2017-11-20,634.0,88,44,88,469,94,118,48,24,48,29,8,10,170,340,264,528
2017-11-21,634.0,82,41,82,471,95,118,47,24,47,34,9,12,169,338,259,518
2017-11-22,635.0,85,43,85,473,95,119,41,21,41,36,9,12,168,336,257,514
2017-11-23,623.0,88,44,88,458,92,115,44,22,44,33,9,11,167,334,258,516
2017-11-24,635.0,84,42,84,457,92,115,54,27,54,40,10,14,171,342,267,534
2017-11-25,632.0,80,40,80,450,90,113,57,29,57,45,12,15,171,342,265,530
2017-11-26,630.0,75,38,75,459,92,115,61,31,61,35,9,12,170,340,263,526
2017-11-27,618.0,75,38,75,458,92,115,51,26,51,34,9,12,165,330,253,506
2017-11-28,593.0,75,38,75,437,88,110,43,22,43,38,10,13,158,316,241,482
2017-11-29,604.0,75,38,75,444,89,111,41,21,41,44,11,15,159,318,242,484
2017-11-30,598.0,78,39,78,436,88,109,46,23,46,38,10,13,160,320,246,492
2017-12-01,598.0,77,39,77,430,86,108,52,26,52,39,10,13,161,322,250,500
2017-12-02,580.0,71,36,71,428,86,107,46,23,46,35,9,12,154,308,236,472
2017-12-03,595.0,73,37,73,427,86,107,58,29,58,37,10,13,162,324,251,502
2017-12-04,581.0,76,38,76,417,84,105,50,25,50,38,10,13,157,314,244,488
2017-12-05,572.0,70,35,70,416,84,104,47,24,47,39,10,13,153,306,234,468
2017-12-06,576.0,67,34,67,424,85,106,49,25,49,36,9,12,153,306,234,468
2017-12-07,579.0,68,34,68,428,86,107,44,22,44,39,10,13,152,304,232,464
2017-12-08,598.0,72,36,72,435,87,109,53,27,53,38,10,13,160,320,247,494
2017-12-09,612.0,67,34,67,446,90,112,50,25,50,49,13,17,162,324,246,492
2017-12-10,600.0,72,36,72,434,87,109,49,25,49,45,12,15,160,320,245,490
2017-12-11,584.0,75,38,75,426,86,107,45,23,45,38,10,13,157,314,240,480
2017-12-12,596.0,78,39,78,431,87,108,46,23,46,41,11,14,160,320,246,492
2017-12-13,591.0,79,40,79,438,88,110,45,23,45,29,8,10,159,318,244,488
2017-12-14,622.0,83,42,83,442,89,111,52,26,52,45,12,15,169,338,261,522
2017-12-15,618.0,89,45,89,448,90,112,46,23,46,35,9,12,167,334,259,518
2017-12-16,594.0,90,45,90,423,85,106,46,23,46,35,9,12,162,324,254,508
2017-12-17,601.0,86,43,86,438,88,110,44,22,44,33,9,11,162,324,251,502
2017-12-18,591.0,81,41,81,430,86,108,48,24,48,32,8,11,159,318,248,496
2017-12-19,602.0,87,44,87,429,86,108,53,27,53,33,9,11,166,332,259,518
2017-12-20,619.0,88,44,88,445,89,112,56,28,56,30,8,10,169,338,266,532
2017-12-21,597.0,88,44,88,429,86,108,50,25,50,30,8,10,163,326,256,512
2017-12-22,604.0,86,43,86,438,88,110,47,24,47,33,9,11,164,328,254,508
2017-12-23,573.0,86,43,86,414,83,104,41,21,41,32,8,11,155,310,242,484
2017-12-24,596.0,84,42,84,430,86,108,47,24,47,35,9,12,161,322,251,502
2017-12-25,619.0,88,44,88,445,89,112,48,24,48,38,10,13,167,334,261,522
2017-12-26,609.0,93,47,93,438,88,110,48,24,48,30,8,10,167,334,261,522
2017-12-27,617.0,86,43,86,450,90,113,49,25,49,32,8,11,166,332,259,518
2017-12-28,635.0,83,42,83,462,93,116,50,25,50,40,10,14,170,340,263,526
2017-12-29,632.0,86,43,86,461,93,116,44,22,44,41,11,14,169,338,260,520
2017-12-30,636.0,88,44,88,455,91,114,52,26,52,41,11,14,172,344,268,536
2017-12-31,621.0,84,42,84,440,88,110,58,29,58,39,10,13,169,338,265,530
2018-01-01,629.0,85,43,85,447,90,112,54,27,54,43,11,15,171,342,266,532
2018-01-02,623.0,90,45,90,440,88,110,51,26,51,42,11,14,170,340,265,530
2018-01-03,635.0,87,44,87,452,91,113,52,26,52,44,11,15,172,344,267,534
2018-01-04,650.0,94,47,94,460,92,115,51,26,51,45,12,15,177,354,275,550
2018-01-05,657.0,96,48,96,463,93,116,51,26,51,47,12,16,179,358,279,558
2018-01-06,651.0,97,49,97,456,92,114,50,25,50,48,12,16,178,356,277,554
2018-01-07,660.0,93,47,93,475,95,119,49,25,49,43,11,15,178,356,276,552
2018-01-08,670.0,94,47,94,480,96,120,48,24,48,48,12,16,179,358,278,556
2018-01-09,668.0,95,48,95,485,97,122,46,23,46,42,11,14,179,358,277,554
2018-01-10,665.0,93,47,93,480,96,120,45,23,45,47,12,16,178,356,274,548
2018-01-11,671.0,93,47,93,485,97,122,46,23,46,47,12,16,179,358,277,554
2018-01-12,698.0,99,50,99,496,100,124,62,31,62,41,11,14,192,384,299,598
2018-01-13,681.0,96,48,96,489,98,123,56,28,56,40,10,14,184,368,289,578
2018-01-14,662.0,94,47,94,479,96,120,55,28,55,34,9,12,180,360,281,562
2018-01-15,676.0,102,51,102,477,96,120,54,27,54,43,11,15,185,370,291,582
2018-01-16,685.0,102,51,102,487,98,122,50,25,50,46,12,16,186,372,290,580
2018-01-17,698.0,106,53,106,494,99,124,57,29,57,41,11,14,192,384,301,602
2018-01-18,692.0,106,53,106,490,98,123,57,29,57,39,10,13,190,380,299,598
2018-01-19,679.0,98,49,98,485,97,122,55,28,55,41,11,14,185,370,289,578
2018-01-20,704.0,99,50,99,504,101,126,56,28,56,45,12,15,191,382,296,592
2018-01-21,686.0,91,46,91,507,102,127,49,25,49,39,10,13,183,366,280,560
2018-01-22,687.0,93,47,93,506,102,127,50,25,50,38,10,13,184,368,283,566
2018-01-23,678.0,91,46,91,505,101,127,48,24,48,34,9,12,180,360,278,556
2018-01-24,664.0,101,51,101,481,97,121,52,26,52,30,8,10,182,364,284,568
2018-01-25,649.0,93,47,93,468,94,117,53,27,53,35,9,12,177,354,275,550
2018-01-26,662.0,93,47,93,479,96,120,51,26,51,39,10,13,179,358,277,554
2018-01-27,646.0,89,45,89,479,96,120,49,25,49,29,8,10,174,348,268,536
2018-01-28,679.0,89,45,89,493,99,124,59,30,59,38,10,13,184,368,285,570
2018-01-29,663.0,85,43,85,492,99,123,53,27,53,33,9,11,178,356,272,544
2018-01-30,674.0,87,44,87,502,101,126,46,23,46,39,10,13,178,356,272,544
2018-01-31,691.0,89,45,89,505,101,127,53,27,53,44,11,15,184,368,284,568
2018-02-01,673.0,95,48,95,492,99,123,48,24,48,38,10,13,181,362,279,558
2018-02-02,658.0,94,47,94,479,96,120,45,23,45,40,10,14,176,352,273,546
2018-02-03,665.0,93,47,93,490,98,123,45,23,45,37,10,13,178,356,274,548
2018-02-04,664.0,91,46,91,486,98,122,50,25,50,37,10,13,179,358,276,552
2018-02-05,684.0,94,47,94,501,101,126,45,23,45,44,11,15,182,364,280,560
2018-02-06,673.0,89,45,89,496,100,124,47,24,47,41,11,14,180,360,274,548
2018-02-07,681.0,97,49,97,500,100,125,45,23,45,39,10,13,182,364,280,560
2018-02-08,688.0,90,45,90,516,104,129,50,25,50,32,8,11,182,364,280,560
2018-02-09,676.0,90,45,90,503,101,126,43,22,43,40,10,14,178,356,273,546
2018-02-10,668.0,91,46,91,500,100,125,46,23,46,31,8,11,177,354,273,546
2018-02-11,664.0,87,44,87,504,101,126,46,23,46,27,7,9,175,350,268,536
2018-02-12,659.0,90,45,90,484,97,121,44,22,44,41,11,14,175,350,269,538
2018-02-13,658.0,93,47,93,479,96,120,48,24,48,38,10,13,177,354,274,548
2018-02-14,652.0,97,49,97,466,94,117,45,23,45,44,11,15,177,354,274,548
2018-02-15,661.0,100,50,100,470,94,118,50,25,50,41,11,14,180,360,282,564
2018-02-16,666.0,99,50,99,470,94,118,47,24,47,50,13,17,181,362,281,562
2018-02-17,668.0,99,50,99,470,94,118,54,27,54,45,12,15,183,366,286,572
2018-02-18,666.0,98,49,98,466,94,117,56,28,56,46,12,16,183,366,287,574
2018-02-19,660.0,98,49,98,474,95,119,51,26,51,37,10,13,180,360,281,562
2018-02-20,667.0,91,46,91,492,99,123,53,27,53,31,8,11,180,360,278,556
2018-02-21,668.0,83,42,83,496,100,124,59,30,59,30,8,10,180,360,276,552
2018-02-22,678.0,82,41,82,506,102,127,53,27,53,37,10,13,180,360,275,550
2018-02-23,691.0,85,43,85,516,104,129,56,28,56,34,9,12,184,368,282,564
2018-02-24,686.0,84,42,84,513,103,129,53,27,53,36,9,12,181,362,278,556
2018-02-25,687.0,87,44,87,510,102,128,51,26,51,39,10,13,182,364,279,558
2018-02-26,681.0,87,44,87,507,102,127,51,26,51,36,9,12,181,362,277,554
2018-02-27,697.0,86,43,86,523,105,131,48,24,48,40,10,14,182,364,279,558
2018-02-28,697.0,87,44,87,521,105,131,46,23,46,43,11,15,183,366,279,558
2018-03-01,687.0,91,46,91,511,103,128,49,25,49,36,9,12,183,366,280,560
2018-03-02,664.0,87,44,87,494,99,124,45,23,45,38,10,13,176,352,269,538
2018-03-03,669.0,90,45,90,496,100,124,48,24,48,35,9,12,178,356,274,548
2018-03-04,657.0,91,46,91,492,99,123,41,21,41,33,9,11,175,350,266,532
2018-03-05,648.0,93,47,93,481,97,121,40,20,40,34,9,12,173,346,266,532
2018-03-06,643.0,96,48,96,476,96,119,36,18,36,35,9,12,171,342,263,526
2018-03-07,658.0,97,49,97,484,97,121,40,20,40,37,10,13,176,352,271,542
2018-03-08,641.0,96,48,96,467,94,117,45,23,45,33,9,11,174,348,269,538
2018-03-09,652.0,106,53,106,469,94,118,40,20,40,37,10,13,177,354,277,554
2018-03-10,654.0,107,54,107,469,94,118,38,19,38,40,10,14,177,354,277,554
2018-03-11,651.0,109,55,109,467,94,117,40,20,40,35,9,12,178,356,278,556
2018-03-12,661.0,104,52,104,484,97,121,40,20,40,33,9,11,178,356,276,552
2018-03-13,653.0,102,51,102,471,95,118,44,22,44,36,9,12,177,354,276,552
2018-03-14,644.0,101,51,101,469,94,118,41,21,41,33,9,11,175,350,271,542
2018-03-15,636.0,104,52,104,470,94,118,36,18,36,26,7,9,171,342,267,534
2018-03-16,640.0,104,52,104,472,95,118,36,18,36,28,7,10,172,344,268,536
2018-03-17,652.0,101,51,101,472,95,118,42,21,42,37,10,13,177,354,274,548
2018-03-18,648.0,99,50,99,471,95,118,41,21,41,37,10,13,176,352,271,542
2018-03-19,656.0,98,49,98,477,96,120,45,23,45,36,9,12,177,354,275,550
2018-03-20,657.0,94,47,94,482,97,121,46,23,46,35,9,12,176,352,273,546
2018-03-21,649.0,98,49,98,479,96,120,41,21,41,31,8,11,174,348,270,540
2018-03-22,673.0,101,51,101,492,99,123,47,24,47,33,9,11,183,366,282,564
2018-03-23,666.0,106,53,106,481,97,121,46,23,46,33,9,11,182,364,284,568
2018-03-24,668.0,103,52,103,478,96,120,51,26,51,36,9,12,183,366,286,572
2018-03-25,662.0,97,49,97,477,96,120,58,29,58,30,8,10,182,364,285,570
2018-03-26,657.0,91,46,91,484,97,121,52,26,52,30,8,10,177,354,274,548
2018-03-27,646.0,85,43,85,480,96,120,51,26,51,30,8,10,173,346,266,532
2018-03-28,641.0,87,44,87,469,94,118,53,27,53,32,8,11,173,346,269,538
2018-03-29,638.0,89,45,89,462,93,116,50,25,50,37,10,13,173,346,268,536
2018-03-30,626.0,90,45,90,464,93,116,43,22,43,29,8,10,168,336,259,518
2018-03-31,608.0,89,45,89,443,89,111,40,20,40,36,9,12,163,326,252,504
2018-04-01,624.0,89,45,89,452,91,113,43,22,43,40,10,14,168,336,259,518
2018-04-02,625.0,91,46,91,453,91,114,39,20,39,42,11,14,168,336,258,516
2018-04-03,629.0,88,44,88,459,92,115,42,21,42,40,10,14,167,334,259,518
2018-04-04,632.0,88,44,88,466,94,117,43,22,43,35,9,12,169,338,260,520
2018-04-05,618.0,88,44,88,456,92,114,42,21,42,32,8,11,165,330,255,510
2018-04-06,609.0,88,44,88,454,91,114,35,18,35,32,8,11,161,322,248,496
2018-04-07,604.0,86,43,86,452,91,113,36,18,36,30,8,10,160,320,245,490
2018-04-08,627.0,91,46,91,465,93,117,38,19,38,33,9,11,167,334,257,514
2018-04-09,640.0,97,49,97,465,93,117,49,25,49,29,8,10,175,350,273,546
2018-04-10,633.0,96,48,96,467,94,117,40,20,40,30,8,10,170,340,263,526
2018-04-11,621.0,91,46,91,466,94,117,34,17,34,30,8,10,165,330,252,504
2018-04-12,629.0,86,43,86,472,95,118,38,19,38,33,9,11,166,332,253,506
2018-04-13,640.0,82,41,82,484,97,121,43,22,43,31,8,11,168,336,257,514
2018-04-14,642.0,83,42,83,487,98,122,38,19,38,34,9,12,168,336,255,510
2018-04-15,640.0,95,48,95,476,96,119,37,19,37,32,8,11,171,342,262,524
2018-04-16,641.0,86,43,86,478,96,120,43,22,43,34,9,12,170,340,261,522
2018-04-17,628.0,85,43,85,463,93,116,47,24,47,33,9,11,169,338,259,518
2018-04-18,631.0,80,40,80,470,94,118,43,22,43,38,10,13,166,332,254,508
2018-04-19,633.0,88,44,88,472,95,118,42,21,42,31,8,11,168,336,259,518
2018-04-20,634.0,90,45,90,477,96,120,42,21,42,25,7,9,169,338,261,522
2018-04-21,617.0,83,42,83,461,93,116,41,21,41,32,8,11,164,328,251,502
2018-04-22,622.0,86,43,86,464,93,116,39,20,39,33,9,11,165,330,252,504
2018-04-23,634.0,91,46,91,462,93,116,45,23,45,36,9,12,171,342,264,528
2018-04-24,624.0,87,44,87,455,91,114,48,24,48,34,9,12,168,336,261,522
2018-04-25,641.0,90,45,90,470,94,118,46,23,46,35,9,12,171,342,266,532
2018-04-26,643.0,86,43,86,474,95,119,42,21,42,41,11,14,170,340,261,522
2018-04-27,636.0,78,39,78,473,95,119,49,25,49,36,9,12,168,336,258,516
2018-04-28,652.0,83,42,83,487,98,122,44,22,44,38,10,13,172,344,262,524
2018-04-29,649.0,81,41,81,487,98,122,40,20,40,41,11,14,170,340,257,514
2018-04-30,644.0,92,46,92,465,93,117,46,23,46,41,11,14,173,346,269,538
2018-05-01,638.0,86,43,86,475,95,119,39,20,39,38,10,13,168,336,257,514
2018-05-02,635.0,86,43,86,465,93,117,43,22,43,41,11,14,169,338,260,520
2018-05-03,634.0,91,46,91,463,93,116,44,22,44,36,9,12,170,340,263,526
2018-05-04,634.0,86,43,86,464,93,116,48,24,48,36,9,12,169,338,262,524
2018-05-05,626.0,89,45,89,458,92,115,49,25,49,30,8,10,170,340,263,526
2018-05-06,617.0,89,45,89,460,92,115,40,20,40,28,7,10,164,328,254,508
2018-05-07,612.0,80,40,80,457,92,115,41,21,41,34,9,12,162,324,248,496
2018-05-08,590.0,78,39,78,439,88,110,39,20,39,34,9,12,156,312,239,478
2018-05-09,587.0,81,41,81,436,88,109,40,20,40,30,8,10,157,314,240,480
2018-05-10,596.0,78,39,78,439,88,110,50,25,50,29,8,10,160,320,248,496
2018-05-11,609.0,83,42,83,444,89,111,50,25,50,32,8,11,164,328,255,510
2018-05-12,614.0,84,42,84,442,89,111,46,23,46,42,11,14,165,330,255,510
2018-05-13,609.0,84,42,84,440,88,110,46,23,46,39,10,13,163,326,253,506
2018-05-14,596.0,83,42,83,433,87,109,49,25,49,31,8,11,162,324,252,504
2018-05-15,583.0,88,44,88,425,85,107,41,21,41,29,8,10,158,316,246,492
2018-05-16,590.0,89,45,89,426,86,107,49,25,49,26,7,9,163,326,254,508
2018-05-17,596.0,86,43,86,430,86,108,50,25,50,30,8,10,162,324,254,508
2018-05-18,599.0,93,47,93,437,88,110,39,20,39,30,8,10,163,326,252,504
2018-05-19,597.0,94,47,94,432,87,108,41,21,41,30,8,10,163,326,253,506
2018-05-20,606.0,93,47,93,442,89,111,36,18,36,35,9,12,163,326,252,504
2018-05-21,594.0,88,44,88,435,87,109,38,19,38,33,9,11,159,318,246,492
2018-05-22,600.0,88,44,88,438,88,110,39,20,39,35,9,12,161,322,249,498
2018-05-23,605.0,89,45,89,447,90,112,35,18,35,34,9,12,162,324,248,496
2018-05-24,596.0,88,44,88,436,88,109,39,20,39,33,9,11,161,322,247,494
2018-05-25,600.0,90,45,90,434,87,109,39,20,39,37,10,13,162,324,251,502
2018-05-26,581.0,84,42,84,425,85,107,43,22,43,29,8,10,157,314,244,488
2018-05-27,594.0,83,42,83,447,90,112,40,20,40,24,6,8,158,316,243,486
2018-05-28,597.0,85,43,85,444,89,111,42,21,42,26,7,9,160,320,247,494
2018-05-29,602.0,84,42,84,438,88,110,44,22,44,36,9,12,161,322,250,500
2018-05-30,625.0,94,47,94,453,91,114,45,23,45,33,9,11,170,340,264,528
2018-05-31,600.0,91,46,91,435,87,109,42,21,42,32,8,11,162,324,253,506
2018-06-01,608.0,85,43,85,449,90,113,42,21,42,32,8,11,162,324,251,502
2018-06-02,588.0,85,43,85,434,87,109,38,19,38,31,8,11,157,314,243,486
2018-06-03,595.0,81,41,81,444,89,111,39,20,39,31,8,11,158,316,242,484
2018-06-04,597.0,84,42,84,451,91,113,34,17,34,28,7,10,157,314,241,482
2018-06-05,591.0,81,41,81,452,91,113,32,16,32,26,7,9,155,310,235,470
2018-06-06,586.0,88,44,88,446,90,112,26,13,26,26,7,9,154,308,235,470
2018-06-07,608.0,89,45,89,464,93,116,28,14,28,27,7,9,159,318,242,484
2018-06-08,601.0,84,42,84,464,93,116,27,14,27,26,7,9,156,312,236,472
2018-06-09,590.0,77,39,77,455,91,114,30,15,30,28,7,10,152,304,231,462
2018-06-10,609.0,80,40,80,466,94,117,35,18,35,28,7,10,159,318,242,484
2018-06-11,611.0,79,40,79,470,94,118,35,18,35,27,7,9,159,318,241,482
2018-06-12,604.0,80,40,80,467,94,117,38,19,38,19,5,7,158,316,242,484
2018-06-13,614.0,77,39,77,469,94,118,41,21,41,27,7,9,161,322,245,490
2018-06-14,621.0,78,39,78,469,94,118,46,23,46,28,7,10,163,326,252,504
2018-06-15,615.0,84,42,84,460,92,115,42,21,42,29,8,10,163,326,251,502
2018-06-16,611.0,86,43,86,449,90,113,44,22,44,32,8,11,163,326,254,508
2018-06-17,607.0,89,45,89,450,90,113,41,21,41,27,7,9,163,326,252,504
2018-06-18,593.0,88,44,88,435,87,109,35,18,35,35,9,12,158,316,244,488
2018-06-19,599.0,98,49,98,429,86,108,41,21,41,31,8,11,164,328,258,516
2018-06-20,581.0,87,44,87,428,86,107,34,17,34,32,8,11,155,310,239,478
2018-06-21,573.0,87,44,87,432,87,108,31,16,31,23,6,8,153,306,234,468
2018-06-22,575.0,87,44,87,435,87,109,29,15,29,24,6,8,152,304,233,466
2018-06-23,588.0,89,45,89,438,88,110,34,17,34,27,7,9,157,314,242,484
2018-06-24,591.0,94,47,94,440,88,110,36,18,36,21,6,7,159,318,247,494
2018-06-25,585.0,92,46,92,426,86,107,42,21,42,25,7,9,160,320,250,500
2018-06-26,575.0,87,44,87,429,86,108,35,18,35,24,6,8,154,308,238,476
2018-06-27,606.0,88,44,88,450,90,113,43,22,43,25,7,9,163,326,253,506
2018-06-28,607.0,93,47,93,448,90,112,42,21,42,24,6,8,164,328,255,510
2018-06-29,608.0,91,46,91,450,90,113,35,18,35,32,8,11,162,324,250,500
2018-06-30,627.0,97,49,97,458,92,115,42,21,42,30,8,10,170,340,264,528
2018-07-01,631.0,95,48,95,465,93,117,45,23,45,26,7,9,171,342,266,532
2018-07-02,648.0,95,48,95,465,93,117,46,23,46,42,11,14,175,350,272,544
2018-07-03,633.0,98,49,98,464,93,116,39,20,39,32,8,11,170,340,264,528
2018-07-04,614.0,88,44,88,449,90,113,39,20,39,38,10,13,164,328,253,506
2018-07-05,622.0,93,47,93,444,89,111,44,22,44,41,11,14,169,338,262,524
2018-07-06,618.0,95,48,95,436,88,109,47,24,47,40,10,14,170,340,265,530
2018-07-07,608.0,87,44,87,440,88,110,48,24,48,33,9,11,165,330,256,512
2018-07-08,588.0,85,43,85,429,86,108,42,21,42,32,8,11,158,316,246,492
2018-07-09,589.0,76,38,76,439,88,110,45,23,45,29,8,10,157,314,241,482
2018-07-10,592.0,79,40,79,434,87,109,48,24,48,31,8,11,159,318,247,494
2018-07-11,582.0,77,39,77,434,87,109,41,21,41,30,8,10,155,310,237,474
2018-07-12,589.0,78,39,78,439,88,110,42,21,42,30,8,10,156,312,240,480
2018-07-13,594.0,86,43,86,430,86,108,45,23,45,33,9,11,161,322,250,500
2018-07-14,609.0,90,45,90,444,89,111,40,20,40,35,9,12,163,326,253,506
2018-07-15,599.0,85,43,85,436,88,109,37,19,37,41,11,14,161,322,245,490
2018-07-16,617.0,80,40,80,448,90,112,44,22,44,45,12,15,164,328,251,502
2018-07-17,602.0,77,39,77,445,89,112,40,20,40,40,10,14,158,316,243,486
2018-07-18,592.0,75,38,75,435,87,109,46,23,46,36,9,12,157,314,242,484
2018-07-19,617.0,81,41,81,452,91,113,44,22,44,40,10,14,164,328,252,504
2018-07-20,611.0,79,40,79,445,89,112,47,24,47,40,10,14,163,326,252,504
2018-07-21,611.0,78,39,78,455,91,114,42,21,42,36,9,12,160,320,246,492
2018-07-22,613.0,77,39,77,456,92,114,42,21,42,38,10,13,162,324,246,492
2018-07-23,592.0,72,36,72,442,89,111,46,23,46,32,8,11,156,312,240,480
2018-07-24,608.0,78,39,78,443,89,111,50,25,50,37,10,13,163,326,252,504
2018-07-25,616.0,83,42,83,443,89,111,60,30,60,30,8,10,169,338,264,528
2018-07-26,605.0,79,40,79,437,88,110,60,30,60,29,8,10,166,332,259,518
2018-07-27,610.0,83,42,83,446,90,112,50,25,50,31,8,11,165,330,256,512
2018-07-28,631.0,92,46,92,454,91,114,47,24,47,38,10,13,171,342,266,532
2018-07-29,631.0,94,47,94,453,91,114,46,23,46,38,10,13,171,342,267,534
2018-07-30,607.0,90,45,90,440,88,110,41,21,41,36,9,12,163,326,253,506
2018-07-31,615.0,95,48,95,441,89,111,39,20,39,40,10,14,167,334,259,518
2018-08-01,586.0,95,48,95,419,84,105,42,21,42,30,8,10,161,322,252,504
2018-08-02,588.0,91,46,91,422,85,106,43,22,43,32,8,11,161,322,251,502
2018-08-03,591.0,88,44,88,432,87,108,38,19,38,33,9,11,159,318,245,490
2018-08-04,600.0,83,42,83,440,88,110,45,23,45,32,8,11,161,322,249,498
2018-08-05,589.0,87,44,87,434,87,109,43,22,43,25,7,9,160,320,248,496
2018-08-06,592.0,89,45,89,430,86,108,45,23,45,28,7,10,161,322,252,504
2018-08-07,604.0,91,46,91,433,87,109,46,23,46,34,9,12,165,330,258,516
2018-08-08,600.0,87,44,87,434,87,109,45,23,45,34,9,12,163,326,253,506
2018-08-09,595.0,85,43,85,434,87,109,39,20,39,37,10,13,160,320,246,492
2018-08-10,609.0,90,45,90,439,88,110,41,21,41,39,10,13,164,328,254,508
2018-08-11,597.0,93,47,93,428,86,107,40,20,40,36,9,12,162,324,252,504
2018-08-12,600.0,91,46,91,430,86,108,41,21,41,38,10,13,163,326,253,506
2018-08-13,594.0,85,43,85,431,87,108,47,24,47,31,8,11,162,324,251,502
2018-08-14,607.0,85,43,85,441,89,111,49,25,49,32,8,11,165,330,256,512
2018-08-15,603.0,86,43,86,442,89,111,41,21,41,34,9,12,162,324,250,500
2018-08-16,635.0,93,47,93,454,91,114,50,25,50,38,10,13,173,346,270,540
2018-08-17,611.0,89,45,89,445,89,112,47,24,47,30,8,10,166,332,258,516
2018-08-18,614.0,82,41,82,453,91,114,50,25,50,29,8,10,165,330,256,512
2018-08-19,612.0,82,41,82,446,90,112,47,24,47,37,10,13,165,330,254,508
2018-08-20,588.0,80,40,80,438,88,110,40,20,40,30,8,10,156,312,240,480
2018-08-21,586.0,76,38,76,438,88,110,43,22,43,29,8,10,156,312,239,478
2018-08-22,591.0,74,37,74,444,89,111,39,20,39,34,9,12,155,310,236,472
2018-08-23,580.0,75,38,75,439,88,110,37,19,37,29,8,10,153,306,232,464
2018-08-24,583.0,72,36,72,433,87,109,45,23,45,33,9,11,155,310,237,474
2018-08-25,595.0,81,41,81,437,88,110,46,23,46,31,8,11,160,320,248,496
2018-08-26,606.0,81,41,81,448,90,112,45,23,45,32,8,11,162,324,249,498
2018-08-27,595.0,82,41,82,441,89,111,40,20,40,32,8,11,158,316,244,488
2018-08-28,576.0,81,41,81,424,85,106,35,18,35,36,9,12,153,306,234,468
2018-08-29,597.0,89,45,89,438,88,110,34,17,34,36,9,12,159,318,245,490
2018-08-30,627.0,95,48,95,449,90,113,41,21,41,42,11,14,170,340,263,526
2018-08-31,644.0,94,47,94,465,93,117,38,19,38,47,12,16,171,342,265,530
2018-09-01,630.0,92,46,92,450,90,113,46,23,46,42,11,14,170,340,265,530
2018-09-02,615.0,89,45,89,440,88,110,44,22,44,42,11,14,166,332,257,514
2018-09-03,600.0,89,45,89,428,86,107,38,19,38,45,12,15,162,324,249,498
2018-09-04,600.0,99,50,99,422,85,106,44,22,44,35,9,12,166,332,261,522
2018-09-05,592.0,100,50,100,427,86,107,37,19,37,28,7,10,162,324,254,508
2018-09-06,605.0,92,46,92,438,88,110,42,21,42,33,9,11,164,328,255,510
2018-09-07,603.0,88,44,88,438,88,110,41,21,41,36,9,12,162,324,251,502
2018-09-08,634.0,87,44,87,461,93,116,46,23,46,40,10,14,170,340,263,526
2018-09-09,625.0,90,45,90,441,89,111,53,27,53,41,11,14,172,344,268,536
2018-09-10,633.0,100,50,100,433,87,109,59,30,59,41,11,14,178,356,282,564
2018-09-11,619.0,96,48,96,425,85,107,56,28,56,42,11,14,172,344,273,546
2018-09-12,594.0,93,47,93,412,83,103,52,26,52,37,10,13,166,332,261,522
2018-09-13,574.0,87,44,87,406,82,102,44,22,44,37,10,13,158,316,246,492
2018-09-14,570.0,85,43,85,398,80,100,45,23,45,42,11,14,157,314,244,488
2018-09-15,599.0,90,45,90,420,84,105,48,24,48,41,11,14,164,328,257,514
2018-09-16,612.0,86,43,86,436,88,109,42,21,42,48,12,16,164,328,253,506
2018-09-17,608.0,83,42,83,436,88,109,48,24,48,41,11,14,165,330,254,508
2018-09-18,622.0,87,44,87,455,91,114,46,23,46,34,9,12,167,334,259,518
2018-09-19,595.0,88,44,88,426,86,107,43,22,43,38,10,13,162,324,251,502
2018-09-20,593.0,87,44,87,421,85,106,43,22,43,42,11,14,162,324,250,500
2018-09-21,600.0,85,43,85,426,86,107,50,25,50,39,10,13,164,328,255,510
2018-09-22,605.0,92,46,92,432,87,108,43,22,43,38,10,13,165,330,256,512
2018-09-23,599.0,91,46,91,429,86,108,43,22,43,36,9,12,163,326,254,508
2018-09-24,594.0,83,42,83,428,86,107,45,23,45,38,10,13,161,322,248,496
2018-09-25,598.0,84,42,84,425,85,107,47,24,47,42,11,14,162,324,252,504
2018-09-26,612.0,82,41,82,437,88,110,49,25,49,44,11,15,165,330,256,512
2018-09-27,621.0,84,42,84,443,89,111,51,26,51,43,11,15,168,336,261,522
2018-09-28,612.0,86,43,86,431,87,108,54,27,54,41,11,14,168,336,262,524
2018-09-29,616.0,85,43,85,442,89,111,52,26,52,37,10,13,168,336,261,522
2018-09-30,630.0,89,45,89,454,91,114,54,27,54,33,9,11,172,344,268,536
2018-10-01,624.0,86,43,86,458,92,115,48,24,48,32,8,11,167,334,260,520
2018-10-02,603.0,88,44,88,440,88,110,44,22,44,31,8,11,162,324,253,506
2018-10-03,621.0,93,47,93,453,91,114,43,22,43,32,8,11,168,336,261,522
2018-10-04,629.0,90,45,90,464,93,116,41,21,41,34,9,12,168,336,259,518
2018-10-05,630.0,91,46,91,450,90,113,52,26,52,37,10,13,172,344,269,538
2018-10-06,611.0,95,48,95,442,89,111,46,23,46,28,7,10,167,334,262,524
2018-10-07,619.0,93,47,93,445,89,112,44,22,44,37,10,13,168,336,262,524
2018-10-08,618.0,86,43,86,449,90,113,45,23,45,38,10,13,166,332,257,514
2018-10-09,602.0,93,47,93,439,88,110,40,20,40,30,8,10,163,326,253,506
2018-10-10,597.0,91,46,91,437,88,110,41,21,41,28,7,10,162,324,252,504
2018-10-11,610.0,92,46,92,440,88,110,41,21,41,37,10,13,165,330,256,512
2018-10-12,616.0,84,42,84,444,89,111,43,22,43,45,12,15,165,330,253,506
2018-10-13,611.0,89,45,89,446,90,112,39,20,39,37,10,13,165,330,253,506
2018-10-14,621.0,92,46,92,441,89,111,41,21,41,47,12,16,168,336,260,520
2018-10-15,592.0,90,45,90,428,86,107,40,20,40,34,9,12,160,320,249,498
2018-10-16,601.0,89,45,89,428,86,107,46,23,46,38,10,13,164,328,255,510
2018-10-17,602.0,92,46,92,429,86,108,46,23,46,35,9,12,164,328,258,516
2018-10-18,637.0,89,45,89,445,89,112,61,31,61,42,11,14,176,352,276,552
2018-10-19,630.0,94,47,94,435,87,109,65,33,65,36,9,12,176,352,280,560
2018-10-20,610.0,95,48,95,428,86,107,55,28,55,32,8,11,170,340,268,536
2018-10-21,623.0,100,50,100,419,84,105,59,30,59,45,12,15,176,352,279,558
2018-10-22,630.0,103,52,103,429,86,108,53,27,53,45,12,15,177,354,279,558
2018-10-23,604.0,98,49,98,419,84,105,50,25,50,37,10,13,168,336,266,532
2018-10-24,621.0,95,48,95,443,89,111,45,23,45,38,10,13,170,340,264,528
2018-10-25,614.0,92,46,92,431,87,108,54,27,54,37,10,13,170,340,267,534
2018-10-26,626.0,90,45,90,455,91,114,47,24,47,34,9,12,169,338,263,526
2018-10-27,639.0,100,50,100,450,90,113,52,26,52,37,10,13,176,352,278,556
2018-10-28,632.0,97,49,97,451,91,113,51,26,51,33,9,11,175,350,272,544
2018-10-29,626.0,103,52,103,443,89,111,47,24,47,33,9,11,174,348,272,544
2018-10-30,638.0,103,52,103,448,90,112,46,23,46,41,11,14,176,352,275,550
2018-10-31,639.0,106,53,106,447,90,112,42,21,42,44,11,15,175,350,275,550
2018-11-01,639.0,107,54,107,448,90,112,37,19,37,47,12,16,175,350,272,544
2018-11-02,643.0,101,51,101,454,91,114,43,22,43,45,12,15,176,352,273,546
2018-11-03,632.0,101,51,101,447,90,112,45,23,45,39,10,13,174,348,271,542
2018-11-04,631.0,95,48,95,459,92,115,44,22,44,33,9,11,171,342,265,530
2018-11-05,631.0,91,46,91,461,93,116,50,25,50,29,8,10,172,344,267,534
2018-11-06,634.0,91,46,91,463,93,116,49,25,49,31,8,11,172,344,267,534
2018-11-07,653.0,98,49,98,463,93,116,56,28,56,36,9,12,179,358,282,564
2018-11-08,661.0,101,51,101,481,97,121,48,24,48,31,8,11,180,360,281,562
2018-11-09,647.0,94,47,94,469,94,118,46,23,46,38,10,13,174,348,271,542
2018-11-10,640.0,92,46,92,466,94,117,44,22,44,38,10,13,172,344,266,532
2018-11-11,646.0,94,47,94,470,94,118,44,22,44,38,10,13,173,346,269,538
2018-11-12,629.0,92,46,92,461,93,116,40,20,40,36,9,12,168,336,260,520
2018-11-13,623.0,88,44,88,455,91,114,52,26,52,28,7,10,168,336,264,528
2018-11-14,626.0,85,43,85,457,92,115,49,25,49,35,9,12,169,338,261,522
2018-11-15,636.0,85,43,85,463,93,116,49,25,49,39,10,13,171,342,263,526
2018-11-16,612.0,80,40,80,449,90,113,42,21,42,41,11,14,162,324,249,498
2018-11-17,625.0,77,39,77,459,92,115,48,24,48,41,11,14,166,332,254,508
2018-11-18,643.0,85,43,85,469,94,118,49,25,49,40,10,14,172,344,266,532
2018-11-19,636.0,87,44,87,469,94,118,44,22,44,36,9,12,169,338,261,522
2018-11-20,618.0,88,44,88,457,92,115,38,19,38,35,9,12,164,328,253,506
2018-11-21,642.0,96,48,96,462,93,116,48,24,48,36,9,12,174,348,272,544
2018-11-22,635.0,92,46,92,461,93,116,44,22,44,38,10,13,171,342,265,530
2018-11-23,616.0,87,44,87,452,91,113,43,22,43,34,9,12,166,332,255,510
2018-11-24,625.0,89,45,89,462,93,116,42,21,42,32,8,11,167,334,258,516
2018-11-25,623.0,86,43,86,462,93,116,46,23,46,29,8,10,167,334,258,516
2018-11-26,625.0,81,41,81,456,92,114,52,26,52,36,9,12,168,336,259,518
2018-11-27,646.0,94,47,94,466,94,117,54,27,54,32,8,11,176,352,276,552
2018-11-28,650.0,100,50,100,462,93,116,53,27,53,35,9,12,179,358,281,562
2018-11-29,647.0,98,49,98,455,91,114,52,26,52,42,11,14,177,354,278,556
2018-11-30,632.0,96,48,96,445,89,112,48,24,48,43,11,15,172,344,271,542
2018-12-01,619.0,95,48,95,445,89,112,47,24,47,32,8,11,169,338,265,530
2018-12-02,616.0,92,46,92,446,90,112,48,24,48,30,8,10,168,336,262,524
2018-12-03,600.0,94,47,94,432,87,108,42,21,42,32,8,11,163,326,255,510
2018-12-04,605.0,90,45,90,431,87,108,46,23,46,38,10,13,165,330,257,514
2018-12-05,610.0,89,45,89,430,86,108,46,23,46,45,12,15,166,332,258,516
2018-12-06,597.0,89,45,89,427,86,107,45,23,45,36,9,12,163,326,253,506
2018-12-07,605.0,99,50,99,423,85,106,49,25,49,34,9,12,169,338,266,532
2018-12-08,609.0,98,49,98,425,85,107,44,22,44,42,11,14,167,334,263,526
2018-12-09,620.0,101,51,101,421,85,106,56,28,56,42,11,14,175,350,277,554
2018-12-10,607.0,98,49,98,432,87,108,46,23,46,31,8,11,167,334,263,526
2018-12-11,593.0,94,47,94,419,84,105,48,24,48,32,8,11,163,326,258,516
2018-12-12,595.0,94,47,94,426,86,107,44,22,44,31,8,11,163,326,256,512
2018-12-13,599.0,94,47,94,425,85,107,47,24,47,33,9,11,165,330,259,518
2018-12-14,590.0,101,51,101,413,83,104,42,21,42,34,9,12,164,328,259,518
2018-12-15,591.0,95,48,95,421,85,106,43,22,43,32,8,11,163,326,255,510
2018-12-16,606.0,97,49,97,439,88,110,41,21,41,29,8,10,166,332,258,516
2018-12-17,606.0,95,48,95,442,89,111,40,20,40,29,8,10,165,330,256,512
2018-12-18,627.0,87,44,87,465,93,117,46,23,46,29,8,10,168,336,260,520
2018-12-19,622.0,91,46,91,452,91,113,48,24,48,31,8,11,169,338,263,526
2018-12-20,622.0,91,46,91,449,90,113,49,25,49,33,9,11,170,340,264,528
2018-12-21,631.0,85,43,85,459,92,115,51,26,51,36,9,12,170,340,263,526
2018-12-22,637.0,87,44,87,464,93,116,52,26,52,34,9,12,172,344,267,534
2018-12-23,631.0,87,44,87,457,92,115,50,25,50,37,10,13,171,342,265,530
2018-12-24,635.0,91,46,91,451,91,113,52,26,52,41,11,14,174,348,270,540
2018-12-25,643.0,91,46,91,462,93,116,58,29,58,32,8,11,176,352,276,552
2018-12-26,647.0,83,42,83,482,97,121,54,27,54,28,7,10,173,346,268,536
2018-12-27,629.0,85,43,85,461,93,116,52,26,52,31,8,11,170,340,264,528
2018-12-28,627.0,84,42,84,463,93,116,56,28,56,24,6,8,169,338,264,528
2018-12-29,624.0,89,45,89,453,91,114,51,26,51,31,8,11,170,340,265,530
2018-12-30,643.0,92,46,92,466,94,117,47,24,47,38,10,13,174,348,269,538
2018-12-31,642.0,87,44,87,467,94,117,49,25,49,39,10,13,173,346,266,532
2019-01-01,650.0,90,45,90,475,95,119,50,25,50,35,9,12,174,348,271,542
2019-01-02,638.0,86,43,86,468,94,117,51,26,51,33,9,11,172,344,265,530
2019-01-03,647.0,87,44,87,473,95,119,51,26,51,36,9,12,174,348,269,538
2019-01-04,641.0,91,46,91,468,94,117,47,24,47,35,9,12,173,346,267,534
2019-01-05,630.0,93,47,93,459,92,115,46,23,46,32,8,11,170,340,265,530
2019-01-06,629.0,101,51,101,449,90,113,51,26,51,28,7,10,174,348,275,550
2019-01-07,664.0,107,54,107,469,94,118,51,26,51,37,10,13,184,368,289,578
2019-01-08,675.0,102,51,102,477,96,120,57,29,57,39,10,13,186,372,292,584
2019-01-09,671.0,103,52,103,483,97,121,49,25,49,36,9,12,183,366,285,570
2019-01-10,660.0,100,50,100,474,95,119,55,28,55,31,8,11,181,362,285,570
2019-01-11,656.0,99,50,99,471,95,118,55,28,55,31,8,11,181,362,283,566
2019-01-12,658.0,101,51,101,467,94,117,51,26,51,39,10,13,181,362,282,564
2019-01-13,654.0,104,52,104,463,93,116,50,25,50,37,10,13,180,360,283,566
2019-01-14,665.0,107,54,107,472,95,118,55,28,55,31,8,11,185,370,291,582
2019-01-15,676.0,107,54,107,472,95,118,60,30,60,37,10,13,189,378,298,596
2019-01-16,689.0,108,54,108,486,98,122,57,29,57,38,10,13,191,382,300,600
2019-01-17,671.0,102,51,102,471,95,118,60,30,60,38,10,13,186,372,293,586
2019-01-18,683.0,100,50,100,476,96,119,63,32,63,44,11,15,189,378,297,594
2019-01-19,689.0,106,53,106,481,97,121,62,31,62,40,10,14,191,382,303,606
2019-01-20,669.0,115,58,115,459,92,115,54,27,54,41,11,14,188,376,298,596
2019-01-21,671.0,108,54,108,462,93,116,59,30,59,42,11,14,188,376,297,594
2019-01-22,672.0,107,54,107,473,95,119,54,27,54,38,10,13,186,372,293,586
2019-01-23,675.0,97,49,97,477,96,120,51,26,51,50,13,17,184,368,285,570
2019-01-24,660.0,102,51,102,468,94,117,47,24,47,43,11,15,180,360,281,562
2019-01-25,661.0,102,51,102,480,96,120,43,22,43,36,9,12,178,356,277,554
2019-01-26,655.0,99,50,99,475,95,119,41,21,41,40,10,14,176,352,273,546
2019-01-27,658.0,92,46,92,488,98,122,48,24,48,30,8,10,176,352,272,544
2019-01-28,666.0,92,46,92,487,98,122,61,31,61,26,7,9,182,364,284,568
2019-01-29,675.0,96,48,96,490,98,123,54,27,54,35,9,12,182,364,285,570
2019-01-30,664.0,96,48,96,484,97,121,56,28,56,28,7,10,180,360,283,566
2019-01-31,658.0,92,46,92,479,96,120,58,29,58,29,8,10,179,358,280,560
2019-02-01,663.0,105,53,105,466,94,117,52,26,52,40,10,14,183,366,288,576
2019-02-02,661.0,106,53,106,462,93,116,52,26,52,41,11,14,183,366,288,576
2019-02-03,646.0,105,53,105,454,91,114,52,26,52,35,9,12,179,358,283,566
2019-02-04,645.0,101,51,101,460,92,115,57,29,57,27,7,9,179,358,282,564
2019-02-05,651.0,100,50,100,462,93,116,54,27,54,35,9,12,179,358,282,564
2019-02-06,662.0,101,51,101,476,96,119,52,26,52,33,9,11,182,364,283,566
2019-02-07,678.0,108,54,108,485,97,122,49,25,49,36,9,12,185,370,291,582
2019-02-08,683.0,106,53,106,480,96,120,53,27,53,44,11,15,187,374,294,588
2019-02-09,688.0,96,48,96,491,99,123,56,28,56,45,12,15,187,374,290,580
2019-02-10,674.0,97,49,97,488,98,122,54,27,54,35,9,12,183,366,285,570
2019-02-11,667.0,93,47,93,488,98,122,52,26,52,34,9,12,180,360,279,558
2019-02-12,690.0,102,51,102,499,100,125,53,27,53,36,9,12,187,374,292,584
2019-02-13,667.0,105,53,105,481,97,121,47,24,47,34,9,12,183,366,285,570
2019-02-14,658.0,98,49,98,474,95,119,50,25,50,36,9,12,178,356,279,558
2019-02-15,682.0,95,48,95,501,101,126,48,24,48,38,10,13,183,366,282,564
2019-02-16,705.0,101,51,101,506,102,127,55,28,55,43,11,15,192,384,298,596
2019-02-17,702.0,100,50,100,508,102,127,55,28,55,39,10,13,190,380,295,590
2019-02-18,700.0,99,50,99,499,100,125,60,30,60,42,11,14,191,382,298,596
2019-02-19,680.0,94,47,94,483,97,121,63,32,63,40,10,14,186,372,292,584
2019-02-20,670.0,96,48,96,483,97,121,56,28,56,35,9,12,182,364,285,570
2019-02-21,666.0,96,48,96,484,97,121,51,26,51,35,9,12,180,360,280,560
2019-02-22,671.0,99,50,99,485,97,122,50,25,50,37,10,13,182,364,284,568
2019-02-23,675.0,93,47,93,492,99,123,56,28,56,34,9,12,183,366,284,568
2019-02-24,674.0,95,48,95,489,98,123,50,25,50,40,10,14,181,362,282,564
2019-02-25,664.0,96,48,96,494,99,124,43,22,43,31,8,11,177,354,274,548
2019-02-26,673.0,104,52,104,479,96,120,54,27,54,36,9,12,184,368,290,580
2019-02-27,658.0,102,51,102,476,96,119,45,23,45,35,9,12,179,358,278,556
2019-02-28,661.0,106,53,106,467,94,117,48,24,48,40,10,14,181,362,285,570
2019-03-01,638.0,103,52,103,451,91,113,44,22,44,40,10,14,175,350,274,548
2019-03-02,657.0,106,53,106,462,93,116,46,23,46,43,11,15,180,360,283,566
2019-03-03,647.0,104,52,104,461,93,116,47,24,47,35,9,12,178,356,279,558
2019-03-04,640.0,102,51,102,450,90,113,52,26,52,36,9,12,176,352,279,558
2019-03-05,642.0,102,51,102,449,90,113,57,29,57,34,9,12,179,358,284,568
2019-03-06,641.0,100,50,100,454,91,114,54,27,54,33,9,11,177,354,279,558
2019-03-07,646.0,101,51,101,459,92,115,48,24,48,38,10,13,177,354,277,554
2019-03-08,611.0,98,49,98,439,88,110,40,20,40,34,9,12,166,332,260,520
2019-03-09,629.0,98,49,98,443,89,111,46,23,46,42,11,14,172,344,269,538
2019-03-10,653.0,101,51,101,458,92,115,52,26,52,42,11,14,180,360,282,564
2019-03-11,675.0,103,52,103,482,97,121,56,28,56,34,9,12,186,372,292,584
2019-03-12,683.0,103,52,103,494,99,124,57,29,57,29,8,10,188,376,294,588
2019-03-13,661.0,104,52,104,474,95,119,59,30,59,24,6,8,183,366,290,580
2019-03-14,674.0,109,55,109,480,96,120,50,25,50,35,9,12,185,370,291,582
2019-03-15,682.0,101,51,101,487,98,122,53,27,53,41,11,14,187,374,290,580
2019-03-16,672.0,100,50,100,471,95,118,51,26,51,50,13,17,184,368,286,572
2019-03-17,649.0,98,49,98,465,93,117,47,24,47,39,10,13,176,352,275,550
2019-03-18,664.0,95,48,95,480,96,120,48,24,48,41,11,14,179,358,277,554
2019-03-19,664.0,96,48,96,483,97,121,48,24,48,37,10,13,179,358,278,556
2019-03-20,691.0,106,53,106,497,100,125,46,23,46,42,11,14,187,374,291,582
2019-03-21,682.0,103,52,103,491,99,123,47,24,47,41,11,14,186,372,287,574
2019-03-22,693.0,99,50,99,505,101,127,49,25,49,40,10,14,186,372,289,578
2019-03-23,708.0,105,53,105,515,103,129,52,26,52,36,9,12,191,382,298,596
2019-03-24,712.0,107,54,107,516,104,129,53,27,53,36,9,12,194,388,301,602
2019-03-25,701.0,107,54,107,501,101,126,53,27,53,40,10,14,192,384,300,600
2019-03-26,697.0,106,53,106,494,99,124,46,23,46,51,13,17,188,376,293,586
2019-03-27,671.0,106,53,106,489,98,123,39,20,39,37,10,13,181,362,281,562
2019-03-28,665.0,103,52,103,482,97,121,37,19,37,43,11,15,179,358,276,552
2019-03-29,644.0,97,49,97,472,95,118,36,18,36,39,10,13,172,344,264,528
2019-03-30,657.0,94,47,94,473,95,119,49,25,49,41,11,14,178,356,276,552
2019-03-31,657.0,90,45,90,473,95,119,59,30,59,35,9,12,179,358,280,560
2019-04-01,654.0,86,43,86,479,96,120,54,27,54,35,9,12,175,350,272,544
2019-04-02,657.0,94,47,94,467,94,117,61,31,61,35,9,12,181,362,284,568
2019-04-03,627.0,92,46,92,460,92,115,47,24,47,28,7,10,169,338,264,528
2019-04-04,635.0,94,47,94,462,93,116,51,26,51,28,7,10,173,346,271,542
2019-04-05,634.0,93,47,93,460,92,115,46,23,46,35,9,12,171,342,266,532
2019-04-06,631.0,87,44,87,462,93,116,43,22,43,39,10,13,169,338,259,518
2019-04-07,636.0,86,43,86,456,92,114,55,28,55,39,10,13,173,346,268,536
2019-04-08,620.0,82,41,82,457,92,115,44,22,44,37,10,13,165,330,254,508
2019-04-09,645.0,85,43,85,487,98,122,44,22,44,29,8,10,171,342,261,522
2019-04-10,632.0,87,44,87,476,96,119,42,21,42,27,7,9,168,336,257,514
2019-04-11,631.0,88,44,88,477,96,120,40,20,40,26,7,9,167,334,257,514
2019-04-12,653.0,92,46,92,479,96,120,47,24,47,35,9,12,175,350,271,542
2019-04-13,645.0,95,48,95,462,93,116,49,25,49,39,10,13,176,352,273,546
2019-04-14,640.0,93,47,93,473,95,119,42,21,42,32,8,11,171,342,265,530
2019-04-15,635.0,90,45,90,467,94,117,47,24,47,31,8,11,171,342,265,530
2019-04-16,635.0,87,44,87,470,94,118,48,24,48,30,8,10,170,340,263,526
2019-04-17,617.0,86,43,86,455,91,114,46,23,46,30,8,10,165,330,256,512
2019-04-18,616.0,90,45,90,450,90,113,42,21,42,34,9,12,165,330,257,514
2019-04-19,628.0,96,48,96,457,92,115,42,21,42,33,9,11,170,340,264,528
2019-04-20,641.0,94,47,94,466,94,117,44,22,44,37,10,13,173,346,268,536
2019-04-21,655.0,95,48,95,477,96,120,46,23,46,37,10,13,177,354,274,548
2019-04-22,656.0,98,49,98,475,95,119,49,25,49,34,9,12,178,356,278,556
2019-04-23,659.0,93,47,93,474,95,119,54,27,54,38,10,13,179,358,279,558
2019-04-24,671.0,98,49,98,481,97,121,56,28,56,36,9,12,183,366,287,574
2019-04-25,655.0,96,48,96,472,95,118,50,25,50,37,10,13,178,356,277,554
2019-04-26,650.0,88,44,88,483,97,121,47,24,47,32,8,11,173,346,267,534
2019-04-27,647.0,82,41,82,486,98,122,50,25,50,29,8,10,172,344,264,528
2019-04-28,685.0,82,41,82,506,102,127,59,30,59,38,10,13,183,366,281,562
2019-04-29,661.0,86,43,86,489,98,123,50,25,50,36,9,12,175,350,271,542
2019-04-30,640.0,88,44,88,481,97,121,39,20,39,32,8,11,169,338,259,518
2019-05-01,642.0,87,44,87,491,99,123,36,18,36,28,7,10,168,336,256,512
2019-05-02,652.0,88,44,88,489,98,123,45,23,45,30,8,10,173,346,266,532
2019-05-03,643.0,86,43,86,490,98,123,42,21,42,25,7,9,169,338,260,520
2019-05-04,652.0,88,44,88,491,99,123,49,25,49,24,6,8,174,348,268,536
2019-05-05,657.0,87,44,87,489,98,123,55,28,55,26,7,9,177,354,274,548
2019-05-06,661.0,96,48,96,490,98,123,49,25,49,26,7,9,178,356,277,554
2019-05-07,648.0,88,44,88,490,98,123,46,23,46,24,6,8,171,342,265,530
2019-05-08,657.0,86,43,86,499,100,125,49,25,49,23,6,8,174,348,268,536
2019-05-09,637.0,87,44,87,477,96,120,48,24,48,25,7,9,171,342,264,528
2019-05-10,643.0,89,45,89,488,98,122,39,20,39,27,7,9,170,340,259,518
2019-05-11,619.0,84,42,84,469,94,118,42,21,42,24,6,8,163,326,252,504
2019-05-12,595.0,84,42,84,450,90,113,37,19,37,24,6,8,157,314,242,484
2019-05-13,594.0,87,44,87,447,90,112,36,18,36,24,6,8,158,316,243,486
2019-05-14,614.0,90,45,90,458,92,115,34,17,34,32,8,11,162,324,250,500
2019-05-15,619.0,89,45,89,458,92,115,41,21,41,31,8,11,166,332,256,512
2019-05-16,609.0,86,43,86,450,90,113,40,20,40,33,9,11,162,324,250,500
2019-05-17,610.0,92,46,92,455,91,114,38,19,38,25,7,9,163,326,253,506
2019-05-18,619.0,94,47,94,469,94,118,39,20,39,17,5,6,166,332,257,514
2019-05-19,646.0,96,48,96,481,97,121,46,23,46,23,6,8,174,348,271,542
2019-05-20,634.0,94,47,94,479,96,120,42,21,42,19,5,7,169,338,263,526
2019-05-21,629.0,95,48,95,456,92,114,51,26,51,27,7,9,173,346,269,538
2019-05-22,615.0,88,44,88,458,92,115,42,21,42,27,7,9,164,328,254,508
2019-05-23,616.0,88,44,88,466,94,117,34,17,34,28,7,10,162,324,249,498
2019-05-24,632.0,87,44,87,477,96,120,34,17,34,34,9,12,166,332,253,506
2019-05-25,632.0,85,43,85,478,96,120,40,20,40,29,8,10,167,334,255,510
2019-05-26,607.0,79,40,79,462,93,116,41,21,41,25,7,9,161,322,245,490
2019-05-27,628.0,83,42,83,478,96,120,39,20,39,28,7,10,165,330,252,504
2019-05-28,629.0,84,42,84,479,96,120,37,19,37,29,8,10,165,330,251,502
2019-05-29,624.0,85,43,85,475,95,119,37,19,37,27,7,9,164,328,250,500
2019-05-30,622.0,82,41,82,473,95,119,39,20,39,28,7,10,163,326,250,500
2019-05-31,615.0,82,41,82,475,95,119,33,17,33,25,7,9,160,320,243,486
2019-06-01,596.0,73,37,73,468,94,117,34,17,34,21,6,7,154,308,231,462
2019-06-02,615.0,73,37,73,476,96,119,37,19,37,29,8,10,160,320,239,478
2019-06-03,620.0,75,38,75,482,97,121,35,18,35,28,7,10,160,320,241,482
2019-06-04,628.0,77,39,77,478,96,120,41,21,41,32,8,11,164,328,249,498
2019-06-05,623.0,82,41,82,466,94,117,41,21,41,34,9,12,165,330,252,504
2019-06-06,642.0,80,40,80,479,96,120,51,26,51,32,8,11,170,340,262,524
2019-06-07,637.0,80,40,80,478,96,120,47,24,47,32,8,11,168,336,258,516
2019-06-08,646.0,82,41,82,478,96,120,51,26,51,35,9,12,172,344,265,530
2019-06-09,638.0,89,45,89,470,94,118,48,24,48,31,8,11,171,342,266,532
2019-06-10,641.0,88,44,88,484,97,121,40,20,40,29,8,10,169,338,259,518
2019-06-11,632.0,89,45,89,473,95,119,43,22,43,27,7,9,169,338,260,520
2019-06-12,648.0,84,42,84,491,99,123,43,22,43,30,8,10,171,342,260,520
2019-06-13,629.0,84,42,84,474,95,119,38,19,38,33,9,11,165,330,252,504
2019-06-14,618.0,83,42,83,465,93,117,38,19,38,32,8,11,162,324,249,498
2019-06-15,605.0,81,41,81,455,91,114,38,19,38,31,8,11,159,318,244,488
2019-06-16,606.0,75,38,75,457,92,115,45,23,45,29,8,10,161,322,245,490
2019-06-17,607.0,75,38,75,453,91,114,45,23,45,34,9,12,161,322,246,492
2019-06-18,626.0,83,42,83,459,92,115,50,25,50,34,9,12,168,336,260,520
2019-06-19,614.0,90,45,90,452,91,113,41,21,41,31,8,11,165,330,255,510
2019-06-20,604.0,90,45,90,444,89,111,40,20,40,30,8,10,162,324,251,502
2019-06-21,622.0,94,47,94,455,91,114,39,20,39,34,9,12,167,334,259,518
2019-06-22,640.0,98,49,98,469,94,118,42,21,42,31,8,11,172,344,269,538
2019-06-23,656.0,102,51,102,476,96,119,40,20,40,38,10,13,177,354,274,548
2019-06-24,657.0,100,50,100,483,97,121,39,20,39,35,9,12,176,352,272,544
2019-06-25,657.0,98,49,98,480,96,120,46,23,46,33,9,11,177,354,275,550
2019-06-26,644.0,96,48,96,470,94,118,49,25,49,29,8,10,175,350,273,546
2019-06-27,645.0,100,50,100,464,93,116,53,27,53,28,7,10,177,354,279,558
2019-06-28,627.0,98,49,98,456,92,114,48,24,48,25,7,9,172,344,269,538
2019-06-29,637.0,101,51,101,467,94,117,46,23,46,23,6,8,174,348,272,544
2019-06-30,624.0,95,48,95,460,92,115,47,24,47,22,6,8,170,340,265,530
2019-07-01,637.0,93,47,93,469,94,118,48,24,48,27,7,9,172,344,268,536
2019-07-02,628.0,88,44,88,464,93,116,47,24,47,29,8,10,169,338,261,522
2019-07-03,616.0,84,42,84,462,93,116,45,23,45,25,7,9,165,330,254,508
2019-07-04,606.0,78,39,78,456,92,114,46,23,46,26,7,9,161,322,247,494
2019-07-05,610.0,76,38,76,462,93,116,48,24,48,24,6,8,161,322,248,496
2019-07-06,630.0,81,41,81,470,94,118,52,26,52,27,7,9,168,336,260,520
2019-07-07,619.0,81,41,81,463,93,116,43,22,43,32,8,11,164,328,251,502
2019-07-08,609.0,79,40,79,454,91,114,46,23,46,30,8,10,162,324,249,498
2019-07-09,615.0,84,42,84,448,90,112,45,23,45,38,10,13,165,330,254,508
2019-07-10,612.0,78,39,78,451,91,113,44,22,44,39,10,13,162,324,248,496
2019-07-11,611.0,78,39,78,456,92,114,44,22,44,33,9,11,162,324,247,494
2019-07-12,623.0,77,39,77,461,93,116,48,24,48,37,10,13,166,332,254,508
2019-07-13,631.0,80,40,80,469,94,118,49,25,49,33,9,11,168,336,258,516
2019-07-14,637.0,82,41,82,473,95,119,43,22,43,39,10,13,168,336,257,514
2019-07-15,619.0,83,42,83,467,94,117,43,22,43,26,7,9,165,330,252,504
2019-07-16,628.0,77,39,77,474,95,119,44,22,44,33,9,11,165,330,251,502
2019-07-17,629.0,77,39,77,473,95,119,42,21,42,37,10,13,165,330,251,502
2019-07-18,633.0,80,40,80,464,93,116,47,24,47,42,11,14,168,336,257,514
2019-07-19,609.0,79,40,79,449,90,113,41,21,41,40,10,14,161,322,247,494
2019-07-20,601.0,78,39,78,443,89,111,43,22,43,37,10,13,160,320,245,490
2019-07-21,618.0,93,47,93,434,87,109,48,24,48,43,11,15,169,338,265,530
2019-07-22,600.0,97,49,97,423,85,106,43,22,43,37,10,13,166,332,259,518
2019-07-23,592.0,92,46,92,426,86,107,40,20,40,34,9,12,161,322,251,502
2019-07-24,638.0,98,49,98,457,92,115,44,22,44,39,10,13,173,346,270,540
2019-07-25,640.0,99,50,99,457,92,115,44,22,44,40,10,14,174,348,272,544
2019-07-26,629.0,91,46,91,457,92,115,44,22,44,37,10,13,170,340,263,526
2019-07-27,610.0,87,44,87,441,89,111,49,25,49,33,9,11,167,334,258,516
2019-07-28,611.0,84,42,84,446,90,112,45,23,45,36,9,12,164,328,253,506
2019-07-29,602.0,84,42,84,440,88,110,44,22,44,34,9,12,161,322,250,500
2019-07-30,597.0,85,43,85,429,86,108,48,24,48,35,9,12,162,324,253,506
2019-07-31,597.0,95,48,95,425,85,107,49,25,49,28,7,10,165,330,261,522
2019-08-01,599.0,92,46,92,434,87,109,45,23,45,28,7,10,163,326,256,512
2019-08-02,613.0,93,47,93,442,89,111,42,21,42,36,9,12,166,332,258,516
2019-08-03,620.0,90,45,90,455,91,114,46,23,46,29,8,10,167,334,260,520
2019-08-04,638.0,93,47,93,469,94,118,47,24,47,29,8,10,173,346,268,536
2019-08-05,627.0,95,48,95,448,90,112,48,24,48,36,9,12,171,342,267,534
2019-08-06,622.0,92,46,92,454,91,114,46,23,46,30,8,10,168,336,262,524
2019-08-07,618.0,88,44,88,457,92,115,44,22,44,29,8,10,166,332,257,514
2019-08-08,622.0,89,45,89,459,92,115,43,22,43,31,8,11,167,334,258,516
2019-08-09,613.0,86,43,86,453,91,114,47,24,47,27,7,9,165,330,256,512
2019-08-10,602.0,88,44,88,450,90,113,38,19,38,26,7,9,160,320,248,496
2019-08-11,623.0,86,43,86,461,93,116,46,23,46,30,8,10,167,334,258,516
2019-08-12,615.0,83,42,83,452,91,113,47,24,47,33,9,11,166,332,254,508
2019-08-13,615.0,77,39,77,467,94,117,41,21,41,30,8,10,162,324,245,490
2019-08-14,614.0,76,38,76,468,94,117,35,18,35,35,9,12,159,318,240,480
2019-08-15,606.0,74,37,74,463,93,116,34,17,34,35,9,12,156,312,236,472
2019-08-16,610.0,71,36,71,470,94,118,39,20,39,30,8,10,158,316,238,476
2019-08-17,616.0,79,40,79,467,94,117,35,18,35,35,9,12,161,322,243,486
2019-08-18,618.0,81,41,81,461,93,116,43,22,43,33,9,11,165,330,251,502
2019-08-19,628.0,85,43,85,472,95,118,45,23,45,26,7,9,168,336,257,514
2019-08-20,634.0,82,41,82,482,97,121,43,22,43,27,7,9,167,334,255,510
2019-08-21,636.0,80,40,80,490,98,123,42,21,42,24,6,8,165,330,253,506
2019-08-22,635.0,80,40,80,490,98,123,38,19,38,27,7,9,164,328,250,500
2019-08-23,634.0,82,41,82,493,99,124,34,17,34,25,7,9,164,328,249,498
2019-08-24,655.0,84,42,84,493,99,124,41,21,41,37,10,13,172,344,262,524
2019-08-25,643.0,86,43,86,491,99,123,40,20,40,26,7,9,169,338,258,516
2019-08-26,658.0,87,44,87,502,101,126,44,22,44,25,7,9,174,348,266,532
2019-08-27,673.0,99,50,99,509,102,128,43,22,43,22,6,8,180,360,278,556
2019-08-28,674.0,104,52,104,502,101,126,46,23,46,22,6,8,182,364,284,568
2019-08-29,683.0,106,53,106,505,101,127,46,23,46,26,7,9,184,368,288,576
2019-08-30,657.0,98,49,98,494,99,124,42,21,42,23,6,8,175,350,272,544
2019-08-31,661.0,95,48,95,494,99,124,41,21,41,31,8,11,176,352,271,542
2019-09-01,669.0,99,50,99,491,99,123,46,23,46,33,9,11,181,362,279,558
2019-09-02,650.0,99,50,99,478,96,120,39,20,39,34,9,12,175,350,270,540
2019-09-03,630.0,101,51,101,456,92,114,42,21,42,31,8,11,172,344,268,536
2019-09-04,624.0,96,48,96,454,91,114,44,22,44,30,8,10,169,338,264,528
2019-09-05,630.0,86,43,86,449,90,113,58,29,58,37,10,13,172,344,270,540
2019-09-06,616.0,80,40,80,447,90,112,51,26,51,38,10,13,166,332,256,512
2019-09-07,630.0,76,38,76,463,93,116,53,27,53,38,10,13,168,336,258,516
2019-09-08,630.0,82,41,82,467,94,117,47,24,47,34,9,12,168,336,258,516
2019-09-09,625.0,85,43,85,465,93,117,44,22,44,31,8,11,166,332,257,514
2019-09-10,616.0,90,45,90,451,91,113,49,25,49,26,7,9,168,336,261,522
2019-09-11,603.0,89,45,89,442,89,111,49,25,49,23,6,8,165,330,257,514
2019-09-12,602.0,91,46,91,433,87,109,50,25,50,28,7,10,165,330,260,520
2019-09-13,610.0,90,45,90,435,87,109,53,27,53,32,8,11,167,334,263,526
2019-09-14,627.0,86,43,86,452,91,113,52,26,52,37,10,13,170,340,264,528
2019-09-15,652.0,81,41,81,471,95,118,62,31,62,38,10,13,177,354,274,548
2019-09-16,638.0,86,43,86,457,92,115,60,30,60,35,9,12,174,348,273,546
2019-09-17,622.0,85,43,85,457,92,115,51,26,51,29,8,10,169,338,261,522
2019-09-18,618.0,79,40,79,459,92,115,53,27,53,27,7,9,166,332,256,512
2019-09-19,627.0,79,40,79,460,92,115,54,27,54,34,9,12,168,336,260,520
2019-09-20,636.0,82,41,82,459,92,115,58,29,58,37,10,13,172,344,268,536
2019-09-21,639.0,82,41,82,466,94,117,57,29,57,34,9,12,173,346,268,536
2019-09-22,625.0,79,40,79,455,91,114,51,26,51,40,10,14,167,334,258,516
2019-09-23,632.0,79,40,79,471,95,118,43,22,43,39,10,13,167,334,253,506
2019-09-24,642.0,76,38,76,480,96,120,45,23,45,41,11,14,168,336,255,510
2019-09-25,649.0,81,41,81,481,97,121,49,25,49,38,10,13,173,346,264,528
2019-09-26,632.0,85,43,85,460,92,115,44,22,44,43,11,15,168,336,259,518
2019-09-27,645.0,84,42,84,476,96,119,42,21,42,43,11,15,170,340,260,520
2019-09-28,652.0,87,44,87,468,94,117,47,24,47,50,13,17,175,350,268,536
2019-09-29,633.0,81,41,81,463,93,116,46,23,46,43,11,15,168,336,258,516
2019-09-30,643.0,83,42,83,466,94,117,49,25,49,45,12,15,173,346,264,528
2019-10-01,638.0,90,45,90,467,94,117,48,24,48,33,9,11,172,344,266,532
2019-10-02,634.0,93,47,93,468,94,117,41,21,41,32,8,11,170,340,262,524
2019-10-03,629.0,98,49,98,466,94,117,38,19,38,27,7,9,169,338,262,524
2019-10-04,623.0,94,47,94,460,92,115,38,19,38,31,8,11,166,332,258,516
2019-10-05,623.0,90,45,90,460,92,115,43,22,43,30,8,10,167,334,258,516
2019-10-06,623.0,95,48,95,447,90,112,46,23,46,35,9,12,170,340,265,530
2019-10-07,620.0,92,46,92,449,90,113,40,20,40,39,10,13,166,332,258,516
2019-10-08,640.0,93,47,93,456,92,114,46,23,46,45,12,15,174,348,268,536
2019-10-09,636.0,88,44,88,462,93,116,44,22,44,42,11,14,170,340,262,524
2019-10-10,658.0,87,44,87,479,96,120,48,24,48,44,11,15,175,350,270,540
2019-10-11,654.0,81,41,81,487,98,122,46,23,46,40,10,14,172,344,263,526
2019-10-12,657.0,80,40,80,492,99,123,51,26,51,34,9,12,174,348,266,532
2019-10-13,659.0,79,40,79,493,99,124,48,24,48,39,10,13,173,346,264,528
2019-10-14,668.0,82,41,82,491,99,123,53,27,53,42,11,14,178,356,272,544
2019-10-15,653.0,82,41,82,482,97,121,51,26,51,38,10,13,174,348,267,534
2019-10-16,656.0,85,43,85,486,98,122,46,23,46,39,10,13,174,348,266,532
2019-10-17,639.0,86,43,86,474,95,119,44,22,44,35,9,12,169,338,261,522
2019-10-18,639.0,90,45,90,473,95,119,43,22,43,33,9,11,171,342,263,526
2019-10-19,647.0,97,49,97,471,95,118,46,23,46,33,9,11,176,352,272,544
2019-10-20,629.0,99,50,99,455,91,114,44,22,44,31,8,11,171,342,268,536
2019-10-21,626.0,92,46,92,454,91,114,51,26,51,29,8,10,171,342,267,534
2019-10-22,622.0,92,46,92,439,88,110,53,27,53,38,10,13,171,342,268,536
2019-10-23,602.0,88,44,88,431,87,108,54,27,54,29,8,10,166,332,260,520
2019-10-24,589.0,90,45,90,419,84,105,45,23,45,35,9,12,161,322,252,504
2019-10-25,617.0,97,49,97,434,87,109,48,24,48,38,10,13,170,340,267,534
2019-10-26,621.0,93,47,93,438,88,110,53,27,53,37,10,13,172,344,269,538
2019-10-27,631.0,96,48,96,445,89,112,51,26,51,39,10,13,173,346,272,544
2019-10-28,616.0,93,47,93,437,88,110,52,26,52,34,9,12,170,340,267,534
2019-10-29,619.0,92,46,92,447,90,112,46,23,46,34,9,12,168,336,262,524
2019-10-30,612.0,94,47,94,439,88,110,41,21,41,38,10,13,166,332,258,516
2019-10-31,630.0,98,49,98,452,91,113,44,22,44,36,9,12,171,342,267,534
2019-11-01,635.0,101,51,101,450,90,113,48,24,48,36,9,12,174,348,274,548
2019-11-02,623.0,106,53,106,437,88,110,46,23,46,34,9,12,173,346,274,548
2019-11-03,636.0,102,51,102,446,90,112,51,26,51,37,10,13,177,354,278,556
2019-11-04,636.0,101,51,101,453,91,114,52,26,52,30,8,10,176,352,277,554
2019-11-05,653.0,107,54,107,457,92,115,52,26,52,37,10,13,182,364,287,574
2019-11-06,646.0,103,52,103,456,92,114,52,26,52,35,9,12,179,358,281,562
2019-11-07,636.0,95,48,95,458,92,115,49,25,49,34,9,12,174,348,271,542
2019-11-08,647.0,91,46,91,472,95,118,52,26,52,32,8,11,175,350,272,544
2019-11-09,636.0,94,47,94,463,93,116,50,25,50,29,8,10,173,346,270,540
2019-11-10,650.0,97,49,97,469,94,118,53,27,53,31,8,11,178,356,279,558
2019-11-11,645.0,97,49,97,467,94,117,50,25,50,31,8,11,176,352,275,550
2019-11-12,641.0,88,44,88,470,94,118,50,25,50,33,9,11,172,344,267,534
2019-11-13,626.0,86,43,86,462,93,116,48,24,48,30,8,10,168,336,260,520
2019-11-14,633.0,92,46,92,448,90,112,47,24,47,46,12,16,172,344,267,534
2019-11-15,638.0,88,44,88,463,93,116,48,24,48,39,10,13,171,342,265,530
2019-11-16,641.0,89,45,89,465,93,117,43,22,43,44,11,15,171,342,264,528
2019-11-17,621.0,85,43,85,440,88,110,50,25,50,46,12,16,168,336,261,522
2019-11-18,613.0,82,41,82,444,89,111,52,26,52,35,9,12,165,330,257,514
2019-11-19,624.0,81,41,81,448,90,112,57,29,57,38,10,13,170,340,263,526
2019-11-20,619.0,83,42,83,444,89,111,48,24,48,44,11,15,166,332,257,514
2019-11-21,632.0,79,40,79,453,91,114,55,28,55,45,12,15,171,342,263,526
2019-11-22,601.0,86,43,86,428,86,107,50,25,50,37,10,13,164,328,256,512
2019-11-23,628.0,92,46,92,442,89,111,49,25,49,45,12,15,172,344,267,534
2019-11-24,650.0,98,49,98,458,92,115,51,26,51,43,11,15,178,356,279,558
2019-11-25,641.0,103,52,103,447,90,112,51,26,51,40,10,14,178,356,280,560
2019-11-26,637.0,98,49,98,450,90,113,56,28,56,33,9,11,176,352,278,556
2019-11-27,641.0,95,48,95,448,90,112,58,29,58,40,10,14,177,354,279,558
2019-11-28,624.0,91,46,91,445,89,112,54,27,54,34,9,12,171,342,269,538
2019-11-29,629.0,91,46,91,453,91,114,52,26,52,33,9,11,172,344,268,536
2019-11-30,632.0,100,50,100,451,91,113,46,23,46,35,9,12,173,346,271,542
2019-12-01,626.0,105,53,105,439,88,110,51,26,51,31,8,11,175,350,277,554
2019-12-02,641.0,106,53,106,448,90,112,52,26,52,35,9,12,178,356,282,564
2019-12-03,661.0,107,54,107,464,93,116,55,28,55,35,9,12,184,368,290,580
2019-12-04,649.0,106,53,106,451,91,113,56,28,56,36,9,12,181,362,287,574
2019-12-05,655.0,103,52,103,452,91,113,56,28,56,44,11,15,182,364,287,574
2019-12-06,639.0,96,48,96,448,90,112,62,31,62,33,9,11,178,356,281,562
2019-12-07,619.0,92,46,92,439,88,110,59,30,59,29,8,10,172,344,271,542
2019-12-08,610.0,94,47,94,425,85,107,54,27,54,37,10,13,169,338,268,536
2019-12-09,630.0,87,44,87,441,89,111,59,30,59,43,11,15,174,348,272,544
2019-12-10,625.0,95,48,95,431,87,108,62,31,62,37,10,13,176,352,278,556
2019-12-11,626.0,93,47,93,426,86,107,61,31,61,46,12,16,176,352,277,554
2019-12-12,645.0,98,49,98,452,91,113,53,27,53,42,11,14,178,356,278,556
2019-12-13,643.0,100,50,100,454,91,114,47,24,47,42,11,14,176,352,275,550
2019-12-14,660.0,99,50,99,476,96,119,44,22,44,41,11,14,179,358,276,552
2019-12-15,645.0,97,49,97,457,92,115,48,24,48,43,11,15,176,352,275,550
2019-12-16,638.0,100,50,100,449,90,113,42,21,42,47,12,16,173,346,271,542
2019-12-17,657.0,102,51,102,467,94,117,43,22,43,45,12,15,179,358,277,554
2019-12-18,677.0,103,52,103,484,97,121,40,20,40,50,13,17,182,364,281,562
2019-12-19,678.0,95,48,95,493,99,124,44,22,44,46,12,16,181,362,279,558
2019-12-20,657.0,94,47,94,478,96,120,45,23,45,40,10,14,176,352,273,546
2019-12-21,644.0,93,47,93,463,93,116,50,25,50,38,10,13,175,350,272,544
2019-12-22,650.0,94,47,94,470,94,118,47,24,47,39,10,13,175,350,272,544
2019-12-23,647.0,94,47,94,460,92,115,57,29,57,36,9,12,177,354,278,556
2019-12-24,623.0,95,48,95,444,89,111,49,25,49,35,9,12,171,342,267,534
2019-12-25,617.0,96,48,96,448,90,112,41,21,41,32,8,11,167,334,260,520
2019-12-26,634.0,97,49,97,456,92,114,44,22,44,37,10,13,173,346,268,536
2019-12-27,658.0,97,49,97,483,97,121,43,22,43,35,9,12,177,354,273,546
2019-12-28,672.0,99,50,99,494,99,124,48,24,48,31,8,11,181,362,282,564
2019-12-29,659.0,93,47,93,488,98,122,47,24,47,31,8,11,177,354,273,546
2019-12-30,642.0,92,46,92,471,95,118,47,24,47,32,8,11,173,346,268,536
2019-12-31,658.0,84,42,84,489,98,123,46,23,46,39,10,13,173,346,266,532
2020-01-01,747.0,94,47,94,574,115,144,42,21,42,37,10,13,193,386,293,586
2020-01-02,724.0,94,47,94,560,112,140,37,19,37,33,9,11,187,374,282,564
2020-01-03,694.0,89,45,89,541,109,136,36,18,36,28,7,10,179,358,271,542
2020-01-04,690.0,81,41,81,548,110,137,33,17,33,28,7,10,175,350,261,522
2020-01-05,686.0,84,42,84,536,108,134,35,18,35,31,8,11,176,352,264,528
2020-01-06,662.0,80,40,80,518,104,130,39,20,39,25,7,9,171,342,258,516
2020-01-07,695.0,84,42,84,534,107,134,43,22,43,34,9,12,180,360,273,546
2020-01-08,694.0,94,47,94,525,105,132,44,22,44,31,8,11,182,364,281,562
2020-01-09,712.0,102,51,102,534,107,134,51,26,51,25,7,9,191,382,296,592
2020-01-10,713.0,99,50,99,547,110,137,43,22,43,24,6,8,188,376,287,574
2020-01-11,699.0,91,46,91,542,109,136,42,21,42,24,6,8,182,364,277,554
2020-01-12,701.0,99,50,99,538,108,135,35,18,35,29,8,10,184,368,279,558
2020-01-13,698.0,93,47,93,538,108,135,37,19,37,30,8,10,182,364,275,550
2020-01-14,717.0,95,48,95,540,108,135,45,23,45,37,10,13,189,378,288,576
2020-01-15,693.0,95,48,95,524,105,131,44,22,44,30,8,10,183,366,280,560
2020-01-16,674.0,92,46,92,507,102,127,46,23,46,29,8,10,179,358,275,550
2020-01-17,669.0,87,44,87,504,101,126,46,23,46,32,8,11,176,352,270,540
2020-01-18,681.0,90,45,90,506,102,127,53,27,53,32,8,11,182,364,281,562
2020-01-19,681.0,89,45,89,511,103,128,52,26,52,29,8,10,182,364,279,558
2020-01-20,684.0,91,46,91,518,104,130,46,23,46,29,8,10,181,362,277,554
2020-01-21,691.0,85,43,85,532,107,133,45,23,45,29,8,10,181,362,273,546
2020-01-22,683.0,83,42,83,520,104,130,49,25,49,31,8,11,179,358,273,546
2020-01-23,660.0,86,43,86,507,102,127,40,20,40,27,7,9,172,344,262,524
2020-01-24,660.0,87,44,87,510,102,128,40,20,40,23,6,8,172,344,263,526
2020-01-25,654.0,82,41,82,501,101,126,43,22,43,28,7,10,171,342,261,522
2020-01-26,655.0,81,41,81,504,101,126,43,22,43,27,7,9,171,342,259,518
2020-01-27,615.0,77,39,77,470,94,118,42,21,42,26,7,9,161,322,246,492
2020-01-28,622.0,85,43,85,471,95,118,42,21,42,24,6,8,165,330,253,506
2020-01-29,647.0,90,45,90,488,98,122,43,22,43,26,7,9,172,344,264,528
2020-01-30,661.0,97,49,97,498,100,125,33,17,33,33,9,11,175,350,266,532
2020-01-31,655.0,97,49,97,491,99,123,33,17,33,34,9,12,174,348,265,530
2020-02-01,653.0,100,50,100,486,98,122,32,16,32,35,9,12,173,346,266,532
2020-02-02,674.0,100,50,100,513,103,129,34,17,34,27,7,9,177,354,272,544
2020-02-03,675.0,104,52,104,516,104,129,31,16,31,24,6,8,178,356,272,544
2020-02-04,662.0,100,50,100,500,100,125,31,16,31,31,8,11,174,348,267,534
2020-02-05,680.0,101,51,101,512,103,128,34,17,34,33,9,11,180,360,274,548
2020-02-06,655.0,95,48,95,503,101,126,35,18,35,22,6,8,173,346,264,528
2020-02-07,675.0,98,49,98,516,104,129,39,20,39,22,6,8,179,358,274,548
2020-02-08,678.0,102,51,102,516,104,129,39,20,39,21,6,7,181,362,277,554
2020-02-09,675.0,93,47,93,519,104,130,40,20,40,23,6,8,177,354,271,542
2020-02-10,669.0,94,47,94,518,104,130,36,18,36,21,6,7,175,350,267,534
2020-02-11,673.0,101,51,101,509,102,128,38,19,38,25,7,9,179,358,276,552
2020-02-12,670.0,106,53,106,492,99,123,44,22,44,28,7,10,181,362,283,566
2020-02-13,655.0,100,50,100,477,96,120,43,22,43,35,9,12,177,354,275,550
2020-02-14,642.0,93,47,93,476,96,119,39,20,39,34,9,12,172,344,263,526
2020-02-15,653.0,94,47,94,481,97,121,48,24,48,30,8,10,176,352,273,546
2020-02-16,653.0,94,47,94,488,98,122,43,22,43,28,7,10,174,348,269,538
2020-02-17,629.0,95,48,95,469,94,118,41,21,41,24,6,8,169,338,262,524
2020-02-18,651.0,95,48,95,481,97,121,49,25,49,26,7,9,177,354,274,548
2020-02-19,649.0,91,46,91,474,95,119,53,27,53,31,8,11,176,352,274,548
2020-02-20,637.0,99,50,99,462,93,116,53,27,53,23,6,8,176,352,276,552
2020-02-21,656.0,96,48,96,492,99,123,48,24,48,20,5,7,176,352,274,548
2020-02-22,639.0,95,48,95,475,95,119,47,24,47,22,6,8,173,346,269,538
2020-02-23,651.0,90,45,90,495,99,124,46,23,46,20,5,7,172,344,267,534
2020-02-24,661.0,93,47,93,507,102,127,37,19,37,24,6,8,174,348,265,530
2020-02-25,687.0,95,48,95,523,105,131,38,19,38,31,8,11,180,360,275,550
2020-02-26,678.0,90,45,90,513,103,129,44,22,44,31,8,11,178,356,274,548
2020-02-27,686.0,90,45,90,510,102,128,44,22,44,42,11,14,180,360,276,552
2020-02-28,684.0,93,47,93,522,105,131,34,17,34,35,9,12,178,356,270,540
2020-02-29,680.0,97,49,97,516,104,129,38,19,38,29,8,10,180,360,274,548
2020-03-01,647.0,94,47,94,496,100,124,33,17,33,24,6,8,170,340,259,518
2020-03-02,635.0,90,45,90,489,98,123,31,16,31,25,7,9,166,332,253,506
2020-03-03,619.0,89,45,89,478,96,120,29,15,29,23,6,8,162,324,246,492
2020-03-04,624.0,88,44,88,483,97,121,33,17,33,20,5,7,163,326,249,498
2020-03-05,610.0,89,45,89,469,94,118,29,15,29,23,6,8,160,320,244,488
2020-03-06,599.0,82,41,82,468,94,117,30,15,30,19,5,7,155,310,236,472
2020-03-07,603.0,87,44,87,472,95,118,26,13,26,18,5,6,157,314,237,474
2020-03-08,596.0,88,44,88,456,92,114,29,15,29,23,6,8,157,314,239,478
2020-03-09,591.0,90,45,90,444,89,111,32,16,32,25,7,9,157,314,242,484
2020-03-10,588.0,87,44,87,440,88,110,35,18,35,26,7,9,157,314,241,482
2020-03-11,586.0,83,42,83,441,89,111,37,19,37,25,7,9,157,314,240,480
2020-03-12,587.0,78,39,78,456,92,114,35,18,35,18,5,6,154,308,233,466
2020-03-13,573.0,84,42,84,444,89,111,32,16,32,13,4,5,151,302,232,464
2020-03-14,582.0,93,47,93,444,89,111,28,14,28,17,5,6,155,310,238,476
2020-03-15,606.0,92,46,92,472,95,118,26,13,26,16,4,6,158,316,242,484
2020-03-16,599.0,88,44,88,470,94,118,25,13,25,16,4,6,155,310,237,474
2020-03-17,598.0,82,41,82,475,95,119,26,13,26,15,4,5,153,306,232,464
2020-03-18,601.0,87,44,87,463,93,116,28,14,28,23,6,8,157,314,239,478
2020-03-19,610.0,91,46,91,477,96,120,25,13,25,17,5,6,160,320,242,484
2020-03-20,608.0,95,48,95,470,94,118,26,13,26,17,5,6,160,320,245,490
2020-03-21,625.0,99,50,99,468,94,117,24,12,24,34,9,12,165,330,252,504
2020-03-22,621.0,97,49,97,471,95,118,28,14,28,25,7,9,165,330,252,504
2020-03-23,624.0,93,47,93,483,97,121,25,13,25,23,6,8,163,326,247,494
2020-03-24,602.0,85,43,85,468,94,117,27,14,27,22,6,8,157,314,237,474
2020-03-25,598.0,89,45,89,458,92,115,26,13,26,25,7,9,157,314,239,478
2020-03-26,601.0,93,47,93,457,92,115,25,13,25,26,7,9,159,318,242,484
2020-03-27,605.0,91,46,91,460,92,115,29,15,29,25,7,9,160,320,244,488
2020-03-28,592.0,97,49,97,449,90,113,23,12,23,23,6,8,157,314,241,482
2020-03-29,578.0,94,47,94,443,89,111,21,11,21,20,5,7,152,304,233,466
2020-03-30,577.0,95,48,95,447,90,112,20,10,20,15,4,5,152,304,232,464
2020-03-31,590.0,98,49,98,443,89,111,23,12,23,26,7,9,157,314,241,482
2020-04-01,561.0,97,49,97,424,85,106,21,11,21,19,5,7,150,300,231,462
2020-04-02,544.0,92,46,92,419,84,105,18,9,18,15,4,5,143,286,220,440
2020-04-03,533.0,93,47,93,406,82,102,16,8,16,18,5,6,142,284,217,434
2020-04-04,525.0,94,47,94,400,80,100,18,9,18,13,4,5,140,280,217,434
2020-04-05,507.0,91,46,91,388,78,97,13,7,13,15,4,5,135,270,206,412
2020-04-06,512.0,92,46,92,395,79,99,16,8,16,9,3,3,136,272,210,420
2020-04-07,507.0,86,43,86,390,78,98,16,8,16,15,4,5,133,266,205,410
2020-04-08,491.0,86,43,86,374,75,94,16,8,16,15,4,5,130,260,201,402
2020-04-09,482.0,79,40,79,375,75,94,17,9,17,11,3,4,127,254,194,388
2020-04-10,488.0,78,39,78,386,78,97,15,8,15,9,3,3,128,256,193,386
2020-04-11,494.0,76,38,76,389,78,98,14,7,14,15,4,5,127,254,193,386
2020-04-12,495.0,77,39,77,386,78,97,15,8,15,17,5,6,130,260,195,390
2020-04-13,510.0,83,42,83,391,79,98,16,8,16,20,5,7,134,268,204,408
2020-04-14,529.0,82,41,82,407,82,102,20,10,20,20,5,7,138,276,211,422
2020-04-15,504.0,84,42,84,388,78,97,13,7,13,19,5,7,132,264,201,402
2020-04-16,491.0,79,40,79,381,77,96,16,8,16,15,4,5,129,258,196,392
2020-04-17,497.0,81,41,81,383,77,96,20,10,20,13,4,5,132,264,202,404
2020-04-18,490.0,75,38,75,383,77,96,18,9,18,14,4,5,128,256,194,388
2020-04-19,496.0,80,40,80,382,77,96,19,10,19,15,4,5,131,262,200,400
2020-04-20,505.0,86,43,86,387,78,97,20,10,20,12,3,4,134,268,207,414
2020-04-21,501.0,85,43,85,379,76,95,22,11,22,15,4,5,134,268,207,414
2020-04-22,498.0,83,42,83,381,77,96,18,9,18,16,4,6,132,264,203,406
2020-04-23,500.0,83,42,83,376,76,94,20,10,20,21,6,7,134,268,204,408
2020-04-24,510.0,83,42,83,387,78,97,22,11,22,18,5,6,136,272,208,416
2020-04-25,509.0,80,40,80,389,78,98,23,12,23,17,5,6,135,270,207,414
2020-04-26,503.0,82,41,82,380,76,95,25,13,25,16,4,6,134,268,208,416
2020-04-27,495.0,83,42,83,376,76,94,22,11,22,14,4,5,133,266,204,408
2020-04-28,489.0,81,41,81,374,75,94,17,9,17,17,5,6,130,260,198,396
2020-04-29,486.0,81,41,81,362,73,91,26,13,26,17,5,6,132,264,204,408
2020-04-30,495.0,81,41,81,369,74,93,26,13,26,19,5,7,133,266,207,414
2020-05-01,496.0,81,41,81,378,76,95,21,11,21,16,4,6,132,264,203,406
2020-05-02,486.0,84,42,84,366,74,92,19,10,19,17,5,6,131,262,201,402
2020-05-03,486.0,86,43,86,366,74,92,17,9,17,17,5,6,131,262,201,402
2020-05-04,487.0,93,47,93,368,74,92,14,7,14,12,3,4,131,262,203,406
2020-05-05,520.0,93,47,93,392,79,98,16,8,16,19,5,7,139,278,214,428
2020-05-06,542.0,94,47,94,405,81,102,23,12,23,20,5,7,145,290,226,452
2020-05-07,532.0,90,45,90,400,80,100,24,12,24,18,5,6,142,284,220,440
2020-05-08,539.0,93,47,93,401,81,101,30,15,30,15,4,5,147,294,229,458
2020-05-09,537.0,90,45,90,403,81,101,28,14,28,16,4,6,144,288,225,450
2020-05-10,530.0,91,46,91,397,80,100,28,14,28,14,4,5,144,288,224,448
2020-05-11,529.0,87,44,87,403,81,101,23,12,23,16,4,6,141,282,217,434
2020-05-12,544.0,92,46,92,418,84,105,19,10,19,15,4,5,144,288,221,442
2020-05-13,536.0,89,45,89,410,82,103,24,12,24,13,4,5,143,286,221,442
2020-05-14,526.0,91,46,91,398,80,100,25,13,25,12,3,4,142,284,220,440
2020-05-15,524.0,92,46,92,390,78,98,25,13,25,17,5,6,142,284,221,442
2020-05-16,539.0,101,51,101,399,80,100,22,11,22,17,5,6,147,294,229,458
2020-05-17,555.0,101,51,101,412,83,103,24,12,24,18,5,6,151,302,234,468
2020-05-18,568.0,97,49,97,421,85,106,26,13,26,24,6,8,153,306,237,474
2020-05-19,584.0,99,50,99,439,88,110,27,14,27,19,5,7,157,314,243,486
2020-05-20,597.0,95,48,95,450,90,113,29,15,29,23,6,8,159,318,245,490
2020-05-21,594.0,93,47,93,455,91,114,27,14,27,19,5,7,157,314,241,482
2020-05-22,597.0,97,49,97,450,90,113,30,15,30,20,5,7,159,318,247,494
2020-05-23,584.0,99,50,99,444,89,111,23,12,23,18,5,6,156,312,239,478
2020-05-24,584.0,98,49,98,445,89,112,21,11,21,20,5,7,154,308,238,476
2020-05-25,569.0,97,49,97,436,88,109,19,10,19,17,5,6,152,304,231,462
2020-05-26,564.0,98,49,98,426,86,107,21,11,21,19,5,7,151,302,233,466
2020-05-27,553.0,94,47,94,423,85,106,19,10,19,17,5,6,147,294,225,450
2020-05-28,549.0,95,48,95,422,85,106,21,11,21,11,3,4,147,294,226,452
2020-05-29,564.0,99,50,99,425,85,107,19,10,19,21,6,7,151,302,232,464
2020-05-30,578.0,105,53,105,427,86,107,25,13,25,21,6,7,158,316,244,488
2020-05-31,590.0,100,50,100,436,88,109,27,14,27,27,7,9,159,318,245,490
2020-06-01,575.0,96,48,96,428,86,107,28,14,28,23,6,8,154,308,239,478
2020-06-02,562.0,91,46,91,424,85,106,28,14,28,19,5,7,150,300,232,464
2020-06-03,565.0,91,46,91,422,85,106,31,16,31,21,6,7,153,306,235,470
2020-06-04,553.0,86,43,86,423,85,106,25,13,25,19,5,7,146,292,224,448
2020-06-05,544.0,84,42,84,420,84,105,26,13,26,14,4,5,143,286,220,440
2020-06-06,546.0,86,43,86,416,84,104,25,13,25,19,5,7,145,290,222,444
2020-06-07,553.0,84,42,84,430,86,108,21,11,21,18,5,6,144,288,219,438
2020-06-08,574.0,83,42,83,442,89,111,25,13,25,24,6,8,150,300,227,454
2020-06-09,571.0,76,38,76,452,91,113,24,12,24,19,5,7,146,292,220,440
2020-06-10,578.0,77,39,77,453,91,114,24,12,24,24,6,8,148,296,223,446
2020-06-11,581.0,80,40,80,455,91,114,27,14,27,19,5,7,150,300,228,456
2020-06-12,587.0,82,41,82,462,93,116,25,13,25,18,5,6,152,304,229,458
2020-06-13,593.0,80,40,80,464,93,116,30,15,30,19,5,7,153,306,233,466
2020-06-14,596.0,83,42,83,459,92,115,26,13,26,28,7,10,154,308,234,468
2020-06-15,600.0,87,44,87,468,94,117,24,12,24,21,6,7,156,312,235,470
2020-06-16,602.0,86,43,86,474,95,119,20,10,20,22,6,8,154,308,233,466
2020-06-17,594.0,86,43,86,466,94,117,25,13,25,17,5,6,155,310,234,468
2020-06-18,618.0,89,45,89,477,96,120,33,17,33,19,5,7,163,326,249,498
2020-06-19,610.0,87,44,87,472,95,118,30,15,30,21,6,7,160,320,242,484
2020-06-20,627.0,90,45,90,482,97,121,35,18,35,20,5,7,165,330,253,506
2020-06-21,634.0,96,48,96,482,97,121,35,18,35,21,6,7,169,338,259,518
2020-06-22,616.0,97,49,97,468,94,117,28,14,28,23,6,8,163,326,250,500
2020-06-23,609.0,96,48,96,469,94,118,28,14,28,16,4,6,160,320,248,496
2020-06-24,603.0,88,44,88,461,93,116,33,17,33,21,6,7,160,320,244,488
2020-06-25,593.0,96,48,96,444,89,111,35,18,35,18,5,6,160,320,248,496
2020-06-26,586.0,90,45,90,453,91,114,29,15,29,14,4,5,155,310,238,476
2020-06-27,586.0,95,48,95,452,91,113,25,13,25,14,4,5,156,312,238,476
2020-06-28,582.0,92,46,92,445,89,112,28,14,28,17,5,6,154,308,238,476
2020-06-29,587.0,92,46,92,442,89,111,28,14,28,25,7,9,156,312,240,480
2020-06-30,594.0,90,45,90,453,91,114,33,17,33,18,5,6,158,316,243,486
2020-07-01,605.0,97,49,97,456,92,114,34,17,34,18,5,6,163,326,251,502
2020-07-02,614.0,94,47,94,462,93,116,34,17,34,24,6,8,163,326,252,504
2020-07-03,583.0,89,45,89,444,89,111,31,16,31,19,5,7,155,310,238,476
2020-07-04,604.0,92,46,92,464,93,116,30,15,30,18,5,6,159,318,244,488
2020-07-05,606.0,87,44,87,476,96,119,30,15,30,13,4,5,159,318,241,482
2020-07-06,604.0,80,40,80,472,95,118,34,17,34,18,5,6,157,314,238,476
2020-07-07,604.0,81,41,81,472,95,118,33,17,33,18,5,6,158,316,238,476
2020-07-08,608.0,83,42,83,473,95,119,31,16,31,21,6,7,159,318,240,480
2020-07-09,612.0,83,42,83,465,93,117,39,20,39,25,7,9,162,324,248,496
2020-07-10,617.0,95,48,95,470,94,118,32,16,32,20,5,7,163,326,252,504
2020-07-11,613.0,93,47,93,469,94,118,32,16,32,19,5,7,162,324,250,500
2020-07-12,623.0,92,46,92,464,93,116,37,19,37,30,8,10,166,332,255,510
2020-07-13,622.0,87,44,87,475,95,119,36,18,36,24,6,8,163,326,250,500
2020-07-14,618.0,90,45,90,465,93,117,37,19,37,26,7,9,164,328,253,506
2020-07-15,597.0,85,43,85,459,92,115,35,18,35,18,5,6,158,316,241,482
2020-07-16,592.0,90,45,90,448,90,112,35,18,35,19,5,7,158,316,244,488
2020-07-17,604.0,89,45,89,456,92,114,39,20,39,20,5,7,162,324,249,498
2020-07-18,614.0,88,44,88,466,94,117,40,20,40,20,5,7,163,326,252,504
2020-07-19,610.0,92,46,92,452,91,113,42,21,42,24,6,8,164,328,255,510
2020-07-20,627.0,88,44,88,479,96,120,40,20,40,20,5,7,165,330,255,510
2020-07-21,618.0,87,44,87,482,97,121,32,16,32,17,5,6,162,324,246,492
2020-07-22,620.0,86,43,86,477,96,120,36,18,36,21,6,7,163,326,249,498
2020-07-23,612.0,85,43,85,479,96,120,36,18,36,12,3,4,160,320,245,490
2020-07-24,620.0,89,45,89,482,97,121,36,18,36,13,4,5,164,328,251,502
2020-07-25,622.0,88,44,88,481,97,121,29,15,29,24,6,8,162,324,246,492
2020-07-26,623.0,87,44,87,483,97,121,30,15,30,23,6,8,162,324,246,492
2020-07-27,636.0,101,51,101,486,98,122,29,15,29,20,5,7,169,338,259,518
2020-07-28,612.0,97,49,97,475,95,119,26,13,26,14,4,5,161,322,247,494
2020-07-29,636.0,90,45,90,497,100,125,24,12,24,25,7,9,164,328,248,496
2020-07-30,649.0,90,45,90,510,102,128,23,12,23,26,7,9,166,332,250,500
2020-07-31,640.0,90,45,90,498,100,125,29,15,29,23,6,8,166,332,252,504
2020-08-01,642.0,86,43,86,504,101,126,31,16,31,21,6,7,166,332,250,500
2020-08-02,636.0,86,43,86,494,99,124,28,14,28,28,7,10,163,326,248,496
2020-08-03,620.0,82,41,82,475,95,119,33,17,33,30,8,10,161,322,244,488
2020-08-04,623.0,88,44,88,476,96,119,32,16,32,27,7,9,163,326,248,496
2020-08-05,633.0,89,45,89,491,99,123,26,13,26,27,7,9,164,328,247,494
2020-08-06,644.0,95,48,95,488,98,122,31,16,31,30,8,10,170,340,258,516
2020-08-07,646.0,92,46,92,491,99,123,38,19,38,25,7,9,171,342,262,524
2020-08-08,610.0,93,47,93,464,93,116,33,17,33,20,5,7,162,324,249,498
2020-08-09,633.0,101,51,101,477,96,120,33,17,33,22,6,8,170,340,262,524
2020-08-10,625.0,104,52,104,465,93,117,33,17,33,23,6,8,168,336,262,524
2020-08-11,631.0,103,52,103,461,93,116,36,18,36,31,8,11,171,342,266,532
2020-08-12,608.0,97,49,97,449,90,113,37,19,37,25,7,9,165,330,256,512
2020-08-13,599.0,94,47,94,446,90,112,37,19,37,22,6,8,162,324,251,502
2020-08-14,596.0,91,46,91,448,90,112,33,17,33,24,6,8,159,318,244,488
2020-08-15,608.0,97,49,97,453,91,114,37,19,37,21,6,7,165,330,255,510
2020-08-16,611.0,91,46,91,467,94,117,32,16,32,21,6,7,162,324,247,494
2020-08-17,592.0,86,43,86,458,92,115,29,15,29,19,5,7,155,310,237,474
2020-08-18,597.0,83,42,83,471,95,118,27,14,27,16,4,6,155,310,234,468
2020-08-19,615.0,88,44,88,472,95,118,33,17,33,22,6,8,162,324,247,494
2020-08-20,623.0,93,47,93,477,96,120,28,14,28,25,7,9,164,328,250,500
2020-08-21,623.0,91,46,91,484,97,121,27,14,27,21,6,7,163,326,246,492
2020-08-22,643.0,93,47,93,486,98,122,40,20,40,24,6,8,171,342,263,526
2020-08-23,654.0,100,50,100,497,100,125,35,18,35,22,6,8,174,348,268,536
2020-08-24,640.0,97,49,97,480,96,120,36,18,36,27,7,9,170,340,262,524
2020-08-25,632.0,102,51,102,477,96,120,33,17,33,20,5,7,169,338,262,524
2020-08-26,650.0,101,51,101,484,97,121,33,17,33,32,8,11,173,346,266,532
2020-08-27,652.0,98,49,98,492,99,123,36,18,36,26,7,9,173,346,266,532
2020-08-28,648.0,95,48,95,490,98,123,34,17,34,29,8,10,171,342,262,524
2020-08-29,633.0,92,46,92,485,97,122,31,16,31,25,7,9,166,332,254,508
2020-08-30,626.0,88,44,88,485,97,122,30,15,30,23,6,8,162,324,248,496
2020-08-31,632.0,90,45,90,490,98,123,30,15,30,22,6,8,164,328,251,502
2020-09-01,639.0,95,48,95,486,98,122,29,15,29,29,8,10,169,338,256,512
2020-09-02,651.0,91,46,91,504,101,126,32,16,32,24,6,8,169,338,257,514
2020-09-03,654.0,89,45,89,510,102,128,29,15,29,26,7,9,169,338,255,510
2020-09-04,645.0,89,45,89,501,101,126,30,15,30,25,7,9,168,336,254,508
2020-09-05,645.0,92,46,92,497,100,125,34,17,34,22,6,8,169,338,259,518
2020-09-06,652.0,89,45,89,505,101,127,35,18,35,23,6,8,170,340,259,518
2020-09-07,631.0,87,44,87,481,97,121,37,19,37,26,7,9,167,334,254,508
2020-09-08,642.0,85,43,85,488,98,122,38,19,38,31,8,11,168,336,256,512
2020-09-09,639.0,76,38,76,497,100,125,33,17,33,33,9,11,164,328,245,490
2020-09-10,631.0,79,40,79,476,96,119,37,19,37,39,10,13,165,330,248,496
2020-09-11,637.0,81,41,81,479,96,120,38,19,38,39,10,13,166,332,252,504
2020-09-12,642.0,90,45,90,484,97,121,35,18,35,33,9,11,169,338,257,514
2020-09-13,645.0,90,45,90,493,99,124,32,16,32,30,8,10,168,336,256,512
2020-09-14,627.0,88,44,88,487,98,122,27,14,27,25,7,9,163,326,246,492
2020-09-15,653.0,85,43,85,516,104,129,33,17,33,19,5,7,169,338,254,508
2020-09-16,651.0,87,44,87,509,102,128,38,19,38,17,5,6,170,340,259,518
2020-09-17,626.0,80,40,80,492,99,123,37,19,37,17,5,6,163,326,246,492
2020-09-18,627.0,82,41,82,491,99,123,34,17,34,20,5,7,162,324,246,492
2020-09-19,637.0,82,41,82,500,100,125,34,17,34,21,6,7,164,328,248,496
2020-09-20,638.0,84,42,84,495,99,124,40,20,40,19,5,7,166,332,255,510
2020-09-21,627.0,83,42,83,481,97,121,42,21,42,21,6,7,166,332,253,506
2020-09-22,629.0,79,40,79,480,96,120,42,21,42,28,7,10,164,328,251,502
2020-09-23,636.0,80,40,80,490,98,123,41,21,41,25,7,9,166,332,253,506
2020-09-24,643.0,88,44,88,495,99,124,38,19,38,22,6,8,168,336,258,516
2020-09-25,640.0,86,43,86,495,99,124,34,17,34,25,7,9,166,332,253,506
2020-09-26,635.0,89,45,89,489,98,123,36,18,36,21,6,7,167,334,255,510
2020-09-27,609.0,86,43,86,468,94,117,34,17,34,21,6,7,160,320,244,488
2020-09-28,633.0,83,42,83,482,97,121,41,21,41,27,7,9,167,334,254,508
2020-09-29,619.0,83,42,83,471,95,118,39,20,39,26,7,9,164,328,249,498
2020-09-30,594.0,81,41,81,464,93,116,29,15,29,20,5,7,154,308,233,466
2020-10-01,602.0,80,40,80,472,95,118,26,13,26,24,6,8,154,308,232,464
2020-10-02,623.0,85,43,85,483,97,121,28,14,28,27,7,9,161,322,243,486
2020-10-03,633.0,83,42,83,498,100,125,23,12,23,29,8,10,162,324,241,482
2020-10-04,644.0,79,40,79,502,101,126,37,19,37,26,7,9,167,334,251,502
2020-10-05,648.0,80,40,80,507,102,127,31,16,31,30,8,10,166,332,248,496
2020-10-06,650.0,89,45,89,504,101,126,33,17,33,24,6,8,169,338,256,512
2020-10-07,657.0,94,47,94,504,101,126,37,19,37,22,6,8,173,346,265,530
2020-10-08,660.0,97,49,97,510,102,128,32,16,32,21,6,7,173,346,264,528
2020-10-09,660.0,102,51,102,506,102,127,31,16,31,21,6,7,175,350,267,534
2020-10-10,658.0,102,51,102,508,102,127,31,16,31,17,5,6,174,348,266,532
2020-10-11,668.0,100,50,100,515,103,129,33,17,33,20,5,7,175,350,269,538
2020-10-12,667.0,97,49,97,515,103,129,33,17,33,22,6,8,175,350,267,534
2020-10-13,671.0,91,46,91,522,105,131,37,19,37,21,6,7,176,352,266,532
2020-10-14,667.0,93,47,93,511,103,128,34,17,34,29,8,10,175,350,265,530
2020-10-15,642.0,89,45,89,496,100,124,34,17,34,23,6,8,168,336,255,510
2020-10-16,659.0,94,47,94,501,101,126,41,21,41,23,6,8,175,350,269,538
2020-10-17,649.0,94,47,94,490,98,123,41,21,41,24,6,8,172,344,266,532
2020-10-18,672.0,92,46,92,511,103,128,41,21,41,28,7,10,177,354,271,542
2020-10-19,653.0,88,44,88,505,101,127,32,16,32,28,7,10,168,336,257,514
2020-10-20,633.0,83,42,83,496,100,124,30,15,30,24,6,8,163,326,245,490
2020-10-21,660.0,83,42,83,516,104,129,35,18,35,26,7,9,171,342,256,512
2020-10-22,670.0,91,46,91,518,104,130,41,21,41,20,5,7,176,352,269,538
2020-10-23,663.0,92,46,92,511,103,128,36,18,36,24,6,8,173,346,264,528
2020-10-24,668.0,89,45,89,520,104,130,31,16,31,28,7,10,172,344,260,520
2020-10-25,671.0,89,45,89,520,104,130,32,16,32,30,8,10,173,346,261,522
2020-10-26,650.0,88,44,88,510,102,128,34,17,34,18,5,6,168,336,256,512
2020-10-27,653.0,84,42,84,517,104,130,28,14,28,24,6,8,166,332,250,500
2020-10-28,652.0,88,44,88,515,103,129,23,12,23,26,7,9,166,332,249,498
2020-10-29,675.0,89,45,89,534,107,134,29,15,29,23,6,8,173,346,260,520
2020-10-30,678.0,96,48,96,529,106,133,36,18,36,17,5,6,177,354,271,542
2020-10-31,650.0,94,47,94,509,102,128,28,14,28,19,5,7,168,336,257,514
2020-11-01,661.0,90,45,90,514,103,129,30,15,30,27,7,9,170,340,258,516
2020-11-02,673.0,92,46,92,518,104,130,36,18,36,27,7,9,175,350,267,534
2020-11-03,687.0,93,47,93,535,107,134,34,17,34,25,7,9,178,356,270,540
2020-11-04,694.0,97,49,97,541,109,136,35,18,35,21,6,7,182,364,275,550
2020-11-05,704.0,99,50,99,545,109,137,39,20,39,21,6,7,185,370,282,564
2020-11-06,710.0,103,52,103,546,110,137,37,19,37,24,6,8,187,374,285,570
2020-11-07,695.0,97,49,97,534,107,134,40,20,40,24,6,8,182,364,279,558
2020-11-08,688.0,99,50,99,532,107,133,37,19,37,20,5,7,181,362,276,552
2020-11-09,679.0,92,46,92,533,107,134,34,17,34,20,5,7,175,350,267,534
2020-11-10,661.0,91,46,91,527,106,132,28,14,28,15,4,5,170,340,256,512
2020-11-11,670.0,91,46,91,526,106,132,37,19,37,16,4,6,175,350,266,532
2020-11-12,672.0,95,48,95,521,105,131,40,20,40,16,4,6,177,354,272,544
2020-11-13,672.0,92,46,92,518,104,130,38,19,38,24,6,8,175,350,268,536
2020-11-14,664.0,95,48,95,521,105,131,26,13,26,22,6,8,172,344,260,520
2020-11-15,652.0,96,48,96,512,103,128,21,11,21,23,6,8,168,336,253,506
2020-11-16,640.0,93,47,93,505,101,127,21,11,21,21,6,7,165,330,248,496
2020-11-17,642.0,94,47,94,500,100,125,25,13,25,23,6,8,166,332,252,504
2020-11-18,641.0,88,44,88,498,100,125,33,17,33,22,6,8,167,334,254,508
2020-11-19,626.0,84,42,84,488,98,122,34,17,34,20,5,7,162,324,247,494
2020-11-20,619.0,86,43,86,484,97,121,33,17,33,16,4,6,161,322,246,492
2020-11-21,637.0,88,44,88,497,100,125,29,15,29,23,6,8,165,330,250,500
2020-11-22,645.0,89,45,89,505,101,127,27,14,27,24,6,8,166,332,251,502
2020-11-23,628.0,87,44,87,493,99,124,26,13,26,22,6,8,162,324,245,490
2020-11-24,637.0,89,45,89,495,99,124,29,15,29,24,6,8,165,330,250,500
2020-11-25,633.0,88,44,88,498,100,125,22,11,22,25,7,9,162,324,244,488
2020-11-26,629.0,83,42,83,494,99,124,25,13,25,27,7,9,161,322,241,482
2020-11-27,637.0,84,42,84,501,101,126,27,14,27,25,7,9,164,328,246,492
2020-11-28,636.0,85,43,85,490,98,123,37,19,37,24,6,8,166,332,253,506
2020-11-29,648.0,88,44,88,496,100,124,32,16,32,32,8,11,168,336,255,510
2020-11-30,645.0,86,43,86,498,100,125,31,16,31,30,8,10,167,334,252,504
2020-12-01,640.0,88,44,88,493,99,124,33,17,33,26,7,9,167,334,254,508
2020-12-02,630.0,96,48,96,477,96,120,30,15,30,27,7,9,166,332,255,510
2020-12-03,628.0,97,49,97,465,93,117,39,20,39,27,7,9,169,338,262,524
2020-12-04,629.0,100,50,100,470,94,118,33,17,33,26,7,9,168,336,260,520
2020-12-05,607.0,99,50,99,457,92,115,28,14,28,23,6,8,162,324,250,500
2020-12-06,599.0,92,46,92,453,91,114,28,14,28,26,7,9,158,316,243,486
2020-12-07,598.0,91,46,91,456,92,114,30,15,30,21,6,7,159,318,242,484
2020-12-08,619.0,98,49,98,474,95,119,29,15,29,18,5,6,164,328,252,504
2020-12-09,628.0,98,49,98,476,96,119,31,16,31,23,6,8,167,334,256,512
2020-12-10,619.0,95,48,95,465,93,117,35,18,35,24,6,8,165,330,255,510
2020-12-11,623.0,94,47,94,464,93,116,38,19,38,27,7,9,166,332,257,514
2020-12-12,617.0,96,48,96,463,93,116,36,18,36,22,6,8,165,330,256,512
2020-12-13,620.0,91,46,91,474,95,119,35,18,35,20,5,7,164,328,252,504
2020-12-14,632.0,94,47,94,488,98,122,32,16,32,18,5,6,166,332,254,508
2020-12-15,635.0,98,49,98,485,97,122,32,16,32,20,5,7,167,334,259,518
2020-12-16,660.0,103,52,103,496,100,124,33,17,33,28,7,10,176,352,270,540
2020-12-17,651.0,105,53,105,489,98,123,30,15,30,27,7,9,173,346,267,534
2020-12-18,664.0,109,55,109,498,100,125,31,16,31,26,7,9,178,356,274,548
2020-12-19,662.0,112,56,112,497,100,125,32,16,32,21,6,7,178,356,276,552
2020-12-20,657.0,108,54,108,491,99,123,38,19,38,20,5,7,177,354,276,552
2020-12-21,649.0,113,57,113,482,97,121,32,16,32,22,6,8,176,352,274,548
2020-12-22,674.0,120,60,120,489,98,123,35,18,35,30,8,10,184,368,288,576
2020-12-23,667.0,115,58,115,493,99,124,35,18,35,24,6,8,181,362,282,564
2020-12-24,681.0,116,58,116,492,99,123,47,24,47,26,7,9,188,376,295,590
2020-12-25,676.0,111,56,111,505,101,127,38,19,38,22,6,8,182,364,284,568
2020-12-26,677.0,110,55,110,502,101,126,38,19,38,27,7,9,182,364,283,566
2020-12-27,655.0,104,52,104,500,100,125,32,16,32,19,5,7,173,346,268,536
2020-12-28,676.0,111,56,111,504,101,126,35,18,35,26,7,9,182,364,281,562
2020-12-29,667.0,109,55,109,493,99,124,35,18,35,30,8,10,180,360,278,556
2020-12-30,654.0,103,52,103,489,98,123,34,17,34,28,7,10,174,348,270,540
2020-12-31,656.0,105,53,105,491,99,123,36,18,36,24,6,8,176,352,272,544
2021-01-01,662.0,107,54,107,493,99,124,41,21,41,21,6,7,180,360,279,558
2021-01-02,652.0,103,52,103,499,100,125,32,16,32,18,5,6,173,346,266,532
2021-01-03,675.0,107,54,107,512,103,128,39,20,39,17,5,6,182,364,280,560
2021-01-04,702.0,115,58,115,523,105,131,42,21,42,22,6,8,190,380,296,592
2021-01-05,705.0,119,60,119,520,104,130,41,21,41,25,7,9,192,384,299,598
2021-01-06,724.0,117,59,117,538,108,135,43,22,43,26,7,9,196,392,304,608
2021-01-07,714.0,118,59,118,534,107,134,39,20,39,23,6,8,192,384,299,598
2021-01-08,708.0,116,58,116,529,106,133,41,21,41,22,6,8,191,382,298,596
2021-01-09,702.0,114,57,114,522,105,131,37,19,37,29,8,10,189,378,292,584
2021-01-10,711.0,111,56,111,535,107,134,35,18,35,30,8,10,189,378,290,580
2021-01-11,700.0,105,53,105,530,106,133,40,20,40,25,7,9,186,372,287,574
2021-01-12,702.0,108,54,108,538,108,135,34,17,34,22,6,8,185,370,285,570
2021-01-13,698.0,103,52,103,534,107,134,41,21,41,20,5,7,185,370,285,570
2021-01-14,686.0,99,50,99,527,106,132,36,18,36,24,6,8,180,360,275,550
2021-01-15,672.0,93,47,93,518,104,130,39,20,39,22,6,8,177,354,270,540
2021-01-16,678.0,98,49,98,511,103,128,39,20,39,30,8,10,180,360,275,550
2021-01-17,698.0,102,51,102,522,105,131,46,23,46,28,7,10,186,372,289,578
2021-01-18,683.0,102,51,102,519,104,130,43,22,43,19,5,7,182,364,282,564
2021-01-19,660.0,101,51,101,504,101,126,34,17,34,21,6,7,175,350,268,536
2021-01-20,677.0,103,52,103,522,105,131,33,17,33,19,5,7,179,358,274,548
2021-01-21,675.0,100,50,100,527,106,132,28,14,28,20,5,7,175,350,267,534
2021-01-22,678.0,105,53,105,526,106,132,30,15,30,17,5,6,179,358,273,546
2021-01-23,673.0,106,53,106,514,103,129,34,17,34,19,5,7,178,356,276,552
2021-01-24,670.0,110,55,110,506,102,127,34,17,34,20,5,7,179,358,278,556
2021-01-25,681.0,111,56,111,512,103,128,39,20,39,19,5,7,184,368,285,570
2021-01-26,678.0,109,55,109,510,102,128,40,20,40,19,5,7,182,364,284,568
2021-01-27,685.0,111,56,111,515,103,129,35,18,35,24,6,8,183,366,283,566
2021-01-28,679.0,107,54,107,517,104,130,36,18,36,19,5,7,181,362,280,560
2021-01-29,678.0,102,51,102,521,105,131,40,20,40,15,4,5,180,360,278,556
2021-01-30,665.0,98,49,98,515,103,129,34,17,34,18,5,6,174,348,267,534
2021-01-31,669.0,101,51,101,511,103,128,32,16,32,25,7,9,177,354,270,540
2021-02-01,665.0,102,51,102,500,100,125,36,18,36,27,7,9,176,352,272,544
2021-02-02,657.0,104,52,104,492,99,123,31,16,31,30,8,10,175,350,268,536
2021-02-03,645.0,95,48,95,489,98,123,33,17,33,28,7,10,170,340,261,522
2021-02-04,647.0,99,50,99,493,99,124,28,14,28,27,7,9,170,340,260,520
2021-02-05,647.0,93,47,93,498,100,125,31,16,31,25,7,9,170,340,258,516
2021-02-06,665.0,94,47,94,504,101,126,33,17,33,34,9,12,174,348,265,530
2021-02-07,659.0,92,46,92,503,101,126,34,17,34,30,8,10,172,344,262,524
2021-02-08,660.0,92,46,92,499,100,125,39,20,39,30,8,10,174,348,266,532
2021-02-09,652.0,92,46,92,498,100,125,35,18,35,27,7,9,171,342,261,522
2021-02-10,653.0,88,44,88,507,102,127,36,18,36,22,6,8,170,340,259,518
2021-02-11,649.0,84,42,84,502,101,126,37,19,37,26,7,9,169,338,256,512
2021-02-12,667.0,95,48,95,504,101,126,38,19,38,30,8,10,176,352,269,538
2021-02-13,656.0,101,51,101,492,99,123,39,20,39,24,6,8,176,352,271,542
2021-02-14,641.0,100,50,100,488,98,122,33,17,33,20,5,7,170,340,262,524
2021-02-15,622.0,98,49,98,475,95,119,33,17,33,16,4,6,165,330,256,512
2021-02-16,616.0,97,49,97,474,95,119,29,15,29,16,4,6,163,326,251,502
2021-02-17,621.0,90,45,90,480,96,120,31,16,31,20,5,7,162,324,248,496
2021-02-18,625.0,92,46,92,479,96,120,33,17,33,21,6,7,165,330,252,504
2021-02-19,627.0,90,45,90,479,96,120,36,18,36,22,6,8,165,330,254,508
2021-02-20,634.0,85,43,85,490,98,123,32,16,32,27,7,9,164,328,249,498
2021-02-21,624.0,76,38,76,496,100,124,29,15,29,23,6,8,159,318,237,474
2021-02-22,641.0,84,42,84,509,102,128,30,15,30,18,5,6,164,328,248,496
2021-02-23,656.0,87,44,87,511,103,128,32,16,32,26,7,9,170,340,256,512
2021-02-24,668.0,90,45,90,517,104,130,33,17,33,28,7,10,173,346,263,526
2021-02-25,658.0,91,46,91,519,104,130,22,11,22,26,7,9,168,336,252,504
2021-02-26,647.0,88,44,88,508,102,127,27,14,27,24,6,8,166,332,250,500
2021-02-27,660.0,86,43,86,517,104,130,33,17,33,24,6,8,170,340,257,514
2021-02-28,650.0,84,42,84,507,102,127,33,17,33,26,7,9,168,336,253,506
2021-03-01,633.0,82,41,82,488,98,122,41,21,41,22,6,8,166,332,253,506
2021-03-02,630.0,81,41,81,495,99,124,35,18,35,19,5,7,163,326,247,494
2021-03-03,645.0,87,44,87,502,101,126,35,18,35,21,6,7,169,338,255,510
2021-03-04,653.0,98,49,98,500,100,125,35,18,35,20,5,7,172,344,265,530
2021-03-05,660.0,89,45,89,513,103,129,38,19,38,20,5,7,172,344,263,526
2021-03-06,648.0,96,48,96,498,100,125,34,17,34,20,5,7,170,340,262,524
2021-03-07,653.0,100,50,100,503,101,126,30,15,30,20,5,7,171,342,263,526
2021-03-08,654.0,100,50,100,513,103,129,23,12,23,18,5,6,170,340,258,516
2021-03-09,653.0,101,51,101,505,101,127,27,14,27,20,5,7,171,342,262,524
2021-03-10,644.0,97,49,97,501,101,126,25,13,25,21,6,7,169,338,255,510
2021-03-11,662.0,92,46,92,513,103,129,27,14,27,30,8,10,171,342,258,516
2021-03-12,667.0,94,47,94,519,104,130,24,12,24,30,8,10,171,342,258,516
2021-03-13,672.0,88,44,88,529,106,133,28,14,28,27,7,9,171,342,258,516
2021-03-14,661.0,87,44,87,522,105,131,27,14,27,25,7,9,170,340,254,508
2021-03-15,647.0,82,41,82,526,106,132,25,13,25,14,4,5,164,328,244,488
2021-03-16,660.0,86,43,86,522,105,131,31,16,31,21,6,7,170,340,255,510
2021-03-17,659.0,81,41,81,532,107,133,28,14,28,18,5,6,167,334,248,496
2021-03-18,659.0,80,40,80,525,105,132,34,17,34,20,5,7,167,334,253,506
2021-03-19,666.0,77,39,77,538,108,135,31,16,31,20,5,7,168,336,250,500
2021-03-20,652.0,81,41,81,525,105,132,33,17,33,13,4,5,167,334,251,502
2021-03-21,632.0,77,39,77,517,104,130,27,14,27,11,3,4,160,320,238,476
2021-03-22,651.0,82,41,82,531,107,133,26,13,26,12,3,4,164,328,245,490
2021-03-23,624.0,79,40,79,509,102,128,25,13,25,11,3,4,158,316,236,472
2021-03-24,627.0,79,40,79,511,103,128,25,13,25,12,3,4,159,318,236,472
2021-03-25,612.0,74,37,74,495,99,124,26,13,26,17,5,6,154,308,230,460
2021-03-26,636.0,82,41,82,514,103,129,24,12,24,16,4,6,160,320,241,482
2021-03-27,647.0,79,40,79,527,106,132,25,13,25,16,4,6,163,326,242,484
2021-03-28,648.0,88,44,88,517,104,130,29,15,29,14,4,5,167,334,252,504
2021-03-29,651.0,86,43,86,511,103,128,34,17,34,20,5,7,168,336,255,510
2021-03-30,633.0,77,39,77,499,100,125,33,17,33,24,6,8,162,324,243,486
2021-03-31,641.0,82,41,82,502,101,126,35,18,35,22,6,8,166,332,251,502
2021-04-01,638.0,80,40,80,505,101,127,32,16,32,21,6,7,163,326,246,492
2021-04-02,635.0,89,45,89,491,99,123,34,17,34,21,6,7,167,334,253,506
2021-04-03,617.0,81,41,81,485,97,122,28,14,28,23,6,8,158,316,239,478
2021-04-04,619.0,77,39,77,491,99,123,27,14,27,24,6,8,158,316,235,470
2021-04-05,611.0,80,40,80,479,96,120,31,16,31,21,6,7,158,316,238,476
2021-04-06,627.0,79,40,79,494,99,124,30,15,30,24,6,8,160,320,241,482
2021-04-07,621.0,83,42,83,485,97,122,30,15,30,23,6,8,160,320,243,486
2021-04-08,628.0,89,45,89,487,98,122,34,17,34,18,5,6,165,330,251,502
2021-04-09,636.0,93,47,93,487,98,122,32,16,32,24,6,8,167,334,255,510
2021-04-10,640.0,97,49,97,483,97,121,32,16,32,28,7,10,169,338,260,520
2021-04-11,635.0,100,50,100,484,97,121,30,15,30,21,6,7,168,336,258,516
2021-04-12,631.0,95,48,95,479,96,120,38,19,38,19,5,7,168,336,260,520
2021-04-13,632.0,102,51,102,476,96,119,35,18,35,19,5,7,170,340,263,526
2021-04-14,623.0,98,49,98,471,95,118,35,18,35,19,5,7,167,334,258,516
2021-04-15,611.0,98,49,98,463,93,116,33,17,33,17,5,6,164,328,253,506
2021-04-16,606.0,99,50,99,453,91,114,34,17,34,20,5,7,163,326,254,508
2021-04-17,598.0,93,47,93,452,91,113,32,16,32,21,6,7,160,320,245,490
2021-04-18,615.0,95,48,95,458,92,115,38,19,38,24,6,8,165,330,256,512
2021-04-19,610.0,96,48,96,453,91,114,37,19,37,24,6,8,164,328,255,510
2021-04-20,599.0,100,50,100,447,90,112,34,17,34,18,5,6,162,324,252,504
2021-04-21,591.0,94,47,94,441,89,111,36,18,36,20,5,7,159,318,248,496
2021-04-22,576.0,92,46,92,427,86,107,38,19,38,19,5,7,156,312,244,488
2021-04-23,576.0,101,51,101,425,85,107,38,19,38,12,3,4,158,316,250,500
2021-04-24,590.0,100,50,100,439,88,110,37,19,37,14,4,5,161,322,252,504
2021-04-25,593.0,99,50,99,440,88,110,38,19,38,16,4,6,161,322,253,506
2021-04-26,598.0,96,48,96,446,90,112,38,19,38,18,5,6,162,324,252,504
2021-04-27,613.0,102,51,102,447,90,112,50,25,50,14,4,5,170,340,269,538
2021-04-28,620.0,99,50,99,463,93,116,39,20,39,19,5,7,168,336,261,522
2021-04-29,644.0,99,50,99,473,95,119,47,24,47,25,7,9,176,352,274,548
2021-04-30,635.0,98,49,98,465,93,117,43,22,43,29,8,10,172,344,268,536
2021-05-01,624.0,98,49,98,458,92,115,42,21,42,26,7,9,169,338,264,528
2021-05-02,611.0,94,47,94,453,91,114,42,21,42,22,6,8,165,330,258,516
2021-05-03,608.0,96,48,96,457,92,115,35,18,35,20,5,7,163,326,253,506
2021-05-04,630.0,97,49,97,476,96,119,34,17,34,23,6,8,168,336,258,516
2021-05-05,624.0,96,48,96,482,97,121,28,14,28,18,5,6,164,328,251,502
2021-05-06,609.0,91,46,91,464,93,116,38,19,38,16,4,6,162,324,251,502
2021-05-07,610.0,88,44,88,464,93,116,36,18,36,22,6,8,161,322,248,496
2021-05-08,619.0,87,44,87,468,94,117,37,19,37,27,7,9,164,328,250,500
2021-05-09,619.0,86,43,86,478,96,120,34,17,34,21,6,7,162,324,247,494
2021-05-10,635.0,91,46,91,485,97,122,32,16,32,27,7,9,166,332,254,508
2021-05-11,610.0,85,43,85,470,94,118,32,16,32,23,6,8,159,318,243,486
2021-05-12,611.0,83,42,83,471,95,118,36,18,36,21,6,7,161,322,244,488
2021-05-13,608.0,85,43,85,460,92,115,35,18,35,28,7,10,160,320,245,490
2021-05-14,618.0,90,45,90,467,94,117,33,17,33,28,7,10,163,326,250,500
2021-05-15,625.0,89,45,89,477,96,120,31,16,31,28,7,10,164,328,250,500
2021-05-16,657.0,100,50,100,480,96,120,42,21,42,35,9,12,176,352,274,548
2021-05-17,653.0,99,50,99,493,99,124,34,17,34,27,7,9,173,346,266,532
2021-05-18,638.0,100,50,100,476,96,119,35,18,35,27,7,9,171,342,263,526
2021-05-19,628.0,92,46,92,475,95,119,36,18,36,25,7,9,166,332,256,512
2021-05-20,624.0,98,49,98,471,95,118,34,17,34,21,6,7,167,334,257,514
2021-05-21,635.0,95,48,95,483,97,121,32,16,32,25,7,9,168,336,257,514
2021-05-22,639.0,92,46,92,489,98,123,33,17,33,25,7,9,168,336,257,514
2021-05-23,655.0,90,45,90,505,101,127,35,18,35,25,7,9,171,342,261,522
2021-05-24,634.0,85,43,85,494,99,124,34,17,34,21,6,7,165,330,250,500
2021-05-25,642.0,89,45,89,497,100,125,31,16,31,25,7,9,168,336,254,508
2021-05-26,638.0,87,44,87,497,100,125,35,18,35,19,5,7,167,334,254,508
2021-05-27,622.0,83,42,83,481,97,121,32,16,32,26,7,9,162,324,245,490
2021-05-28,625.0,77,39,77,487,98,122,34,17,34,27,7,9,161,322,242,484
2021-05-29,627.0,80,40,80,486,98,122,29,15,29,32,8,11,161,322,242,484
2021-05-30,620.0,82,41,82,478,96,120,30,15,30,30,8,10,160,320,242,484
2021-05-31,601.0,83,42,83,458,92,115,33,17,33,27,7,9,158,316,240,480
2021-06-01,618.0,78,39,78,483,97,121,31,16,31,26,7,9,159,318,239,478
2021-06-02,617.0,79,40,79,487,98,122,29,15,29,22,6,8,159,318,238,476
2021-06-03,616.0,81,41,81,485,97,122,31,16,31,19,5,7,159,318,241,482
2021-06-04,620.0,86,43,86,485,97,122,34,17,34,15,4,5,161,322,247,494
2021-06-05,631.0,85,43,85,487,98,122,36,18,36,23,6,8,165,330,251,502
2021-06-06,609.0,80,40,80,478,96,120,36,18,36,15,4,5,158,316,241,482
2021-06-07,602.0,87,44,87,465,93,117,31,16,31,19,5,7,158,316,242,484
2021-06-08,602.0,89,45,89,470,94,118,28,14,28,15,4,5,157,314,240,480
2021-06-09,608.0,82,41,82,479,96,120,31,16,31,16,4,6,157,314,239,478
2021-06-10,606.0,84,42,84,478,96,120,29,15,29,15,4,5,157,314,238,476
2021-06-11,610.0,81,41,81,482,97,121,29,15,29,18,5,6,158,316,237,474
2021-06-12,622.0,81,41,81,481,97,121,31,16,31,29,8,10,162,324,243,486
2021-06-13,628.0,81,41,81,490,98,123,35,18,35,22,6,8,163,326,247,494
2021-06-14,628.0,82,41,82,491,99,123,29,15,29,26,7,9,162,324,243,486
2021-06-15,650.0,85,43,85,505,101,127,35,18,35,25,7,9,169,338,256,512
2021-06-16,642.0,86,43,86,503,101,126,35,18,35,18,5,6,167,334,253,506
2021-06-17,639.0,82,41,82,493,99,124,39,20,39,25,7,9,167,334,254,508
2021-06-18,643.0,81,41,81,501,101,126,34,17,34,27,7,9,166,332,250,500
2021-06-19,624.0,76,38,76,493,99,124,29,15,29,26,7,9,159,318,238,476
2021-06-20,622.0,74,37,74,488,98,122,37,19,37,23,6,8,160,320,241,482
2021-06-21,620.0,76,38,76,481,97,121,38,19,38,25,7,9,161,322,244,488
2021-06-22,612.0,70,35,70,486,98,122,31,16,31,25,7,9,156,312,232,464
2021-06-23,613.0,73,37,73,486,98,122,36,18,36,18,5,6,158,316,237,474
2021-06-24,626.0,76,38,76,498,100,125,37,19,37,15,4,5,161,322,243,486
2021-06-25,621.0,72,36,72,502,101,126,32,16,32,15,4,5,157,314,235,470
2021-06-26,608.0,74,37,74,494,99,124,27,14,27,13,4,5,154,308,230,460
2021-06-27,605.0,76,38,76,486,98,122,27,14,27,16,4,6,154,308,231,462
2021-06-28,619.0,76,38,76,490,98,123,28,14,28,25,7,9,157,314,236,472
2021-06-29,599.0,74,37,74,467,94,117,32,16,32,26,7,9,154,308,232,464
2021-06-30,618.0,77,39,77,490,98,123,30,15,30,21,6,7,158,316,237,474
2021-07-01,628.0,77,39,77,503,101,126,31,16,31,17,5,6,161,322,240,480
2021-07-02,637.0,81,41,81,501,101,126,32,16,32,23,6,8,164,328,247,494
2021-07-03,630.0,83,42,83,493,99,124,29,15,29,25,7,9,163,326,245,490
2021-07-04,630.0,79,40,79,499,100,125,22,11,22,30,8,10,159,318,236,472
2021-07-05,640.0,84,42,84,499,100,125,29,15,29,28,7,10,164,328,248,496
2021-07-06,633.0,87,44,87,498,100,125,28,14,28,20,5,7,163,326,247,494
2021-07-07,644.0,90,45,90,506,102,127,28,14,28,20,5,7,166,332,252,504
2021-07-08,645.0,89,45,89,501,101,126,32,16,32,23,6,8,168,336,255,510
2021-07-09,633.0,91,46,91,483,97,121,31,16,31,28,7,10,166,332,253,506
2021-07-10,631.0,89,45,89,473,95,119,36,18,36,33,9,11,167,334,255,510
2021-07-11,629.0,86,43,86,477,96,120,37,19,37,29,8,10,166,332,253,506
2021-07-12,644.0,89,45,89,502,101,126,28,14,28,25,7,9,167,334,252,504
2021-07-13,634.0,89,45,89,484,97,121,33,17,33,28,7,10,166,332,253,506
2021-07-14,637.0,85,43,85,490,98,123,37,19,37,25,7,9,167,334,254,508
2021-07-15,635.0,93,47,93,484,97,121,32,16,32,26,7,9,167,334,255,510
2021-07-16,649.0,95,48,95,494,99,124,35,18,35,25,7,9,172,344,263,526
2021-07-17,655.0,91,46,91,501,101,126,38,19,38,25,7,9,173,346,264,528
2021-07-18,665.0,95,48,95,512,103,128,37,19,37,21,6,7,176,352,267,534
2021-07-19,676.0,100,50,100,528,106,132,32,16,32,16,4,6,176,352,270,540
2021-07-20,699.0,99,50,99,538,108,135,36,18,36,26,7,9,183,366,279,558
2021-07-21,689.0,95,48,95,531,107,133,35,18,35,28,7,10,180,360,273,546
2021-07-22,686.0,98,49,98,528,106,132,32,16,32,28,7,10,178,356,272,544
2021-07-23,681.0,95,48,95,533,107,134,31,16,31,22,6,8,177,354,268,536
2021-07-24,689.0,94,47,94,523,105,131,40,20,40,32,8,11,180,360,276,552
2021-07-25,691.0,94,47,94,525,105,132,36,18,36,36,9,12,179,358,274,548
2021-07-26,685.0,89,45,89,519,104,130,38,19,38,39,10,13,178,356,270,540
2021-07-27,682.0,90,45,90,531,107,133,30,15,30,31,8,11,175,350,264,528
2021-07-28,669.0,88,44,88,528,106,132,29,15,29,24,6,8,171,342,257,514
2021-07-29,663.0,85,43,85,522,105,131,33,17,33,23,6,8,171,342,257,514
2021-07-30,667.0,86,43,86,523,105,131,32,16,32,26,7,9,171,342,258,516
2021-07-31,663.0,79,40,79,529,106,133,28,14,28,27,7,9,167,334,249,498
2021-08-01,664.0,79,40,79,533,107,134,31,16,31,21,6,7,169,338,251,502
2021-08-02,663.0,79,40,79,530,106,133,29,15,29,25,7,9,168,336,250,500
2021-08-03,661.0,83,42,83,526,106,132,35,18,35,17,5,6,171,342,256,512
2021-08-04,668.0,81,41,81,526,106,132,36,18,36,25,7,9,172,344,258,516
2021-08-05,690.0,86,43,86,532,107,133,35,18,35,37,10,13,178,356,267,534
2021-08-06,688.0,89,45,89,531,107,133,38,19,38,30,8,10,179,358,270,540
2021-08-07,672.0,88,44,88,527,106,132,35,18,35,22,6,8,174,348,263,526
2021-08-08,674.0,89,45,89,530,106,133,35,18,35,20,5,7,174,348,264,528
2021-08-09,671.0,95,48,95,529,106,133,30,15,30,17,5,6,174,348,264,528
2021-08-10,699.0,98,49,98,539,108,135,39,20,39,23,6,8,183,366,280,560
2021-08-11,681.0,97,49,97,530,106,133,34,17,34,20,5,7,177,354,271,542
2021-08-12,666.0,89,45,89,524,105,131,34,17,34,19,5,7,172,344,261,522
2021-08-13,664.0,90,45,90,514,103,129,35,18,35,25,7,9,173,346,263,526
2021-08-14,682.0,94,47,94,526,106,132,39,20,39,23,6,8,179,358,273,546
2021-08-15,676.0,93,47,93,515,103,129,38,19,38,30,8,10,177,354,270,540
2021-08-16,667.0,93,47,93,512,103,128,37,19,37,25,7,9,176,352,267,534
2021-08-17,676.0,92,46,92,524,105,131,32,16,32,28,7,10,174,348,265,530
2021-08-18,670.0,96,48,96,515,103,129,29,15,29,30,8,10,174,348,264,528
2021-08-19,688.0,94,47,94,530,106,133,33,17,33,31,8,11,178,356,271,542
2021-08-20,666.0,92,46,92,519,104,130,31,16,31,24,6,8,172,344,261,522
2021-08-21,677.0,97,49,97,519,104,130,38,19,38,23,6,8,178,356,273,546
2021-08-22,658.0,89,45,89,510,102,128,35,18,35,24,6,8,171,342,260,520
2021-08-23,653.0,95,48,95,500,100,125,32,16,32,26,7,9,171,342,261,522
2021-08-24,671.0,103,52,103,517,104,130,31,16,31,20,5,7,177,354,271,542
2021-08-25,661.0,101,51,101,512,103,128,30,15,30,18,5,6,174,348,265,530
2021-08-26,671.0,99,50,99,518,104,130,32,16,32,22,6,8,176,352,269,538
2021-08-27,667.0,101,51,101,514,103,129,34,17,34,18,5,6,176,352,270,540
2021-08-28,667.0,96,48,96,521,105,131,33,17,33,17,5,6,175,350,266,532
2021-08-29,663.0,98,49,98,511,103,128,35,18,35,19,5,7,175,350,268,536
2021-08-30,664.0,97,49,97,504,101,126,36,18,36,27,7,9,175,350,268,536
2021-08-31,652.0,93,47,93,498,100,125,36,18,36,25,7,9,172,344,263,526
2021-09-01,651.0,91,46,91,493,99,124,44,22,44,23,6,8,173,346,267,534
2021-09-02,660.0,96,48,96,508,102,127,37,19,37,19,5,7,174,348,267,534
2021-09-03,659.0,94,47,94,510,102,128,32,16,32,23,6,8,171,342,262,524
2021-09-04,655.0,89,45,89,512,103,128,35,18,35,19,5,7,171,342,259,518
2021-09-05,682.0,95,48,95,526,106,132,42,21,42,19,5,7,180,360,276,552
2021-09-06,689.0,91,46,91,535,107,134,42,21,42,21,6,7,180,360,274,548
2021-09-07,697.0,87,44,87,544,109,136,42,21,42,24,6,8,180,360,273,546
2021-09-08,713.0,93,47,93,560,112,140,38,19,38,22,6,8,184,368,279,558
2021-09-09,742.0,103,52,103,569,114,143,45,23,45,25,7,9,196,392,300,600
2021-09-10,734.0,105,53,105,564,113,141,40,20,40,25,7,9,193,386,295,590
2021-09-11,732.0,103,52,103,558,112,140,46,23,46,25,7,9,194,388,298,596
2021-09-12,727.0,103,52,103,550,110,138,43,22,43,31,8,11,192,384,295,590
2021-09-13,714.0,102,51,102,545,109,137,39,20,39,28,7,10,187,374,288,576
2021-09-14,728.0,103,52,103,551,111,138,43,22,43,31,8,11,193,386,295,590
2021-09-15,715.0,99,50,99,540,108,135,42,21,42,34,9,12,188,376,288,576
2021-09-16,701.0,100,50,100,536,108,134,42,21,42,23,6,8,185,370,284,568
2021-09-17,705.0,105,53,105,538,108,135,37,19,37,25,7,9,187,374,286,572
2021-09-18,699.0,101,51,101,539,108,135,35,18,35,24,6,8,183,366,279,558
2021-09-19,687.0,102,51,102,531,107,133,36,18,36,18,5,6,181,362,277,554
2021-09-20,702.0,99,50,99,540,108,135,37,19,37,26,7,9,184,368,280,560
2021-09-21,679.0,95,48,95,520,104,130,40,20,40,24,6,8,178,356,273,546
2021-09-22,684.0,95,48,95,536,108,134,35,18,35,18,5,6,179,358,270,540
2021-09-23,690.0,95,48,95,541,109,136,36,18,36,18,5,6,180,360,273,546
2021-09-24,698.0,94,47,94,541,109,136,33,17,33,30,8,10,181,362,273,546
2021-09-25,694.0,96,48,96,528,106,132,41,21,41,29,8,10,183,366,279,558
2021-09-26,697.0,99,50,99,532,107,133,38,19,38,28,7,10,183,366,280,560
2021-09-27,699.0,99,50,99,538,108,135,33,17,33,29,8,10,183,366,277,554
2021-09-28,715.0,94,47,94,559,112,140,37,19,37,25,7,9,185,370,280,560
2021-09-29,682.0,87,44,87,539,108,135,33,17,33,23,6,8,175,350,263,526
2021-09-30,694.0,93,47,93,542,109,136,38,19,38,21,6,7,181,362,274,548
2021-10-01,690.0,99,50,99,535,107,134,40,20,40,16,4,6,181,362,279,558
2021-10-02,691.0,102,51,102,536,108,134,34,17,34,19,5,7,181,362,277,554
2021-10-03,697.0,112,56,112,528,106,132,40,20,40,17,5,6,187,374,290,580
2021-10-04,692.0,105,53,105,530,106,133,38,19,38,19,5,7,183,366,283,566
2021-10-05,678.0,100,50,100,515,103,129,37,19,37,26,7,9,179,358,275,550
2021-10-06,668.0,100,50,100,507,102,127,33,17,33,28,7,10,176,352,270,540
2021-10-07,681.0,95,48,95,515,103,129,40,20,40,31,8,11,179,358,275,550
2021-10-08,673.0,99,50,99,510,102,128,33,17,33,31,8,11,177,354,271,542
2021-10-09,701.0,107,54,107,531,107,133,39,20,39,24,6,8,187,374,287,574
2021-10-10,699.0,100,50,100,537,108,135,37,19,37,25,7,9,184,368,281,562
2021-10-11,697.0,107,54,107,535,107,134,38,19,38,17,5,6,185,370,285,570
2021-10-12,669.0,107,54,107,508,102,127,41,21,41,13,4,5,181,362,280,560
2021-10-13,674.0,103,52,103,510,102,128,40,20,40,21,6,7,180,360,278,556
2021-10-14,682.0,95,48,95,518,104,130,39,20,39,30,8,10,180,360,274,548
2021-10-15,676.0,90,45,90,520,104,130,40,20,40,26,7,9,176,352,269,538
2021-10-16,682.0,91,46,91,533,107,134,35,18,35,23,6,8,177,354,268,536
2021-10-17,669.0,87,44,87,532,107,133,30,15,30,20,5,7,171,342,257,514
2021-10-18,672.0,88,44,88,529,106,133,35,18,35,20,5,7,173,346,263,526
2021-10-19,667.0,87,44,87,521,105,131,37,19,37,22,6,8,174,348,263,526
2021-10-20,673.0,89,45,89,523,105,131,38,19,38,23,6,8,175,350,266,532
2021-10-21,690.0,92,46,92,540,108,135,39,20,39,19,5,7,179,358,273,546
2021-10-22,686.0,91,46,91,528,106,132,39,20,39,28,7,10,179,358,272,544
2021-10-23,669.0,83,42,83,530,106,133,36,18,36,20,5,7,171,342,259,518
2021-10-24,672.0,82,41,82,531,107,133,36,18,36,23,6,8,172,344,259,518
2021-10-25,668.0,78,39,78,530,106,133,33,17,33,27,7,9,169,338,253,506
2021-10-26,651.0,83,42,83,508,102,127,33,17,33,27,7,9,168,336,252,504
2021-10-27,644.0,77,39,77,514,103,129,30,15,30,23,6,8,163,326,244,488
2021-10-28,661.0,78,39,78,523,105,131,41,21,41,19,5,7,170,340,257,514
2021-10-29,658.0,79,40,79,507,102,127,42,21,42,30,8,10,171,342,258,516
2021-10-30,642.0,78,39,78,499,100,125,41,21,41,24,6,8,166,332,252,504
2021-10-31,625.0,77,39,77,484,97,121,35,18,35,29,8,10,162,324,243,486
2021-11-01,628.0,75,38,75,486,98,122,38,19,38,29,8,10,163,326,245,490
2021-11-02,627.0,72,36,72,498,100,125,35,18,35,22,6,8,160,320,240,480
2021-11-03,634.0,74,37,74,511,103,128,29,15,29,20,5,7,160,320,238,476
2021-11-04,634.0,75,38,75,510,102,128,34,17,34,15,4,5,161,322,242,484
2021-11-05,648.0,78,39,78,514,103,129,40,20,40,16,4,6,166,332,253,506
2021-11-06,661.0,83,42,83,517,104,130,42,21,42,19,5,7,172,344,262,524
2021-11-07,660.0,86,43,86,512,103,128,39,20,39,23,6,8,172,344,261,522
2021-11-08,660.0,95,48,95,514,103,129,30,15,30,21,6,7,172,344,261,522
2021-11-09,649.0,95,48,95,507,102,127,32,16,32,15,4,5,170,340,259,518
2021-11-10,651.0,88,44,88,506,102,127,36,18,36,21,6,7,170,340,258,516
2021-11-11,643.0,82,41,82,510,102,128,32,16,32,19,5,7,164,328,249,498
2021-11-12,649.0,86,43,86,511,103,128,26,13,26,26,7,9,166,332,249,498
2021-11-13,643.0,89,45,89,500,100,125,28,14,28,26,7,9,166,332,251,502
2021-11-14,629.0,87,44,87,497,100,125,24,12,24,21,6,7,162,324,243,486
2021-11-15,652.0,84,42,84,510,102,128,32,16,32,26,7,9,167,334,253,506
2021-11-16,667.0,88,44,88,525,105,132,28,14,28,26,7,9,170,340,257,514
2021-11-17,668.0,93,47,93,526,106,132,29,15,29,20,5,7,173,346,261,522
2021-11-18,652.0,89,45,89,520,104,130,27,14,27,16,4,6,167,334,252,504
2021-11-19,669.0,88,44,88,530,106,133,29,15,29,22,6,8,171,342,258,516
2021-11-20,657.0,87,44,87,513,103,129,34,17,34,23,6,8,170,340,258,516
2021-11-21,662.0,91,46,91,512,103,128,35,18,35,24,6,8,173,346,262,524
2021-11-22,659.0,87,44,87,514,103,129,36,18,36,22,6,8,171,342,260,520
2021-11-23,666.0,90,45,90,506,102,127,37,19,37,33,9,11,175,350,265,530
2021-11-24,653.0,92,46,92,496,100,124,40,20,40,25,7,9,173,346,265,530
2021-11-25,665.0,93,47,93,506,102,127,42,21,42,24,6,8,176,352,270,540
2021-11-26,667.0,95,48,95,513,103,129,39,20,39,20,5,7,176,352,270,540
2021-11-27,677.0,98,49,98,518,104,130,34,17,34,27,7,9,177,354,271,542
2021-11-28,662.0,101,51,101,506,102,127,32,16,32,23,6,8,175,350,268,536
2021-11-29,681.0,101,51,101,525,105,132,30,15,30,25,7,9,178,356,272,544
2021-11-30,673.0,96,48,96,523,105,131,32,16,32,22,6,8,175,350,267,534
2021-12-01,677.0,97,49,97,531,107,133,30,15,30,19,5,7,176,352,267,534
2021-12-02,681.0,97,49,97,532,107,133,29,15,29,23,6,8,177,354,267,534
2021-12-03,676.0,98,49,98,517,104,130,39,20,39,22,6,8,179,358,275,550
2021-12-04,659.0,92,46,92,505,101,127,34,17,34,28,7,10,171,342,263,526
2021-12-05,649.0,94,47,94,502,101,126,35,18,35,18,5,6,171,342,261,522
2021-12-06,652.0,92,46,92,503,101,126,38,19,38,19,5,7,171,342,263,526
2021-12-07,640.0,90,45,90,489,98,123,41,21,41,20,5,7,169,338,261,522
2021-12-08,633.0,92,46,92,480,96,120,32,16,32,29,8,10,166,332,254,508
2021-12-09,641.0,98,49,98,486,98,122,34,17,34,23,6,8,170,340,262,524
2021-12-10,657.0,106,53,106,494,99,124,36,18,36,21,6,7,176,352,273,546
2021-12-11,668.0,111,56,111,498,100,125,35,18,35,24,6,8,180,360,279,558
2021-12-12,696.0,109,55,109,530,106,133,38,19,38,19,5,7,185,370,287,574
2021-12-13,708.0,105,53,105,548,110,137,39,20,39,16,4,6,187,374,287,574
2021-12-14,701.0,102,51,102,540,108,135,35,18,35,24,6,8,183,366,280,560
2021-12-15,687.0,98,49,98,531,107,133,33,17,33,25,7,9,180,360,273,546
2021-12-16,681.0,101,51,101,525,105,132,34,17,34,21,6,7,179,358,274,548
2021-12-17,702.0,109,55,109,534,107,134,33,17,33,26,7,9,186,372,285,570
2021-12-18,687.0,106,53,106,536,108,134,27,14,27,18,5,6,180,360,273,546
2021-12-19,723.0,110,55,110,564,113,141,31,16,31,18,5,6,189,378,288,576
2021-12-20,718.0,107,54,107,562,113,141,27,14,27,22,6,8,187,374,283,566
2021-12-21,708.0,105,53,105,558,112,140,29,15,29,16,4,6,184,368,280,560
2021-12-22,705.0,102,51,102,551,111,138,34,17,34,18,5,6,184,368,280,560
2021-12-23,709.0,105,53,105,553,111,139,34,17,34,17,5,6,186,372,284,568
2021-12-24,705.0,105,53,105,545,109,137,37,19,37,18,5,6,186,372,285,570
2021-12-25,707.0,96,48,96,542,109,136,47,24,47,22,6,8,187,374,287,574
2021-12-26,709.0,96,48,96,542,109,136,50,25,50,21,6,7,188,376,289,578
2021-12-27,705.0,95,48,95,540,108,135,44,22,44,26,7,9,185,370,283,566
2021-12-28,690.0,97,49,97,531,107,133,38,19,38,24,6,8,181,362,276,552
2021-12-29,678.0,89,45,89,533,107,134,35,18,35,21,6,7,176,352,265,530
2021-12-30,691.0,90,45,90,538,108,135,38,19,38,25,7,9,179,358,272,544
2021-12-31,694.0,97,49,97,538,108,135,35,18,35,24,6,8,181,362,275,550
2022-01-01,710.0,101,51,101,554,111,139,30,15,30,25,7,9,184,368,279,558
2022-01-02,693.0,97,49,97,545,109,137,27,14,27,24,6,8,178,356,269,538
2022-01-03,683.0,101,51,101,533,107,134,29,15,29,20,5,7,178,356,271,542
2022-01-04,679.0,98,49,98,537,108,135,24,12,24,20,5,7,174,348,264,528
2022-01-05,670.0,92,46,92,529,106,133,32,16,32,17,5,6,173,346,263,526
2022-01-06,682.0,98,49,98,530,106,133,32,16,32,22,6,8,177,354,271,542
2022-01-07,690.0,98,49,98,538,108,135,32,16,32,22,6,8,179,358,273,546
2022-01-08,695.0,98,49,98,537,108,135,32,16,32,28,7,10,180,360,275,550
2022-01-09,679.0,103,52,103,528,106,132,30,15,30,18,5,6,178,356,271,542
2022-01-10,681.0,108,54,108,528,106,132,25,13,25,20,5,7,178,356,272,544
2022-01-11,687.0,106,53,106,530,106,133,30,15,30,21,6,7,180,360,276,552
2022-01-12,697.0,110,55,110,538,108,135,29,15,29,20,5,7,183,366,281,562
2022-01-13,693.0,117,59,117,527,106,132,27,14,27,22,6,8,185,370,284,568
2022-01-14,707.0,117,59,117,541,109,136,29,15,29,20,5,7,188,376,289,578
2022-01-15,712.0,111,56,111,552,111,138,25,13,25,24,6,8,186,372,282,564
2022-01-16,707.0,105,53,105,554,111,139,28,14,28,20,5,7,183,366,279,558
2022-01-17,724.0,110,55,110,568,114,142,24,12,24,22,6,8,187,374,284,568
2022-01-18,712.0,110,55,110,559,112,140,23,12,23,20,5,7,184,368,280,560
2022-01-19,722.0,104,52,104,563,113,141,24,12,24,31,8,11,185,370,280,560
2022-01-20,723.0,106,53,106,555,111,139,31,16,31,31,8,11,188,376,287,574
2022-01-21,718.0,113,57,113,540,108,135,35,18,35,30,8,10,191,382,293,586
2022-01-22,719.0,117,59,117,535,107,134,36,18,36,31,8,11,192,384,298,596
2022-01-23,705.0,113,57,113,532,107,133,35,18,35,25,7,9,189,378,290,580
2022-01-24,706.0,111,56,111,539,108,135,33,17,33,23,6,8,187,374,287,574
2022-01-25,690.0,107,54,107,531,107,133,30,15,30,22,6,8,182,364,278,556
2022-01-26,692.0,103,52,103,536,108,134,26,13,26,27,7,9,180,360,272,544
2022-01-27,698.0,98,49,98,545,109,137,23,12,23,32,8,11,178,356,269,538
2022-01-28,706.0,101,51,101,547,110,137,31,16,31,27,7,9,184,368,278,556
2022-01-29,696.0,105,53,105,541,109,136,25,13,25,25,7,9,182,364,275,550
2022-01-30,703.0,99,50,99,555,111,139,27,14,27,22,6,8,181,362,273,546
2022-01-31,691.0,100,50,100,546,110,137,29,15,29,16,4,6,179,358,272,544
2022-02-01,706.0,98,49,98,549,110,138,36,18,36,23,6,8,183,366,280,560
2022-02-02,695.0,101,51,101,540,108,135,37,19,37,17,5,6,183,366,279,558
2022-02-03,713.0,101,51,101,542,109,136,39,20,39,31,8,11,188,376,287,574
2022-02-04,700.0,96,48,96,534,107,134,39,20,39,31,8,11,183,366,280,560
2022-02-05,692.0,96,48,96,528,106,132,39,20,39,29,8,10,182,364,277,554
2022-02-06,686.0,96,48,96,530,106,133,35,18,35,25,7,9,179,358,273,546
2022-02-07,695.0,102,51,102,536,108,134,39,20,39,18,5,6,184,368,281,562
2022-02-08,688.0,101,51,101,525,105,132,39,20,39,23,6,8,182,364,280,560
2022-02-09,672.0,95,48,95,510,102,128,42,21,42,25,7,9,178,356,274,548
2022-02-10,668.0,94,47,94,512,103,128,37,19,37,25,7,9,176,352,268,536
2022-02-11,661.0,93,47,93,505,101,127,37,19,37,26,7,9,174,348,266,532
2022-02-12,665.0,95,48,95,501,101,126,40,20,40,29,8,10,177,354,271,542
2022-02-13,656.0,94,47,94,502,101,126,37,19,37,23,6,8,173,346,265,530
2022-02-14,656.0,99,50,99,504,101,126,35,18,35,18,5,6,174,348,266,532
2022-02-15,645.0,97,49,97,494,99,124,36,18,36,18,5,6,171,342,263,526
2022-02-16,649.0,99,50,99,498,100,125,34,17,34,18,5,6,172,344,264,528
2022-02-17,656.0,104,52,104,501,101,126,36,18,36,15,4,5,175,350,271,542
2022-02-18,659.0,100,50,100,501,101,126,39,20,39,19,5,7,176,352,272,544
2022-02-19,680.0,109,55,109,517,104,130,36,18,36,18,5,6,182,364,281,562
2022-02-20,673.0,109,55,109,508,102,127,37,19,37,19,5,7,181,362,280,560
2022-02-21,677.0,108,54,108,509,102,128,40,20,40,20,5,7,181,362,283,566
2022-02-22,674.0,106,53,106,508,102,127,38,19,38,22,6,8,180,360,279,558
2022-02-23,673.0,104,52,104,512,103,128,38,19,38,19,5,7,179,358,277,554
2022-02-24,687.0,105,53,105,526,106,132,33,17,33,23,6,8,182,364,278,556
2022-02-25,686.0,103,52,103,527,106,132,32,16,32,24,6,8,180,360,275,550
2022-02-26,678.0,96,48,96,524,105,131,28,14,28,30,8,10,175,350,265,530
2022-02-27,680.0,94,47,94,534,107,134,27,14,27,25,7,9,175,350,264,528
2022-02-28,654.0,91,46,91,516,104,129,25,13,25,22,6,8,169,338,253,506
2022-03-01,668.0,98,49,98,508,102,127,38,19,38,24,6,8,176,352,271,542
2022-03-02,671.0,101,51,101,510,102,128,35,18,35,25,7,9,178,356,273,546
2022-03-03,654.0,91,46,91,507,102,127,37,19,37,19,5,7,172,344,262,524
2022-03-04,661.0,95,48,95,499,100,125,39,20,39,28,7,10,175,350,269,538
2022-03-05,665.0,98,49,98,504,101,126,40,20,40,23,6,8,176,352,272,544
2022-03-06,691.0,98,49,98,520,104,130,46,23,46,27,7,9,183,366,283,566
2022-03-07,684.0,97,49,97,514,103,129,51,26,51,22,6,8,184,368,285,570
2022-03-08,670.0,91,46,91,505,101,127,44,22,44,30,8,10,177,354,272,544
2022-03-09,676.0,91,46,91,516,104,129,43,22,43,26,7,9,179,358,272,544
2022-03-10,665.0,85,43,85,502,101,126,43,22,43,35,9,12,175,350,266,532
2022-03-11,662.0,89,45,89,500,100,125,44,22,44,29,8,10,175,350,268,536
2022-03-12,662.0,83,42,83,509,102,128,40,20,40,30,8,10,172,344,261,522
2022-03-13,664.0,83,42,83,514,103,129,42,21,42,25,7,9,173,346,263,526
2022-03-14,643.0,80,40,80,505,101,127,39,20,39,19,5,7,166,332,253,506
2022-03-15,656.0,80,40,80,514,103,129,44,22,44,18,5,6,170,340,259,518
2022-03-16,658.0,83,42,83,506,102,127,45,23,45,24,6,8,173,346,263,526
2022-03-17,664.0,83,42,83,505,101,127,44,22,44,32,8,11,173,346,265,530
2022-03-18,657.0,89,45,89,505,101,127,39,20,39,24,6,8,172,344,263,526
2022-03-19,656.0,87,44,87,507,102,127,34,17,34,28,7,10,170,340,258,516
2022-03-20,645.0,85,43,85,502,101,126,32,16,32,26,7,9,167,334,252,504
2022-03-21,641.0,91,46,91,496,100,124,29,15,29,25,7,9,168,336,253,506
2022-03-22,655.0,89,45,89,510,102,128,32,16,32,24,6,8,169,338,257,514
2022-03-23,668.0,93,47,93,511,103,128,31,16,31,33,9,11,175,350,263,526
2022-03-24,664.0,95,48,95,506,102,127,29,15,29,34,9,12,174,348,263,526
2022-03-25,654.0,91,46,91,505,101,127,32,16,32,26,7,9,170,340,259,518
2022-03-26,640.0,93,47,93,497,100,125,26,13,26,24,6,8,166,332,252,504
2022-03-27,643.0,88,44,88,500,100,125,29,15,29,26,7,9,166,332,251,502
2022-03-28,641.0,86,43,86,490,98,123,31,16,31,34,9,12,166,332,252,504
2022-03-29,659.0,89,45,89,506,102,127,37,19,37,27,7,9,173,346,262,524
2022-03-30,669.0,97,49,97,501,101,126,40,20,40,31,8,11,178,356,274,548
2022-03-31,664.0,95,48,95,504,101,126,41,21,41,24,6,8,176,352,270,540
2022-04-01,648.0,88,44,88,499,100,125,37,19,37,24,6,8,169,338,258,516
2022-04-02,669.0,90,45,90,512,103,128,39,20,39,28,7,10,175,350,267,534
2022-04-03,664.0,85,43,85,511,103,128,40,20,40,28,7,10,173,346,263,526
2022-04-04,661.0,85,43,85,513,103,129,41,21,41,22,6,8,173,346,263,526
2022-04-05,675.0,83,42,83,526,106,132,43,22,43,23,6,8,176,352,266,532
2022-04-06,662.0,83,42,83,512,103,128,42,21,42,25,7,9,173,346,262,524
2022-04-07,639.0,79,40,79,494,99,124,44,22,44,22,6,8,167,334,255,510
2022-04-08,633.0,79,40,79,483,97,121,44,22,44,27,7,9,166,332,253,506
2022-04-09,615.0,72,36,72,483,97,121,42,21,42,18,5,6,159,318,241,482
2022-04-10,618.0,73,37,73,480,96,120,43,22,43,22,6,8,161,322,244,488
2022-04-11,628.0,76,38,76,478,96,120,42,21,42,32,8,11,163,326,249,498
2022-04-12,638.0,81,41,81,483,97,121,39,20,39,35,9,12,167,334,253,506
2022-04-13,636.0,82,41,82,485,97,122,33,17,33,36,9,12,164,328,249,498
2022-04-14,628.0,79,40,79,485,97,122,33,17,33,31,8,11,162,324,245,490
2022-04-15,619.0,79,40,79,478,96,120,30,15,30,32,8,11,159,318,240,480
2022-04-16,626.0,78,39,78,479,96,120,37,19,37,32,8,11,162,324,246,492
2022-04-17,615.0,78,39,78,474,95,119,34,17,34,29,8,10,159,318,241,482
2022-04-18,630.0,81,41,81,487,98,122,38,19,38,24,6,8,164,328,249,498
2022-04-19,635.0,84,42,84,495,99,124,35,18,35,21,6,7,165,330,250,500
2022-04-20,607.0,79,40,79,474,95,119,35,18,35,19,5,7,158,316,240,480
2022-04-21,607.0,73,37,73,472,95,118,33,17,33,29,8,10,157,314,234,468
2022-04-22,609.0,73,37,73,476,96,119,32,16,32,28,7,10,156,312,234,468
2022-04-23,616.0,76,38,76,483,97,121,34,17,34,23,6,8,158,316,239,478
2022-04-24,631.0,78,39,78,492,99,123,38,19,38,23,6,8,163,326,247,494
2022-04-25,629.0,78,39,78,488,98,122,45,23,45,18,5,6,165,330,251,502
2022-04-26,615.0,73,37,73,480,96,120,41,21,41,21,6,7,160,320,241,482
2022-04-27,631.0,75,38,75,486,98,122,42,21,42,28,7,10,164,328,249,498
2022-04-28,633.0,71,36,71,493,99,124,41,21,41,28,7,10,163,326,246,492
2022-04-29,606.0,63,32,63,480,96,120,38,19,38,25,7,9,154,308,230,460
2022-04-30,613.0,59,30,59,488,98,122,36,18,36,30,8,10,154,308,227,454
2022-05-01,592.0,58,29,58,475,95,119,33,17,33,26,7,9,148,296,219,438
2022-05-02,588.0,58,29,58,464,93,116,44,22,44,22,6,8,150,300,226,452
2022-05-03,614.0,64,32,64,485,97,122,39,20,39,26,7,9,156,312,234,468
2022-05-04,609.0,62,31,62,484,97,121,39,20,39,24,6,8,154,308,230,460
2022-05-05,611.0,63,32,63,486,98,122,36,18,36,26,7,9,155,310,230,460
2022-05-06,615.0,62,31,62,492,99,123,36,18,36,25,7,9,155,310,230,460
2022-05-07,630.0,59,30,59,505,101,127,38,19,38,28,7,10,157,314,234,468
2022-05-08,656.0,65,33,65,520,104,130,38,19,38,33,9,11,165,330,244,488
2022-05-09,651.0,72,36,72,522,105,131,33,17,33,24,6,8,164,328,244,488
2022-05-10,646.0,75,38,75,511,103,128,34,17,34,26,7,9,165,330,246,492
2022-05-11,635.0,73,37,73,499,100,125,38,19,38,25,7,9,163,326,245,490
2022-05-12,651.0,75,38,75,510,102,128,40,20,40,26,7,9,167,334,252,504
2022-05-13,669.0,77,39,77,525,105,132,35,18,35,32,8,11,170,340,255,510
2022-05-14,673.0,78,39,78,530,106,133,38,19,38,27,7,9,171,342,258,516
2022-05-15,660.0,71,36,71,519,104,130,38,19,38,32,8,11,167,334,250,500
2022-05-16,664.0,70,35,70,526,106,132,39,20,39,29,8,10,169,338,251,502
2022-05-17,662.0,70,35,70,522,105,131,38,19,38,32,8,11,167,334,250,500
2022-05-18,645.0,68,34,68,511,103,128,42,21,42,24,6,8,164,328,246,492
2022-05-19,639.0,67,34,67,504,101,126,42,21,42,26,7,9,163,326,244,488
2022-05-20,661.0,75,38,75,511,103,128,45,23,45,30,8,10,172,344,258,516
2022-05-21,653.0,74,37,74,508,102,127,48,24,48,23,6,8,169,338,257,514
2022-05-22,641.0,76,38,76,502,101,126,40,20,40,23,6,8,165,330,250,500
2022-05-23,635.0,70,35,70,496,100,124,41,21,41,28,7,10,163,326,245,490
2022-05-24,635.0,71,36,71,494,99,124,43,22,43,27,7,9,164,328,247,494
2022-05-25,624.0,68,34,68,486,98,122,42,21,42,28,7,10,160,320,242,484
2022-05-26,611.0,61,31,61,489,98,123,35,18,35,26,7,9,154,308,228,456
2022-05-27,625.0,64,32,64,502,101,126,38,19,38,21,6,7,158,316,235,470
2022-05-28,641.0,66,33,66,502,101,126,41,21,41,32,8,11,163,326,244,488
2022-05-29,639.0,69,35,69,503,101,126,41,21,41,26,7,9,164,328,245,490
2022-05-30,636.0,67,34,67,511,103,128,38,19,38,20,5,7,161,322,240,480
2022-05-31,623.0,65,33,65,496,100,124,40,20,40,22,6,8,159,318,237,474
2022-06-01,617.0,66,33,66,485,97,122,40,20,40,26,7,9,157,314,237,474
2022-06-02,606.0,71,36,71,475,95,119,38,19,38,22,6,8,156,312,236,472
2022-06-03,624.0,70,35,70,489,98,123,37,19,37,28,7,10,159,318,240,480
2022-06-04,622.0,68,34,68,497,100,125,33,17,33,24,6,8,157,314,234,468
2022-06-05,623.0,66,33,66,497,100,125,33,17,33,27,7,9,157,314,233,466
2022-06-06,616.0,64,32,64,495,99,124,34,17,34,23,6,8,154,308,230,460
2022-06-07,638.0,72,36,72,507,102,127,42,21,42,17,5,6,164,328,247,494
2022-06-08,630.0,74,37,74,494,99,124,35,18,35,27,7,9,161,322,242,484
2022-06-09,642.0,74,37,74,498,100,125,36,18,36,34,9,12,164,328,247,494
2022-06-10,649.0,76,38,76,509,102,128,35,18,35,29,8,10,166,332,249,498
2022-06-11,655.0,77,39,77,518,104,130,35,18,35,25,7,9,168,336,251,502
2022-06-12,647.0,75,38,75,507,102,127,37,19,37,28,7,10,166,332,249,498
2022-06-13,642.0,72,36,72,513,103,129,30,15,30,27,7,9,161,322,240,480
2022-06-14,625.0,65,33,65,506,102,127,30,15,30,24,6,8,156,312,230,460
2022-06-15,658.0,70,35,70,521,105,131,34,17,34,33,9,11,166,332,246,492
2022-06-16,656.0,70,35,70,532,107,133,28,14,28,26,7,9,163,326,240,480
2022-06-17,670.0,72,36,72,540,108,135,30,15,30,28,7,10,166,332,247,494
2022-06-18,676.0,64,32,64,556,112,139,30,15,30,26,7,9,166,332,242,484
2022-06-19,693.0,75,38,75,548,110,137,41,21,41,29,8,10,177,354,263,526
2022-06-20,709.0,71,36,71,568,114,142,37,19,37,33,9,11,178,356,261,522
2022-06-21,700.0,70,35,70,566,114,142,37,19,37,27,7,9,175,350,258,516
2022-06-22,694.0,68,34,68,567,114,142,38,19,38,21,6,7,173,346,255,510
2022-06-23,703.0,78,39,78,565,113,142,36,18,36,24,6,8,176,352,264,528
2022-06-24,683.0,81,41,81,541,109,136,38,19,38,23,6,8,175,350,263,526
2022-06-25,687.0,86,43,86,543,109,136,38,19,38,20,5,7,176,352,267,534
2022-06-26,684.0,78,39,78,543,109,136,37,19,37,26,7,9,174,348,260,520
2022-06-27,679.0,70,35,70,535,107,134,47,24,47,27,7,9,173,346,260,520
2022-06-28,683.0,71,36,71,539,108,135,47,24,47,26,7,9,175,350,262,524
2022-06-29,654.0,68,34,68,523,105,131,40,20,40,23,6,8,165,330,247,494
2022-06-30,651.0,69,35,69,524,105,131,37,19,37,21,6,7,165,330,244,488
2022-07-01,659.0,67,34,67,532,107,133,38,19,38,22,6,8,166,332,246,492
2022-07-02,654.0,65,33,65,525,105,132,40,20,40,24,6,8,164,328,245,490
2022-07-03,667.0,75,38,75,531,107,133,40,20,40,21,6,7,171,342,255,510
2022-07-04,656.0,72,36,72,519,104,130,38,19,38,27,7,9,166,332,249,498
2022-07-05,642.0,74,37,74,507,102,127,37,19,37,24,6,8,164,328,246,492
2022-07-06,631.0,71,36,71,499,100,125,35,18,35,26,7,9,161,322,240,480
2022-07-07,635.0,72,36,72,496,100,124,36,18,36,31,8,11,162,324,243,486
2022-07-08,623.0,75,38,75,484,97,121,38,19,38,26,7,9,161,322,243,486
2022-07-09,618.0,75,38,75,489,98,123,32,16,32,22,6,8,158,316,238,476
2022-07-10,617.0,77,39,77,482,97,121,36,18,36,22,6,8,160,320,242,484
2022-07-11,617.0,86,43,86,464,93,116,41,21,41,26,7,9,164,328,252,504
2022-07-12,618.0,86,43,86,471,95,118,33,17,33,28,7,10,162,324,247,494
2022-07-13,595.0,83,42,83,453,91,114,35,18,35,24,6,8,157,314,240,480
2022-07-14,594.0,88,44,88,457,92,115,29,15,29,20,5,7,156,312,239,478
2022-07-15,603.0,86,43,86,459,92,115,39,20,39,19,5,7,160,320,247,494
2022-07-16,613.0,83,42,83,475,95,119,33,17,33,22,6,8,160,320,243,486
2022-07-17,634.0,86,43,86,492,99,123,33,17,33,23,6,8,165,330,250,500
2022-07-18,624.0,81,41,81,488,98,122,33,17,33,22,6,8,162,324,244,488
2022-07-19,632.0,75,38,75,488,98,122,40,20,40,29,8,10,164,328,247,494
2022-07-20,642.0,72,36,72,504,101,126,34,17,34,32,8,11,162,324,243,486
2022-07-21,627.0,70,35,70,494,99,124,37,19,37,26,7,9,160,320,240,480
2022-07-22,620.0,72,36,72,492,99,123,35,18,35,21,6,7,159,318,237,474
2022-07-23,627.0,68,34,68,500,100,125,34,17,34,25,7,9,158,316,236,472
2022-07-24,642.0,66,33,66,511,103,128,38,19,38,27,7,9,162,324,241,482
2022-07-25,639.0,62,31,62,520,104,130,35,18,35,22,6,8,159,318,235,470
2022-07-26,629.0,61,31,61,504,101,126,39,20,39,25,7,9,159,318,235,470
2022-07-27,639.0,54,27,54,517,104,130,43,22,43,25,7,9,160,320,236,472
2022-07-28,636.0,56,28,56,501,101,126,45,23,45,34,9,12,161,322,239,478
2022-07-29,646.0,59,30,59,507,102,127,48,24,48,32,8,11,164,328,245,490
2022-07-30,638.0,60,30,60,506,102,127,44,22,44,28,7,10,161,322,241,482
2022-07-31,632.0,58,29,58,503,101,126,43,22,43,28,7,10,159,318,237,474
2022-08-01,628.0,62,31,62,504,101,126,32,16,32,30,8,10,156,312,230,460
2022-08-02,632.0,67,34,67,502,101,126,34,17,34,29,8,10,160,320,237,474
2022-08-03,630.0,67,34,67,509,102,128,29,15,29,25,7,9,158,316,233,466
2022-08-04,631.0,68,34,68,501,101,126,33,17,33,29,8,10,160,320,237,474
2022-08-05,640.0,69,35,69,506,102,127,32,16,32,33,9,11,162,324,239,478
2022-08-06,634.0,65,33,65,511,103,128,27,14,27,31,8,11,158,316,231,462
2022-08-07,629.0,64,32,64,507,102,127,31,16,31,27,7,9,157,314,231,462
2022-08-08,634.0,70,35,70,504,101,126,35,18,35,25,7,9,161,322,240,480
2022-08-09,636.0,66,33,66,510,102,128,33,17,33,27,7,9,159,318,236,472
2022-08-10,634.0,63,32,63,517,104,130,31,16,31,23,6,8,158,316,232,464
2022-08-11,627.0,63,32,63,511,103,128,31,16,31,22,6,8,157,314,230,460
2022-08-12,635.0,65,33,65,520,104,130,28,14,28,22,6,8,157,314,231,462
2022-08-13,630.0,64,32,64,514,103,129,30,15,30,22,6,8,156,312,231,462
2022-08-14,637.0,64,32,64,523,105,131,28,14,28,22,6,8,157,314,231,462
2022-08-15,656.0,68,34,68,532,107,133,29,15,29,27,7,9,163,326,239,478
2022-08-16,657.0,68,34,68,539,108,135,28,14,28,22,6,8,162,324,239,478
2022-08-17,667.0,69,35,69,531,107,133,31,16,31,36,9,12,167,334,245,490
2022-08-18,671.0,72,36,72,533,107,134,38,19,38,28,7,10,169,338,254,508
2022-08-19,679.0,69,35,69,542,109,136,39,20,39,29,8,10,172,344,254,508
2022-08-20,686.0,75,38,75,544,109,136,39,20,39,28,7,10,174,348,260,520
2022-08-21,694.0,71,36,71,552,111,138,40,20,40,31,8,11,175,350,260,520
2022-08-22,678.0,71,36,71,546,110,137,37,19,37,24,6,8,171,342,253,506
2022-08-23,670.0,71,36,71,537,108,135,34,17,34,28,7,10,168,336,250,500
2022-08-24,678.0,77,39,77,535,107,134,41,21,41,25,7,9,174,348,261,522
2022-08-25,673.0,74,37,74,531,107,133,41,21,41,27,7,9,172,344,257,514
2022-08-26,667.0,70,35,70,529,106,133,43,22,43,25,7,9,170,340,255,510
2022-08-27,675.0,70,35,70,532,107,133,43,22,43,30,8,10,172,344,256,512
2022-08-28,665.0,73,37,73,521,105,131,45,23,45,26,7,9,172,344,258,516
2022-08-29,645.0,74,37,74,504,101,126,41,21,41,26,7,9,166,332,250,500
2022-08-30,628.0,72,36,72,493,99,124,37,19,37,26,7,9,161,322,242,484
2022-08-31,628.0,78,39,78,495,99,124,30,15,30,25,7,9,160,320,241,482
2022-09-01,629.0,74,37,74,498,100,125,31,16,31,26,7,9,160,320,239,478
2022-09-02,629.0,74,37,74,498,100,125,35,18,35,22,6,8,161,322,242,484
2022-09-03,638.0,70,35,70,512,103,128,36,18,36,20,5,7,161,322,241,482
2022-09-04,655.0,68,34,68,518,104,130,43,22,43,26,7,9,167,334,250,500
2022-09-05,650.0,65,33,65,513,103,129,41,21,41,31,8,11,165,330,246,492
2022-09-06,604.0,68,34,68,477,96,120,40,20,40,19,5,7,155,310,235,470
2022-09-07,625.0,61,31,61,499,100,125,46,23,46,19,5,7,159,318,239,478
2022-09-08,619.0,56,28,56,503,101,126,38,19,38,22,6,8,154,308,228,456
2022-09-09,635.0,58,29,58,512,103,128,39,20,39,26,7,9,159,318,234,468
2022-09-10,623.0,55,28,55,510,102,128,36,18,36,22,6,8,154,308,227,454
2022-09-11,630.0,57,29,57,518,104,130,34,17,34,21,6,7,156,312,228,456
2022-09-12,625.0,56,28,56,514,103,129,34,17,34,21,6,7,154,308,226,452
2022-09-13,630.0,58,29,58,514,103,129,36,18,36,22,6,8,156,312,231,462
2022-09-14,628.0,59,30,59,506,102,127,38,19,38,25,7,9,158,316,233,466
2022-09-15,623.0,61,31,61,501,101,126,37,19,37,24,6,8,157,314,232,464
2022-09-16,633.0,58,29,58,502,101,126,48,24,48,25,7,9,161,322,241,482
2022-09-17,622.0,56,28,56,506,102,127,38,19,38,22,6,8,155,310,229,458
2022-09-18,626.0,60,30,60,506,102,127,39,20,39,21,6,7,158,316,233,466
2022-09-19,632.0,63,32,63,500,100,125,42,21,42,27,7,9,160,320,239,478
2022-09-20,650.0,57,29,57,521,105,131,43,22,43,29,8,10,164,328,241,482
2022-09-21,652.0,59,30,59,519,104,130,45,23,45,29,8,10,165,330,244,488
2022-09-22,655.0,65,33,65,523,105,131,40,20,40,27,7,9,165,330,245,490
2022-09-23,676.0,66,33,66,527,106,132,49,25,49,34,9,12,173,346,259,518
2022-09-24,668.0,68,34,68,529,106,133,45,23,45,26,7,9,170,340,255,510
2022-09-25,671.0,67,34,67,535,107,134,47,24,47,22,6,8,171,342,256,512
2022-09-26,664.0,68,34,68,529,106,133,47,24,47,20,5,7,169,338,255,510
2022-09-27,660.0,64,32,64,528,106,132,42,21,42,26,7,9,166,332,247,494
2022-09-28,658.0,60,30,60,539,108,135,35,18,35,24,6,8,162,324,238,476
2022-09-29,650.0,61,31,61,529,106,133,36,18,36,24,6,8,161,322,238,476
2022-09-30,633.0,60,30,60,507,102,127,39,20,39,27,7,9,159,318,235,470
2022-10-01,643.0,58,29,58,515,103,129,41,21,41,29,8,10,161,322,238,476
2022-10-02,652.0,61,31,61,521,105,131,41,21,41,29,8,10,165,330,243,486
2022-10-03,646.0,61,31,61,523,105,131,37,19,37,25,7,9,162,324,238,476
2022-10-04,653.0,64,32,64,524,105,131,37,19,37,28,7,10,163,326,242,484
2022-10-05,633.0,64,32,64,502,101,126,38,19,38,29,8,10,160,320,238,476
2022-10-06,614.0,67,34,67,482,97,121,39,20,39,26,7,9,158,316,236,472
2022-10-07,640.0,69,35,69,505,101,127,35,18,35,31,8,11,162,324,242,484
2022-10-08,643.0,65,33,65,511,103,128,40,20,40,27,7,9,163,326,242,484
2022-10-09,643.0,62,31,62,517,104,130,38,19,38,26,7,9,161,322,239,478
2022-10-10,649.0,62,31,62,516,104,129,39,20,39,32,8,11,163,326,241,482
2022-10-11,626.0,61,31,61,503,101,126,39,20,39,23,6,8,158,316,234,468
2022-10-12,642.0,67,34,67,513,103,129,35,18,35,27,7,9,162,324,240,480
2022-10-13,635.0,68,34,68,504,101,126,37,19,37,26,7,9,161,322,240,480
2022-10-14,648.0,70,35,70,506,102,127,44,22,44,28,7,10,166,332,251,502
2022-10-15,656.0,68,34,68,514,103,129,47,24,47,27,7,9,168,336,253,506
2022-10-16,652.0,66,33,66,510,102,128,49,25,49,27,7,9,167,334,252,504
2022-10-17,663.0,68,34,68,520,104,130,50,25,50,25,7,9,170,340,257,514
2022-10-18,672.0,68,34,68,531,107,133,45,23,45,28,7,10,171,342,256,512
2022-10-19,665.0,72,36,72,519,104,130,47,24,47,27,7,9,171,342,258,516
2022-10-20,649.0,71,36,71,509,102,128,42,21,42,27,7,9,166,332,250,500
2022-10-21,634.0,71,36,71,504,101,126,36,18,36,23,6,8,161,322,241,482
2022-10-22,631.0,70,35,70,495,99,124,36,18,36,30,8,10,160,320,240,480
2022-10-23,633.0,66,33,66,498,100,125,37,19,37,32,8,11,160,320,239,478
2022-10-24,613.0,68,34,68,480,96,120,41,21,41,24,6,8,157,314,237,474
2022-10-25,629.0,67,34,67,497,100,125,37,19,37,28,7,10,160,320,239,478
2022-10-26,609.0,66,33,66,489,98,123,28,14,28,26,7,9,152,304,226,452
2022-10-27,608.0,65,33,65,491,99,123,27,14,27,25,7,9,153,306,224,448
2022-10-28,627.0,65,33,65,501,101,126,33,17,33,28,7,10,158,316,234,468
2022-10-29,638.0,65,33,65,503,101,126,35,18,35,35,9,12,161,322,238,476
2022-10-30,629.0,67,34,67,501,101,126,36,18,36,25,7,9,160,320,238,476
2022-10-31,639.0,69,35,69,504,101,126,38,19,38,28,7,10,162,324,243,486
2022-11-01,657.0,75,38,75,518,104,130,32,16,32,32,8,11,166,332,248,496
2022-11-02,672.0,81,41,81,521,105,131,39,20,39,31,8,11,174,348,262,524
2022-11-03,681.0,78,39,78,544,109,136,36,18,36,23,6,8,172,344,258,516
2022-11-04,668.0,78,39,78,536,108,134,28,14,28,26,7,9,168,336,249,498
2022-11-05,657.0,78,39,78,518,104,130,35,18,35,26,7,9,168,336,252,504
2022-11-06,665.0,78,39,78,529,106,133,29,15,29,29,8,10,168,336,250,500
2022-11-07,678.0,78,39,78,541,109,136,34,17,34,25,7,9,172,344,257,514
2022-11-08,677.0,77,39,77,539,108,135,36,18,36,25,7,9,172,344,257,514
2022-11-09,676.0,76,38,76,547,110,137,32,16,32,21,6,7,170,340,252,504
2022-11-10,683.0,73,37,73,541,109,136,36,18,36,33,9,11,173,346,256,512
2022-11-11,669.0,71,36,71,533,107,134,33,17,33,32,8,11,168,336,249,498
2022-11-12,697.0,76,38,76,556,112,139,37,19,37,28,7,10,176,352,262,524
2022-11-13,698.0,77,39,77,545,109,137,40,20,40,36,9,12,177,354,266,532
2022-11-14,681.0,73,37,73,537,108,135,42,21,42,29,8,10,174,348,260,520
2022-11-15,696.0,72,36,72,549,110,138,42,21,42,33,9,11,176,352,263,526
2022-11-16,689.0,77,39,77,539,108,135,42,21,42,31,8,11,176,352,265,530
2022-11-17,678.0,74,37,74,537,108,135,37,19,37,30,8,10,172,344,256,512
2022-11-18,676.0,73,37,73,542,109,136,38,19,38,23,6,8,171,342,255,510
2022-11-19,677.0,70,35,70,541,109,136,36,18,36,30,8,10,170,340,252,504
2022-11-20,692.0,73,37,73,546,110,137,46,23,46,27,7,9,177,354,265,530
2022-11-21,693.0,68,34,68,542,109,136,48,24,48,35,9,12,176,352,264,528
2022-11-22,683.0,69,35,69,549,110,138,38,19,38,27,7,9,171,342,254,508
2022-11-23,689.0,73,37,73,543,109,136,44,22,44,29,8,10,176,352,263,526
2022-11-24,694.0,76,38,76,546,110,137,47,24,47,25,7,9,179,358,269,538
2022-11-25,677.0,74,37,74,532,107,133,44,22,44,27,7,9,173,346,260,520
2022-11-26,662.0,77,39,77,516,104,129,44,22,44,25,7,9,172,344,259,518
2022-11-27,668.0,76,38,76,516,104,129,45,23,45,31,8,11,173,346,261,522
2022-11-28,667.0,76,38,76,523,105,131,37,19,37,31,8,11,170,340,255,510
2022-11-29,661.0,66,33,66,523,105,131,36,18,36,36,9,12,165,330,245,490
2022-11-30,660.0,71,36,71,517,104,130,39,20,39,33,9,11,169,338,251,502
2022-12-01,651.0,65,33,65,512,103,128,37,19,37,37,10,13,165,330,243,486
2022-12-02,636.0,64,32,64,508,102,127,37,19,37,27,7,9,160,320,237,474
2022-12-03,640.0,70,35,70,505,101,127,38,19,38,27,7,9,162,324,244,488
2022-12-04,625.0,69,35,69,497,100,125,37,19,37,22,6,8,160,320,239,478
2022-12-05,643.0,76,38,76,503,101,126,41,21,41,23,6,8,166,332,251,502
2022-12-06,631.0,80,40,80,492,99,123,40,20,40,19,5,7,164,328,250,500
2022-12-07,637.0,79,40,79,497,100,125,38,19,38,23,6,8,165,330,250,500
2022-12-08,648.0,81,41,81,515,103,129,33,17,33,19,5,7,166,332,250,500
2022-12-09,667.0,80,40,80,528,106,132,38,19,38,21,6,7,171,342,257,514
2022-12-10,672.0,79,40,79,532,107,133,43,22,43,18,5,6,174,348,261,522
2022-12-11,697.0,78,39,78,555,111,139,46,23,46,18,5,6,178,356,269,538
2022-12-12,689.0,75,38,75,556,112,139,36,18,36,22,6,8,174,348,258,516
2022-12-13,690.0,74,37,74,548,110,137,40,20,40,28,7,10,174,348,261,522
2022-12-14,693.0,73,37,73,548,110,137,44,22,44,28,7,10,176,352,264,528
2022-12-15,703.0,75,38,75,558,112,140,42,21,42,28,7,10,178,356,267,534
2022-12-16,685.0,77,39,77,540,108,135,37,19,37,31,8,11,174,348,260,520
2022-12-17,670.0,78,39,78,532,107,133,33,17,33,27,7,9,170,340,253,506
2022-12-18,683.0,74,37,74,545,109,137,37,19,37,27,7,9,172,344,257,514
2022-12-19,687.0,73,37,73,544,109,136,40,20,40,30,8,10,174,348,259,518
2022-12-20,682.0,83,42,83,533,107,134,37,19,37,29,8,10,176,352,264,528
2022-12-21,685.0,81,41,81,540,108,135,37,19,37,27,7,9,175,350,262,524
2022-12-22,668.0,77,39,77,528,106,132,39,20,39,24,6,8,171,342,256,512
2022-12-23,673.0,76,38,76,527,106,132,44,22,44,26,7,9,173,346,261,522
2022-12-24,675.0,77,39,77,529,106,133,38,19,38,31,8,11,172,344,259,518
2022-12-25,690.0,83,42,83,542,109,136,38,19,38,27,7,9,177,354,266,532
2022-12-26,683.0,82,41,82,539,108,135,36,18,36,26,7,9,174,348,262,524
2022-12-27,677.0,75,38,75,536,108,134,39,20,39,27,7,9,173,346,257,514
2022-12-28,687.0,78,39,78,541,109,136,44,22,44,24,6,8,176,352,266,532
2022-12-29,679.0,79,40,79,538,108,135,40,20,40,22,6,8,174,348,262,524
2022-12-30,691.0,83,42,83,545,109,137,38,19,38,25,7,9,177,354,267,534
2022-12-31,684.0,83,42,83,542,109,136,36,18,36,23,6,8,175,350,263,526
2023-01-01,670.0,79,40,79,524,105,131,43,22,43,24,6,8,173,346,261,522
2023-01-02,647.0,76,38,76,507,102,127,45,23,45,19,5,7,168,336,255,510
2023-01-03,661.0,73,37,73,524,105,131,42,21,42,22,6,8,169,338,254,508
2023-01-04,661.0,71,36,71,533,107,134,41,21,41,16,4,6,168,336,252,504
2023-01-05,668.0,72,36,72,541,109,136,41,21,41,14,4,5,170,340,254,508
2023-01-06,676.0,77,39,77,539,108,135,36,18,36,24,6,8,171,342,256,512
2023-01-07,676.0,72,36,72,546,110,137,39,20,39,19,5,7,171,342,255,510
2023-01-08,672.0,77,39,77,537,108,135,37,19,37,21,6,7,172,344,256,512
2023-01-09,680.0,77,39,77,547,110,137,31,16,31,25,7,9,172,344,254,508
2023-01-10,666.0,74,37,74,533,107,134,30,15,30,29,8,10,167,334,248,496
2023-01-11,676.0,71,36,71,542,109,136,29,15,29,34,9,12,169,338,248,496
2023-01-12,676.0,67,34,67,548,110,137,33,17,33,28,7,10,168,336,247,494
2023-01-13,681.0,66,33,66,547,110,137,40,20,40,28,7,10,170,340,253,506
2023-01-14,700.0,72,36,72,556,112,139,42,21,42,30,8,10,177,354,263,526
2023-01-15,689.0,79,40,79,544,109,136,42,21,42,24,6,8,176,352,265,530
2023-01-16,674.0,78,39,78,543,109,136,34,17,34,19,5,7,170,340,255,510
2023-01-17,682.0,81,41,81,545,109,137,37,19,37,19,5,7,174,348,262,524
2023-01-18,673.0,73,37,73,542,109,136,33,17,33,25,7,9,170,340,251,502
2023-01-19,659.0,73,37,73,532,107,133,30,15,30,24,6,8,165,330,244,488
2023-01-20,663.0,68,34,68,530,106,133,41,21,41,24,6,8,167,334,250,500
2023-01-21,659.0,66,33,66,530,106,133,36,18,36,27,7,9,164,328,244,488
2023-01-22,676.0,74,37,74,534,107,134,35,18,35,33,9,11,171,342,254,508
2023-01-23,671.0,70,35,70,547,110,137,32,16,32,22,6,8,167,334,247,494
2023-01-24,679.0,66,33,66,549,110,138,37,19,37,27,7,9,169,338,250,500
2023-01-25,700.0,73,37,73,563,113,141,32,16,32,32,8,11,174,348,257,514
2023-01-26,693.0,73,37,73,560,112,140,35,18,35,25,7,9,174,348,257,514
2023-01-27,696.0,74,37,74,558,112,140,40,20,40,24,6,8,175,350,262,524
2023-01-28,718.0,74,37,74,576,116,144,43,22,43,25,7,9,182,364,270,540
2023-01-29,706.0,78,39,78,574,115,144,30,15,30,24,6,8,175,350,260,520
2023-01-30,732.0,82,41,82,585,117,147,33,17,33,32,8,11,183,366,273,546
2023-01-31,727.0,78,39,78,583,117,146,40,20,40,26,7,9,183,366,273,546
2023-02-01,711.0,74,37,74,573,115,144,38,19,38,26,7,9,178,356,265,530
2023-02-02,711.0,73,37,73,569,114,143,35,18,35,34,9,12,178,356,263,526
2023-02-03,707.0,81,41,81,563,113,141,33,17,33,30,8,10,179,358,265,530
2023-02-04,721.0,77,39,77,582,117,146,30,15,30,32,8,11,179,358,264,528
2023-02-05,694.0,73,37,73,565,113,142,28,14,28,28,7,10,171,342,253,506
2023-02-06,690.0,74,37,74,561,113,141,30,15,30,25,7,9,172,344,254,508
2023-02-07,698.0,72,36,72,567,114,142,34,17,34,25,7,9,174,348,257,514
2023-02-08,700.0,77,39,77,563,113,141,33,17,33,27,7,9,176,352,260,520
2023-02-09,702.0,80,40,80,569,114,143,30,15,30,23,6,8,175,350,261,522
2023-02-10,716.0,76,38,76,573,115,144,35,18,35,32,8,11,179,358,266,532
2023-02-11,707.0,69,35,69,575,115,144,35,18,35,28,7,10,175,350,258,516
2023-02-12,733.0,73,37,73,596,120,149,36,18,36,28,7,10,182,364,268,536
2023-02-13,730.0,77,39,77,583,117,146,37,19,37,33,9,11,184,368,271,542
2023-02-14,723.0,71,36,71,587,118,147,37,19,37,28,7,10,180,360,265,530
2023-02-15,714.0,72,36,72,571,115,143,39,20,39,32,8,11,179,358,265,530
2023-02-16,696.0,73,37,73,556,112,139,42,21,42,25,7,9,177,354,263,526
2023-02-17,704.0,73,37,73,564,113,141,41,21,41,26,7,9,178,356,264,528
2023-02-18,693.0,74,37,74,557,112,140,39,20,39,23,6,8,175,350,261,522
2023-02-19,675.0,68,34,68,542,109,136,40,20,40,25,7,9,170,340,253,506
2023-02-20,675.0,66,33,66,542,109,136,40,20,40,27,7,9,169,338,251,502
2023-02-21,665.0,64,32,64,533,107,134,37,19,37,31,8,11,166,332,246,492
2023-02-22,651.0,65,33,65,521,105,131,40,20,40,25,7,9,165,330,245,490
2023-02-23,663.0,63,32,63,535,107,134,44,22,44,21,6,7,167,334,248,496
2023-02-24,674.0,67,34,67,534,107,134,43,22,43,30,8,10,171,342,254,508
2023-02-25,661.0,77,39,77,525,105,132,38,19,38,21,6,7,169,338,254,508
2023-02-26,657.0,75,38,75,519,104,130,39,20,39,24,6,8,168,336,252,504
2023-02-27,657.0,76,38,76,520,104,130,37,19,37,24,6,8,167,334,251,502
2023-02-28,677.0,75,38,75,537,108,135,36,18,36,29,8,10,172,344,256,512
2023-03-01,670.0,76,38,76,526,106,132,38,19,38,30,8,10,171,342,256,512
2023-03-02,661.0,73,37,73,523,105,131,39,20,39,26,7,9,169,338,252,504
2023-03-03,676.0,71,36,71,546,110,137,35,18,35,24,6,8,170,340,251,502
2023-03-04,689.0,70,35,70,547,110,137,38,19,38,34,9,12,173,346,257,514
2023-03-05,686.0,71,36,71,549,110,138,38,19,38,28,7,10,172,344,257,514
2023-03-06,708.0,76,38,76,557,112,140,42,21,42,33,9,11,180,360,269,538
2023-03-07,703.0,77,39,77,562,113,141,36,18,36,28,7,10,177,354,264,528
2023-03-08,701.0,75,38,75,561,113,141,38,19,38,27,7,9,177,354,263,526
2023-03-09,684.0,75,38,75,539,108,135,45,23,45,25,7,9,176,352,264,528
2023-03-10,676.0,76,38,76,530,106,133,46,23,46,24,6,8,173,346,263,526
2023-03-11,670.0,73,37,73,536,108,134,39,20,39,22,6,8,171,342,254,508
2023-03-12,675.0,76,38,76,546,110,137,34,17,34,19,5,7,170,340,254,508
2023-03-13,671.0,73,37,73,537,108,135,39,20,39,22,6,8,171,342,255,510
2023-03-14,679.0,73,37,73,535,107,134,47,24,47,24,6,8,174,348,262,524
2023-03-15,677.0,71,36,71,535,107,134,40,20,40,31,8,11,171,342,256,512
2023-03-16,685.0,69,35,69,548,110,137,43,22,43,25,7,9,174,348,258,516
2023-03-17,680.0,64,32,64,540,108,135,44,22,44,32,8,11,170,340,254,508
2023-03-18,687.0,68,34,68,557,112,140,34,17,34,28,7,10,170,340,252,504
2023-03-19,704.0,68,34,68,559,112,140,43,22,43,34,9,12,177,354,263,526
2023-03-20,683.0,70,35,70,537,108,135,42,21,42,34,9,12,173,346,259,518
2023-03-21,649.0,71,36,71,517,104,130,33,17,33,28,7,10,164,328,244,488
2023-03-22,656.0,76,38,76,521,105,131,34,17,34,25,7,9,167,334,250,500
2023-03-23,664.0,72,36,72,528,106,132,37,19,37,27,7,9,168,336,250,500
2023-03-24,656.0,69,35,69,526,106,132,31,16,31,30,8,10,165,330,242,484
2023-03-25,655.0,68,34,68,527,106,132,33,17,33,27,7,9,164,328,242,484
2023-03-26,663.0,68,34,68,533,107,134,37,19,37,25,7,9,167,334,248,496
2023-03-27,671.0,65,33,65,545,109,137,36,18,36,25,7,9,167,334,247,494
2023-03-28,672.0,68,34,68,542,109,136,37,19,37,25,7,9,169,338,250,500
2023-03-29,661.0,62,31,62,536,108,134,38,19,38,25,7,9,165,330,243,486
2023-03-30,659.0,65,33,65,538,108,135,29,15,29,27,7,9,163,326,238,476
2023-03-31,650.0,64,32,64,522,105,131,33,17,33,31,8,11,162,324,239,478
2023-04-01,632.0,62,31,62,510,102,128,33,17,33,27,7,9,157,314,232,464
2023-04-02,646.0,67,34,67,521,105,131,35,18,35,23,6,8,163,326,241,482
2023-04-03,640.0,68,34,68,514,103,129,34,17,34,24,6,8,160,320,239,478
2023-04-04,625.0,66,33,66,504,101,126,32,16,32,23,6,8,156,312,232,464
2023-04-05,634.0,65,33,65,506,102,127,38,19,38,25,7,9,161,322,239,478
2023-04-06,642.0,64,32,64,513,103,129,38,19,38,27,7,9,161,322,240,480
2023-04-07,627.0,66,33,66,500,100,125,30,15,30,31,8,11,156,312,232,464
2023-04-08,640.0,74,37,74,510,102,128,33,17,33,23,6,8,162,324,243,486
2023-04-09,671.0,75,38,75,527,106,132,41,21,41,28,7,10,172,344,258,516
2023-04-10,659.0,77,39,77,513,103,129,46,23,46,23,6,8,171,342,260,520
2023-04-11,637.0,71,36,71,505,101,127,38,19,38,23,6,8,162,324,244,488
2023-04-12,669.0,74,37,74,535,107,134,34,17,34,26,7,9,168,336,251,502
2023-04-13,671.0,75,38,75,538,108,135,34,17,34,24,6,8,169,338,252,504
2023-04-14,673.0,73,37,73,540,108,135,34,17,34,26,7,9,169,338,251,502
2023-04-15,673.0,68,34,68,547,110,137,35,18,35,23,6,8,168,336,248,496
2023-04-16,676.0,69,35,69,547,110,137,34,17,34,26,7,9,169,338,249,498
2023-04-17,679.0,75,38,75,547,110,137,32,16,32,25,7,9,171,342,253,506
2023-04-18,675.0,68,34,68,544,109,136,37,19,37,26,7,9,169,338,250,500
2023-04-19,676.0,73,37,73,543,109,136,35,18,35,25,7,9,171,342,253,506
2023-04-20,676.0,69,35,69,546,110,137,36,18,36,25,7,9,170,340,251,502
2023-04-21,676.0,71,36,71,545,109,137,41,21,41,19,5,7,171,342,256,512
2023-04-22,650.0,72,36,72,513,103,129,42,21,42,23,6,8,166,332,251,502
2023-04-23,668.0,78,39,78,520,104,130,45,23,45,25,7,9,173,346,262,524
2023-04-24,671.0,77,39,77,533,107,134,37,19,37,24,6,8,171,342,256,512
2023-04-25,682.0,81,41,81,530,106,133,44,22,44,27,7,9,176,352,267,534
2023-04-26,702.0,76,38,76,540,108,135,55,28,55,31,8,11,182,364,277,554
2023-04-27,682.0,78,39,78,533,107,134,45,23,45,26,7,9,176,352,266,532
2023-04-28,673.0,75,38,75,527,106,132,50,25,50,21,6,7,175,350,264,528
2023-04-29,668.0,72,36,72,524,105,131,46,23,46,26,7,9,171,342,258,516
2023-04-30,670.0,75,38,75,529,106,133,40,20,40,26,7,9,171,342,257,514
2023-05-01,665.0,78,39,78,519,104,130,37,19,37,31,8,11,170,340,256,512
2023-05-02,665.0,74,37,74,519,104,130,38,19,38,34,9,12,169,338,254,508
2023-05-03,657.0,76,38,76,511,103,128,34,17,34,36,9,12,167,334,250,500
2023-05-04,663.0,73,37,73,522,105,131,40,20,40,28,7,10,169,338,254,508
2023-05-05,670.0,71,36,71,531,107,133,41,21,41,27,7,9,171,342,254,508
2023-05-06,686.0,65,33,65,544,109,136,41,21,41,36,9,12,172,344,254,508
2023-05-07,693.0,67,34,67,548,110,137,44,22,44,34,9,12,175,350,260,520
2023-05-08,690.0,62,31,62,555,111,139,43,22,43,30,8,10,172,344,254,508
2023-05-09,693.0,63,32,63,557,112,140,44,22,44,29,8,10,174,348,257,514
2023-05-10,671.0,61,31,61,546,110,137,40,20,40,24,6,8,167,334,246,492
2023-05-11,681.0,64,32,64,541,109,136,48,24,48,28,7,10,172,344,258,516
2023-05-12,676.0,61,31,61,539,108,135,46,23,46,30,8,10,170,340,252,504
2023-05-13,697.0,63,32,63,555,111,139,48,24,48,31,8,11,175,350,261,522
2023-05-14,686.0,65,33,65,548,110,137,44,22,44,29,8,10,173,346,256,512
2023-05-15,667.0,67,34,67,525,105,132,39,20,39,36,9,12,168,336,250,500
2023-05-16,638.0,68,34,68,507,102,127,34,17,34,29,8,10,161,322,239,478
2023-05-17,636.0,71,36,71,513,103,129,31,16,31,21,6,7,161,322,238,476
2023-05-18,635.0,66,33,66,508,102,127,33,17,33,28,7,10,159,318,236,472
2023-05-19,643.0,72,36,72,505,101,127,38,19,38,28,7,10,163,326,247,494
2023-05-20,623.0,69,35,69,486,98,122,41,21,41,27,7,9,161,322,241,482
2023-05-21,633.0,74,37,74,489,98,123,42,21,42,28,7,10,163,326,249,498
2023-05-22,624.0,71,36,71,485,97,122,41,21,41,27,7,9,161,322,243,486
2023-05-23,623.0,71,36,71,490,98,123,40,20,40,22,6,8,160,320,242,484
2023-05-24,621.0,71,36,71,486,98,122,42,21,42,22,6,8,161,322,243,486
2023-05-25,627.0,72,36,72,496,100,124,39,20,39,20,5,7,161,322,242,484
2023-05-26,637.0,72,36,72,511,103,128,36,18,36,18,5,6,162,324,242,484
2023-05-27,651.0,69,35,69,521,105,131,41,21,41,20,5,7,166,332,248,496
2023-05-28,646.0,71,36,71,512,103,128,41,21,41,22,6,8,166,332,248,496
2023-05-29,656.0,65,33,65,519,104,130,43,22,43,29,8,10,167,334,248,496
2023-05-30,646.0,72,36,72,500,100,125,50,25,50,24,6,8,167,334,255,510
2023-05-31,640.0,76,38,76,497,100,125,44,22,44,23,6,8,166,332,253,506
2023-06-01,657.0,74,37,74,510,102,128,46,23,46,27,7,9,169,338,257,514
2023-06-02,642.0,74,37,74,500,100,125,46,23,46,22,6,8,166,332,253,506
2023-06-03,642.0,70,35,70,507,102,127,41,21,41,24,6,8,164,328,246,492
2023-06-04,637.0,69,35,69,514,103,129,30,15,30,24,6,8,159,318,236,472
2023-06-05,630.0,69,35,69,500,100,125,34,17,34,27,7,9,159,318,237,474
2023-06-06,641.0,72,36,72,502,101,126,41,21,41,26,7,9,165,330,248,496
2023-06-07,625.0,66,33,66,497,100,125,38,19,38,24,6,8,158,316,237,474
2023-06-08,623.0,67,34,67,490,98,123,41,21,41,25,7,9,160,320,240,480
2023-06-09,627.0,71,36,71,489,98,123,46,23,46,21,6,7,163,326,247,494
2023-06-10,629.0,69,35,69,506,102,127,38,19,38,16,4,6,160,320,240,480
2023-06-11,642.0,73,37,73,511,103,128,41,21,41,17,5,6,166,332,248,496
2023-06-12,636.0,77,39,77,508,102,127,34,17,34,17,5,6,163,326,244,488
2023-06-13,648.0,73,37,73,515,103,129,34,17,34,26,7,9,164,328,245,490
2023-06-14,630.0,73,37,73,498,100,125,34,17,34,25,7,9,161,322,241,482
2023-06-15,634.0,71,36,71,496,100,124,40,20,40,27,7,9,163,326,244,488
2023-06-16,628.0,68,34,68,489,98,123,41,21,41,30,8,10,161,322,242,484
2023-06-17,626.0,67,34,67,494,99,124,41,21,41,24,6,8,160,320,240,480
2023-06-18,647.0,68,34,68,507,102,127,38,19,38,34,9,12,164,328,245,490
2023-06-19,625.0,69,35,69,502,101,126,30,15,30,24,6,8,157,314,233,466
2023-06-20,634.0,68,34,68,502,101,126,37,19,37,27,7,9,161,322,240,480
2023-06-21,642.0,72,36,72,499,100,125,37,19,37,34,9,12,164,328,246,492
2023-06-22,631.0,80,40,80,483,97,121,39,20,39,29,8,10,165,330,250,500
2023-06-23,631.0,77,39,77,487,98,122,37,19,37,30,8,10,164,328,246,492
2023-06-24,642.0,82,41,82,486,98,122,46,23,46,28,7,10,169,338,260,520
2023-06-25,632.0,79,40,79,487,98,122,42,21,42,24,6,8,165,330,251,502
2023-06-26,626.0,71,36,71,482,97,121,43,22,43,30,8,10,163,326,245,490
2023-06-27,634.0,71,36,71,490,98,123,43,22,43,30,8,10,164,328,247,494
2023-06-28,630.0,73,37,73,489,98,123,40,20,40,28,7,10,162,324,246,492
2023-06-29,637.0,72,36,72,497,100,125,39,20,39,29,8,10,164,328,246,492
2023-06-30,664.0,73,37,73,525,105,132,41,21,41,25,7,9,170,340,255,510
2023-07-01,652.0,69,35,69,521,105,131,40,20,40,22,6,8,166,332,248,496
2023-07-02,655.0,64,32,64,521,105,131,45,23,45,25,7,9,167,334,249,498
2023-07-03,652.0,60,30,60,530,106,133,37,19,37,25,7,9,162,324,239,478
2023-07-04,647.0,64,32,64,521,105,131,39,20,39,23,6,8,163,326,242,484
2023-07-05,655.0,71,36,71,521,105,131,41,21,41,22,6,8,168,336,251,502
2023-07-06,655.0,70,35,70,517,104,130,44,22,44,24,6,8,167,334,252,504
2023-07-07,646.0,69,35,69,507,102,127,50,25,50,20,5,7,167,334,253,506
2023-07-08,652.0,73,37,73,511,103,128,46,23,46,22,6,8,169,338,255,510
2023-07-09,645.0,69,35,69,505,101,127,43,22,43,28,7,10,165,330,249,498
2023-07-10,679.0,75,38,75,524,105,131,50,25,50,30,8,10,176,352,266,532
2023-07-11,684.0,77,39,77,520,104,130,53,27,53,34,9,12,179,358,272,544
2023-07-12,653.0,78,39,78,504,101,126,47,24,47,24,6,8,170,340,259,518
2023-07-13,646.0,82,41,82,501,101,126,44,22,44,19,5,7,169,338,259,518
2023-07-14,648.0,76,38,76,498,100,125,49,25,49,25,7,9,170,340,259,518
2023-07-15,632.0,70,35,70,491,99,123,43,22,43,28,7,10,163,326,246,492
2023-07-16,617.0,67,34,67,485,97,122,40,20,40,25,7,9,158,316,238,476
2023-07-17,613.0,67,34,67,485,97,122,39,20,39,22,6,8,157,314,236,472
2023-07-18,623.0,70,35,70,497,100,125,40,20,40,16,4,6,159,318,241,482
2023-07-19,625.0,68,34,68,502,101,126,37,19,37,18,5,6,159,318,237,474
2023-07-20,633.0,67,34,67,509,102,128,35,18,35,22,6,8,160,320,238,476
2023-07-21,626.0,66,33,66,500,100,125,35,18,35,25,7,9,158,316,235,470
2023-07-22,640.0,63,32,63,516,104,129,35,18,35,26,7,9,161,322,236,472
2023-07-23,651.0,64,32,64,524,105,131,38,19,38,25,7,9,163,326,242,484
2023-07-24,657.0,66,33,66,520,104,130,44,22,44,27,7,9,166,332,249,498
2023-07-25,676.0,69,35,69,536,108,134,40,20,40,31,8,11,171,342,254,508
2023-07-26,698.0,75,38,75,560,112,140,41,21,41,22,6,8,177,354,264,528
2023-07-27,690.0,70,35,70,557,112,140,42,21,42,21,6,7,174,348,259,518
2023-07-28,682.0,72,36,72,553,111,139,34,17,34,23,6,8,170,340,253,506
2023-07-29,698.0,75,38,75,562,113,141,29,15,29,32,8,11,174,348,256,512
2023-07-30,699.0,73,37,73,560,112,140,31,16,31,35,9,12,174,348,256,512
2023-07-31,699.0,75,38,75,560,112,140,31,16,31,33,9,11,175,350,257,514
2023-08-01,678.0,72,36,72,543,109,136,32,16,32,31,8,11,169,338,251,502
2023-08-02,655.0,66,33,66,529,106,133,31,16,31,29,8,10,163,326,240,480
2023-08-03,666.0,67,34,67,537,108,135,37,19,37,25,7,9,168,336,248,496
2023-08-04,656.0,67,34,67,530,106,133,35,18,35,24,6,8,164,328,243,486
2023-08-05,647.0,69,35,69,522,105,131,32,16,32,24,6,8,162,324,240,480
2023-08-06,639.0,69,35,69,511,103,128,37,19,37,22,6,8,163,326,242,484
2023-08-07,650.0,78,39,78,509,102,128,37,19,37,26,7,9,167,334,252,504
2023-08-08,664.0,80,40,80,515,103,129,41,21,41,28,7,10,171,342,260,520
2023-08-09,656.0,78,39,78,519,104,130,39,20,39,20,5,7,168,336,254,508
2023-08-10,665.0,79,40,79,528,106,132,37,19,37,21,6,7,171,342,255,510
2023-08-11,651.0,74,37,74,518,104,130,35,18,35,24,6,8,165,330,247,494
2023-08-12,658.0,76,38,76,526,106,132,32,16,32,24,6,8,166,332,248,496
2023-08-13,669.0,77,39,77,528,106,132,35,18,35,29,8,10,171,342,254,508
2023-08-14,662.0,75,38,75,529,106,133,30,15,30,28,7,10,166,332,248,496
2023-08-15,671.0,71,36,71,540,108,135,32,16,32,28,7,10,167,334,248,496
2023-08-16,657.0,71,36,71,524,105,131,36,18,36,26,7,9,166,332,247,494
2023-08-17,648.0,70,35,70,516,104,129,35,18,35,27,7,9,164,328,243,486
2023-08-18,647.0,72,36,72,506,102,127,43,22,43,26,7,9,167,334,251,502
2023-08-19,659.0,72,36,72,512,103,128,49,25,49,26,7,9,171,342,258,516
2023-08-20,669.0,72,36,72,512,103,128,54,27,54,31,8,11,174,348,265,530
2023-08-21,653.0,74,37,74,505,101,127,48,24,48,26,7,9,169,338,258,516
2023-08-22,624.0,72,36,72,491,99,123,40,20,40,21,6,7,161,322,242,484
2023-08-23,646.0,67,34,67,508,102,127,44,22,44,27,7,9,165,330,247,494
2023-08-24,656.0,67,34,67,514,103,129,50,25,50,25,7,9,169,338,255,510
2023-08-25,678.0,70,35,70,523,105,131,54,27,54,31,8,11,175,350,266,532
2023-08-26,639.0,67,34,67,500,100,125,45,23,45,27,7,9,164,328,246,492
2023-08-27,649.0,69,35,69,501,101,126,49,25,49,30,8,10,169,338,254,508
2023-08-28,655.0,63,32,63,523,105,131,47,24,47,22,6,8,167,334,249,498
2023-08-29,673.0,64,32,64,533,107,134,51,26,51,25,7,9,172,344,258,516
2023-08-30,657.0,67,34,67,522,105,131,42,21,42,26,7,9,167,334,249,498
2023-08-31,657.0,68,34,68,526,106,132,42,21,42,21,6,7,167,334,249,498
2023-09-01,652.0,71,36,71,523,105,131,43,22,43,15,4,5,167,334,250,500
2023-09-02,655.0,70,35,70,516,104,129,46,23,46,23,6,8,168,336,253,506
2023-09-03,648.0,67,34,67,519,104,130,38,19,38,24,6,8,163,326,243,486
2023-09-04,616.0,65,33,65,491,99,123,36,18,36,24,6,8,156,312,232,464
2023-09-05,625.0,66,33,66,502,101,126,32,16,32,25,7,9,157,314,233,466
2023-09-06,649.0,65,33,65,510,102,128,46,23,46,28,7,10,165,330,249,498
2023-09-07,641.0,67,34,67,506,102,127,41,21,41,27,7,9,164,328,244,488
2023-09-08,637.0,67,34,67,508,102,127,39,20,39,23,6,8,162,324,241,482
2023-09-09,653.0,66,33,66,520,104,130,43,22,43,24,6,8,165,330,247,494
2023-09-10,660.0,67,34,67,509,102,128,47,24,47,37,10,13,170,340,255,510
2023-09-11,654.0,75,38,75,505,101,127,47,24,47,27,7,9,170,340,258,516
2023-09-12,669.0,78,39,78,524,105,131,45,23,45,22,6,8,173,346,262,524
2023-09-13,664.0,74,37,74,518,104,130,47,24,47,25,7,9,172,344,260,520
2023-09-14,669.0,77,39,77,520,104,130,45,23,45,27,7,9,173,346,261,522
2023-09-15,662.0,68,34,68,518,104,130,45,23,45,31,8,11,169,338,254,508
2023-09-16,659.0,75,38,75,509,102,128,46,23,46,29,8,10,171,342,259,518
2023-09-17,657.0,74,37,74,511,103,128,39,20,39,33,9,11,169,338,252,504
2023-09-18,669.0,76,38,76,530,106,133,34,17,34,29,8,10,169,338,253,506
2023-09-19,674.0,82,41,82,526,106,132,37,19,37,29,8,10,174,348,261,522
2023-09-20,674.0,73,37,73,540,108,135,39,20,39,22,6,8,171,342,255,510
2023-09-21,687.0,74,37,74,541,109,136,42,21,42,30,8,10,175,350,262,524
2023-09-22,693.0,76,38,76,542,109,136,44,22,44,31,8,11,177,354,267,534
2023-09-23,680.0,75,38,75,529,106,133,42,21,42,34,9,12,174,348,262,524
2023-09-24,661.0,82,41,82,513,103,129,35,18,35,31,8,11,170,340,257,514
2023-09-25,655.0,77,39,77,513,103,129,32,16,32,33,9,11,167,334,249,498
2023-09-26,654.0,81,41,81,512,103,128,34,17,34,27,7,9,168,336,252,504
2023-09-27,654.0,79,40,79,514,103,129,34,17,34,27,7,9,167,334,251,502
2023-09-28,648.0,75,38,75,519,104,130,31,16,31,23,6,8,164,328,244,488
2023-09-29,642.0,65,33,65,525,105,132,26,13,26,26,7,9,158,316,232,464
2023-09-30,644.0,74,37,74,507,102,127,34,17,34,29,8,10,164,328,245,490
2023-10-01,654.0,73,37,73,518,104,130,37,19,37,26,7,9,167,334,249,498
2023-10-02,642.0,69,35,69,508,102,127,42,21,42,23,6,8,164,328,246,492
2023-10-03,666.0,70,35,70,527,106,132,40,20,40,29,8,10,169,338,252,504
2023-10-04,657.0,74,37,74,521,105,131,35,18,35,27,7,9,167,334,249,498
2023-10-05,670.0,78,39,78,519,104,130,43,22,43,30,8,10,173,346,261,522
2023-10-06,649.0,71,36,71,512,103,128,42,21,42,24,6,8,166,332,249,498
2023-10-07,653.0,74,37,74,503,101,126,42,21,42,34,9,12,168,336,254,508
2023-10-08,657.0,72,36,72,513,103,129,42,21,42,30,8,10,168,336,253,506
2023-10-09,655.0,75,38,75,511,103,128,39,20,39,30,8,10,169,338,252,504
2023-10-10,639.0,71,36,71,499,100,125,37,19,37,32,8,11,163,326,244,488
2023-10-11,647.0,75,38,75,506,102,127,35,18,35,31,8,11,166,332,248,496
2023-10-12,639.0,75,38,75,499,100,125,39,20,39,26,7,9,165,330,248,496
2023-10-13,652.0,67,34,67,516,104,129,36,18,36,33,9,11,165,330,243,486
2023-10-14,655.0,72,36,72,515,103,129,35,18,35,33,9,11,166,332,247,494
2023-10-15,642.0,70,35,70,501,101,126,35,18,35,36,9,12,163,326,243,486
2023-10-16,646.0,63,32,63,514,103,129,34,17,34,35,9,12,161,322,238,476
2023-10-17,656.0,66,33,66,526,106,132,36,18,36,28,7,10,164,328,244,488
2023-10-18,664.0,72,36,72,524,105,131,38,19,38,30,8,10,168,336,251,502
2023-10-19,653.0,71,36,71,515,103,129,39,20,39,28,7,10,166,332,249,498
2023-10-20,653.0,70,35,70,519,104,130,36,18,36,28,7,10,164,328,246,492
2023-10-21,651.0,72,36,72,506,102,127,48,24,48,25,7,9,169,338,256,512
2023-10-22,643.0,70,35,70,504,101,126,43,22,43,26,7,9,165,330,248,496
2023-10-23,639.0,71,36,71,502,101,126,40,20,40,26,7,9,164,328,246,492
2023-10-24,660.0,70,35,70,524,105,131,40,20,40,26,7,9,167,334,250,500
2023-10-25,665.0,71,36,71,529,106,133,40,20,40,25,7,9,169,338,253,506
2023-10-26,665.0,70,35,70,529,106,133,35,18,35,31,8,11,167,334,249,498
2023-10-27,653.0,66,33,66,521,105,131,38,19,38,28,7,10,164,328,245,490
2023-10-28,674.0,72,36,72,528,106,132,45,23,45,29,8,10,173,346,259,518
2023-10-29,678.0,71,36,71,535,107,134,41,21,41,31,8,11,172,344,257,514
2023-10-30,691.0,73,37,73,544,109,136,48,24,48,26,7,9,177,354,266,532
2023-10-31,699.0,74,37,74,552,111,138,44,22,44,29,8,10,178,356,266,532
2023-11-01,688.0,70,35,70,549,110,138,45,23,45,24,6,8,174,348,261,522
2023-11-02,694.0,72,36,72,554,111,139,44,22,44,24,6,8,175,350,263,526
2023-11-03,705.0,75,38,75,564,113,141,36,18,36,30,8,10,177,354,262,524
2023-11-04,698.0,71,36,71,562,113,141,36,18,36,29,8,10,175,350,258,516
2023-11-05,704.0,71,36,71,572,115,143,39,20,39,22,6,8,177,354,261,522
2023-11-06,713.0,73,37,73,581,117,146,40,20,40,19,5,7,179,358,266,532
2023-11-07,703.0,79,40,79,559,112,140,42,21,42,23,6,8,179,358,269,538
2023-11-08,705.0,78,39,78,560,112,140,40,20,40,27,7,9,178,356,267,534
2023-11-09,689.0,75,38,75,551,111,138,40,20,40,23,6,8,175,350,261,522
2023-11-10,716.0,74,37,74,574,115,144,37,19,37,31,8,11,179,358,266,532
2023-11-11,708.0,79,40,79,565,113,142,42,21,42,22,6,8,180,360,271,542
2023-11-12,699.0,71,36,71,555,111,139,47,24,47,26,7,9,178,356,266,532
2023-11-13,714.0,76,38,76,565,113,142,42,21,42,31,8,11,180,360,271,542
2023-11-14,696.0,72,36,72,557,112,140,41,21,41,26,7,9,176,352,262,524
2023-11-15,693.0,69,35,69,555,111,139,40,20,40,29,8,10,174,348,258,516
2023-11-16,699.0,65,33,65,564,113,141,40,20,40,30,8,10,174,348,256,512
2023-11-17,678.0,64,32,64,553,111,139,35,18,35,26,7,9,168,336,247,494
2023-11-18,679.0,61,31,61,554,111,139,37,19,37,27,7,9,168,336,246,492
2023-11-19,684.0,64,32,64,560,112,140,35,18,35,25,7,9,169,338,248,496
2023-11-20,693.0,60,30,60,571,115,143,35,18,35,27,7,9,170,340,247,494
2023-11-21,687.0,62,31,62,563,113,141,36,18,36,26,7,9,169,338,248,496
2023-11-22,693.0,65,33,65,558,112,140,36,18,36,34,9,12,172,344,253,506
2023-11-23,689.0,68,34,68,544,109,136,43,22,43,34,9,12,174,348,259,518
2023-11-24,674.0,68,34,68,533,107,134,40,20,40,33,9,11,170,340,253,506
2023-11-25,679.0,74,37,74,526,106,132,43,22,43,36,9,12,174,348,261,522
2023-11-26,682.0,74,37,74,526,106,132,49,25,49,33,9,11,177,354,266,532
2023-11-27,686.0,72,36,72,528,106,132,53,27,53,33,9,11,178,356,268,536
2023-11-28,687.0,80,40,80,530,106,133,47,24,47,30,8,10,178,356,270,540
2023-11-29,715.0,78,39,78,556,112,139,47,24,47,34,9,12,184,368,276,552
2023-11-30,712.0,88,44,88,553,111,139,40,20,40,31,8,11,183,366,278,556
2023-12-01,712.0,83,42,83,554,111,139,45,23,45,30,8,10,184,368,277,554
2023-12-02,708.0,79,40,79,552,111,138,44,22,44,33,9,11,182,364,272,544
2023-12-03,707.0,73,37,73,555,111,139,46,23,46,33,9,11,180,360,269,538
2023-12-04,693.0,74,37,74,541,109,136,45,23,45,33,9,11,178,356,266,532
2023-12-05,669.0,70,35,70,530,106,133,42,21,42,27,7,9,169,338,254,508
2023-12-06,679.0,71,36,71,544,109,136,39,20,39,25,7,9,172,344,255,510
2023-12-07,698.0,69,35,69,562,113,141,42,21,42,25,7,9,176,352,261,522
2023-12-08,689.0,66,33,66,556,112,139,40,20,40,27,7,9,172,344,254,508
2023-12-09,703.0,68,34,68,574,115,144,36,18,36,25,7,9,174,348,257,514
2023-12-10,701.0,72,36,72,563,113,141,38,19,38,28,7,10,175,350,261,522
2023-12-11,708.0,80,40,80,557,112,140,44,22,44,27,7,9,181,362,273,546
2023-12-12,698.0,83,42,83,546,110,137,43,22,43,26,7,9,181,362,272,544
2023-12-13,697.0,83,42,83,545,109,137,35,18,35,34,9,12,178,356,267,534
2023-12-14,690.0,82,41,82,539,108,135,37,19,37,32,8,11,176,352,265,530
2023-12-15,682.0,81,41,81,539,108,135,35,18,35,27,7,9,174,348,260,520
2023-12-16,682.0,81,41,81,535,107,134,38,19,38,28,7,10,174,348,263,526
2023-12-17,675.0,81,41,81,527,106,132,36,18,36,31,8,11,173,346,260,520
2023-12-18,681.0,83,42,83,524,105,131,37,19,37,37,10,13,176,352,264,528
2023-12-19,693.0,83,42,83,536,108,134,42,21,42,32,8,11,179,358,270,540
2023-12-20,698.0,86,43,86,541,109,136,43,22,43,28,7,10,181,362,275,550
2023-12-21,708.0,84,42,84,550,110,138,47,24,47,27,7,9,183,366,278,556
2023-12-22,716.0,85,43,85,558,112,140,47,24,47,26,7,9,186,372,281,562
2023-12-23,749.0,90,45,90,572,115,143,50,25,50,37,10,13,195,390,296,592
2023-12-24,742.0,91,46,91,574,115,144,47,24,47,30,8,10,193,386,292,584
2023-12-25,734.0,89,45,89,571,115,143,42,21,42,32,8,11,189,378,285,570
2023-12-26,719.0,87,44,87,560,112,140,38,19,38,34,9,12,184,368,277,554
2023-12-27,708.0,84,42,84,560,112,140,34,17,34,30,8,10,179,358,268,536
2023-12-28,694.0,86,43,86,540,108,135,41,21,41,27,7,9,179,358,271,542
2023-12-29,702.0,84,42,84,549,110,138,43,22,43,26,7,9,181,362,274,548
2023-12-30,691.0,89,45,89,542,109,136,39,20,39,21,6,7,180,360,271,542
2023-12-31,692.0,86,43,86,538,108,135,37,19,37,31,8,11,178,356,269,538
2024-01-01,682.0,81,41,81,534,107,134,34,17,34,33,9,11,174,348,260,520
2024-01-02,700.0,81,41,81,547,110,137,39,20,39,33,9,11,180,360,268,536
2024-01-03,709.0,83,42,83,566,114,142,33,17,33,27,7,9,180,360,267,534
2024-01-04,714.0,85,43,85,557,112,140,37,19,37,35,9,12,183,366,274,548
2024-01-05,699.0,81,41,81,551,111,138,37,19,37,30,8,10,179,358,266,532
2024-01-06,703.0,79,40,79,554,111,139,32,16,32,38,10,13,177,354,263,526
2024-01-07,696.0,80,40,80,556,112,139,29,15,29,31,8,11,175,350,259,518
2024-01-08,717.0,84,42,84,572,115,143,39,20,39,22,6,8,183,366,274,548
2024-01-09,713.0,85,43,85,567,114,142,38,19,38,23,6,8,182,364,273,546
2024-01-10,710.0,80,40,80,573,115,144,32,16,32,25,7,9,178,356,265,530
2024-01-11,707.0,78,39,78,569,114,143,33,17,33,27,7,9,177,354,263,526
2024-01-12,710.0,80,40,80,569,114,143,37,19,37,24,6,8,179,358,268,536
2024-01-13,728.0,74,37,74,578,116,145,37,19,37,39,10,13,182,364,269,538
2024-01-14,708.0,73,37,73,565,113,142,42,21,42,28,7,10,178,356,267,534
2024-01-15,720.0,79,40,79,574,115,144,35,18,35,32,8,11,181,362,269,538
2024-01-16,718.0,78,39,78,578,116,145,34,17,34,28,7,10,179,358,267,534
2024-01-17,726.0,78,39,78,590,118,148,33,17,33,25,7,9,181,362,268,536
2024-01-18,734.0,78,39,78,594,119,149,40,20,40,22,6,8,184,368,275,550
2024-01-19,713.0,73,37,73,575,115,144,41,21,41,24,6,8,179,358,266,532
2024-01-20,723.0,77,39,77,581,117,146,40,20,40,25,7,9,183,366,272,544
2024-01-21,725.0,87,44,87,572,115,143,39,20,39,27,7,9,186,372,278,556
2024-01-22,731.0,84,42,84,588,118,147,32,16,32,27,7,9,183,366,272,544
2024-01-23,710.0,82,41,82,571,115,143,30,15,30,27,7,9,178,356,264,528
2024-01-24,722.0,87,44,87,575,115,144,32,16,32,28,7,10,182,364,273,546
2024-01-25,726.0,87,44,87,575,115,144,37,19,37,27,7,9,185,370,277,554
2024-01-26,719.0,82,41,82,574,115,144,37,19,37,26,7,9,182,364,272,544
2024-01-27,712.0,78,39,78,568,114,142,36,18,36,30,8,10,179,358,266,532
2024-01-28,722.0,79,40,79,573,115,144,38,19,38,32,8,11,182,364,272,544
2024-01-29,720.0,75,38,75,569,114,143,46,23,46,30,8,10,183,366,274,548
2024-01-30,719.0,75,38,75,572,115,143,47,24,47,25,7,9,184,368,274,548
2024-01-31,717.0,75,38,75,577,116,145,43,22,43,22,6,8,182,364,271,542
2024-02-01,705.0,71,36,71,573,115,144,42,21,42,19,5,7,177,354,264,528
2024-02-02,703.0,69,35,69,567,114,142,38,19,38,29,8,10,176,352,259,518
2024-02-03,723.0,69,35,69,575,115,144,46,23,46,33,9,11,182,364,270,540
2024-02-04,716.0,68,34,68,577,116,145,44,22,44,27,7,9,179,358,266,532
2024-02-05,706.0,66,33,66,578,116,145,41,21,41,21,6,7,176,352,259,518
2024-02-06,690.0,67,34,67,553,111,139,39,20,39,31,8,11,173,346,256,512
2024-02-07,678.0,64,32,64,544,109,136,41,21,41,29,8,10,170,340,251,502
2024-02-08,675.0,66,33,66,535,107,134,45,23,45,29,8,10,171,342,255,510
2024-02-09,683.0,67,34,67,541,109,136,46,23,46,29,8,10,174,348,259,518
2024-02-10,687.0,66,33,66,543,109,136,49,25,49,29,8,10,175,350,261,522
2024-02-11,694.0,70,35,70,550,110,138,43,22,43,31,8,11,175,350,262,524
2024-02-12,696.0,69,35,69,560,112,140,37,19,37,30,8,10,174,348,256,512
2024-02-13,695.0,68,34,68,560,112,140,35,18,35,32,8,11,172,344,254,508
2024-02-14,685.0,70,35,70,552,111,138,36,18,36,27,7,9,171,342,253,506
2024-02-15,695.0,72,36,72,559,112,140,34,17,34,30,8,10,173,346,256,512
2024-02-16,679.0,70,35,70,547,110,137,36,18,36,26,7,9,170,340,252,504
2024-02-17,692.0,70,35,70,565,113,142,37,19,37,20,5,7,172,344,256,512
2024-02-18,706.0,67,34,67,567,114,142,42,21,42,30,8,10,177,354,261,522
2024-02-19,683.0,68,34,68,545,109,137,38,19,38,32,8,11,170,340,254,508
2024-02-20,670.0,66,33,66,547,110,137,33,17,33,24,6,8,166,332,244,488
2024-02-21,674.0,68,34,68,550,110,138,31,16,31,25,7,9,167,334,246,492
2024-02-22,665.0,66,33,66,540,108,135,31,16,31,28,7,10,164,328,242,484
2024-02-23,658.0,70,35,70,523,105,131,39,20,39,26,7,9,167,334,249,498
2024-02-24,686.0,71,36,71,545,109,137,43,22,43,27,7,9,174,348,260,520
2024-02-25,701.0,77,39,77,548,110,137,43,22,43,33,9,11,180,360,268,536
2024-02-26,698.0,85,43,85,542,109,136,45,23,45,26,7,9,182,364,275,550
2024-02-27,713.0,88,44,88,549,110,138,45,23,45,31,8,11,185,370,282,564
2024-02-28,703.0,86,43,86,546,110,137,43,22,43,28,7,10,182,364,276,552
2024-02-29,705.0,82,41,82,555,111,139,37,19,37,31,8,11,179,358,269,538
2024-03-01,695.0,81,41,81,552,111,138,36,18,36,26,7,9,177,354,264,528
2024-03-02,700.0,79,40,79,561,113,141,34,17,34,26,7,9,177,354,263,526
2024-03-03,701.0,80,40,80,551,111,138,42,21,42,28,7,10,179,358,270,540
2024-03-04,699.0,73,37,73,555,111,139,44,22,44,27,7,9,177,354,265,530
2024-03-05,709.0,75,38,75,561,113,141,44,22,44,29,8,10,181,362,270,540
2024-03-06,687.0,74,37,74,541,109,136,44,22,44,28,7,10,175,350,264,528
2024-03-07,670.0,75,38,75,530,106,133,38,19,38,27,7,9,170,340,255,510
2024-03-08,679.0,78,39,78,531,107,133,46,23,46,24,6,8,175,350,265,530
2024-03-09,667.0,76,38,76,529,106,133,40,20,40,22,6,8,170,340,257,514
2024-03-10,685.0,76,38,76,544,109,136,41,21,41,24,6,8,174,348,261,522
2024-03-11,676.0,76,38,76,529,106,133,43,22,43,28,7,10,173,346,262,524
2024-03-12,691.0,76,38,76,532,107,133,48,24,48,35,9,12,178,356,269,538
2024-03-13,685.0,81,41,81,528,106,132,44,22,44,32,8,11,177,354,268,536
2024-03-14,695.0,79,40,79,542,109,136,44,22,44,30,8,10,179,358,269,538
2024-03-15,669.0,76,38,76,528,106,132,43,22,43,22,6,8,172,344,259,518
2024-03-16,677.0,80,40,80,531,107,133,43,22,43,23,6,8,175,350,264,528
2024-03-17,671.0,80,40,80,525,105,132,40,20,40,26,7,9,172,344,261,522
2024-03-18,682.0,79,40,79,528,106,132,44,22,44,31,8,11,176,352,266,532
2024-03-19,706.0,88,44,88,533,107,134,52,26,52,33,9,11,186,372,285,570
2024-03-20,688.0,85,43,85,529,106,133,43,22,43,31,8,11,179,358,272,544
2024-03-21,670.0,80,40,80,522,105,131,40,20,40,28,7,10,172,344,261,522
2024-03-22,686.0,78,39,78,536,108,134,44,22,44,28,7,10,176,352,266,532
2024-03-23,677.0,87,44,87,525,105,132,38,19,38,27,7,9,175,350,266,532
2024-03-24,666.0,79,40,79,515,103,129,40,20,40,32,8,11,171,342,259,518
2024-03-25,675.0,81,41,81,523,105,131,39,20,39,32,8,11,174,348,262,524
2024-03-26,664.0,79,40,79,524,105,131,37,19,37,24,6,8,170,340,255,510
2024-03-27,665.0,77,39,77,528,106,132,37,19,37,23,6,8,170,340,254,508
2024-03-28,666.0,74,37,74,534,107,134,33,17,33,25,7,9,168,336,250,500
2024-03-29,685.0,75,38,75,532,107,133,46,23,46,32,8,11,176,352,265,530
2024-03-30,684.0,73,37,73,538,108,135,46,23,46,27,7,9,175,350,263,526
2024-03-31,689.0,78,39,78,532,107,133,51,26,51,28,7,10,179,358,272,544
2024-04-01,691.0,79,40,79,542,109,136,44,22,44,26,7,9,178,356,268,536
2024-04-02,701.0,82,41,82,546,110,137,47,24,47,26,7,9,182,364,275,550
2024-04-03,707.0,81,41,81,549,110,138,51,26,51,26,7,9,184,368,279,558
2024-04-04,685.0,76,38,76,542,109,136,44,22,44,23,6,8,175,350,264,528
2024-04-05,686.0,76,38,76,539,108,135,46,23,46,25,7,9,176,352,266,532
2024-04-06,703.0,74,37,74,553,111,139,47,24,47,29,8,10,180,360,270,540
2024-04-07,697.0,81,41,81,545,109,137,48,24,48,23,6,8,180,360,274,548
2024-04-08,716.0,80,40,80,551,111,138,52,26,52,33,9,11,186,372,281,562
2024-04-09,692.0,76,38,76,539,108,135,50,25,50,27,7,9,178,356,270,540
2024-04-10,685.0,74,37,74,537,108,135,46,23,46,28,7,10,175,350,265,530
2024-04-11,682.0,77,39,77,527,106,132,49,25,49,29,8,10,178,356,268,536
2024-04-12,676.0,77,39,77,527,106,132,44,22,44,28,7,10,174,348,263,526
2024-04-13,665.0,80,40,80,514,103,129,43,22,43,28,7,10,172,344,262,524
2024-04-14,672.0,71,36,71,529,106,133,44,22,44,28,7,10,171,342,258,516
2024-04-15,661.0,69,35,69,527,106,132,39,20,39,26,7,9,168,336,249,498
2024-04-16,658.0,71,36,71,514,103,129,47,24,47,26,7,9,170,340,256,512
2024-04-17,675.0,74,37,74,516,104,129,48,24,48,37,10,13,175,350,264,528
2024-04-18,683.0,75,38,75,530,106,133,40,20,40,38,10,13,174,348,261,522
2024-04-19,679.0,75,38,75,530,106,133,44,22,44,30,8,10,174,348,262,524
2024-04-20,670.0,76,38,76,527,106,132,38,19,38,29,8,10,171,342,256,512
2024-04-21,665.0,74,37,74,530,106,133,37,19,37,24,6,8,168,336,252,504
2024-04-22,656.0,71,36,71,520,104,130,37,19,37,28,7,10,166,332,248,496
2024-04-23,659.0,69,35,69,526,106,132,39,20,39,25,7,9,168,336,249,498
2024-04-24,664.0,75,38,75,529,106,133,37,19,37,23,6,8,169,338,253,506
2024-04-25,688.0,71,36,71,547,110,137,39,20,39,31,8,11,174,348,258,516
2024-04-26,692.0,76,38,76,538,108,135,40,20,40,38,10,13,176,352,264,528
2024-04-27,710.0,79,40,79,557,112,140,41,21,41,33,9,11,182,364,271,542
2024-04-28,715.0,79,40,79,559,112,140,46,23,46,31,8,11,183,366,276,552
2024-04-29,702.0,75,38,75,549,110,138,42,21,42,36,9,12,178,356,267,534
2024-04-30,694.0,81,41,81,540,108,135,43,22,43,30,8,10,179,358,269,538
2024-05-01,688.0,82,41,82,541,109,136,38,19,38,27,7,9,176,352,265,530
2024-05-02,701.0,86,43,86,551,111,138,34,17,34,30,8,10,179,358,268,536
2024-05-03,708.0,85,43,85,553,111,139,39,20,39,31,8,11,182,364,274,548
2024-05-04,701.0,82,41,82,551,111,138,42,21,42,26,7,9,180,360,271,542
2024-05-05,695.0,81,41,81,554,111,139,37,19,37,23,6,8,177,354,265,530
2024-05-06,677.0,78,39,78,545,109,137,32,16,32,22,6,8,170,340,255,510
2024-05-07,662.0,77,39,77,528,106,132,35,18,35,22,6,8,169,338,252,504
2024-05-08,654.0,82,41,82,514,103,129,34,17,34,24,6,8,167,334,253,506
2024-05-09,641.0,81,41,81,505,101,127,34,17,34,21,6,7,165,330,249,498
2024-05-10,651.0,84,42,84,504,101,126,34,17,34,29,8,10,168,336,254,508
2024-05-11,669.0,84,42,84,513,103,129,44,22,44,28,7,10,174,348,267,534
2024-05-12,650.0,78,39,78,503,101,126,40,20,40,29,8,10,168,336,254,508
2024-05-13,660.0,80,40,80,505,101,127,47,24,47,28,7,10,172,344,264,528
2024-05-14,662.0,74,37,74,516,104,129,41,21,41,31,8,11,170,340,255,510
2024-05-15,664.0,79,40,79,514,103,129,42,21,42,29,8,10,172,344,260,520
2024-05-16,645.0,80,40,80,508,102,127,34,17,34,23,6,8,165,330,249,498
2024-05-17,633.0,79,40,79,496,100,124,36,18,36,22,6,8,164,328,247,494
2024-05-18,619.0,79,40,79,478,96,120,38,19,38,24,6,8,161,322,245,490
2024-05-19,629.0,80,40,80,484,97,121,40,20,40,25,7,9,164,328,250,500
2024-05-20,643.0,80,40,80,493,99,124,40,20,40,30,8,10,167,334,254,508
2024-05-21,636.0,78,39,78,488,98,122,42,21,42,28,7,10,165,330,252,504
2024-05-22,656.0,83,42,83,506,102,127,43,22,43,24,6,8,172,344,261,522
2024-05-23,660.0,82,41,82,511,103,128,41,21,41,26,7,9,172,344,260,520
2024-05-24,650.0,76,38,76,506,102,127,39,20,39,29,8,10,168,336,252,504
2024-05-25,674.0,72,36,72,520,104,130,48,24,48,34,9,12,173,346,262,524
2024-05-26,672.0,77,39,77,521,105,131,42,21,42,32,8,11,173,346,261,522
2024-05-27,650.0,73,37,73,510,102,128,41,21,41,26,7,9,167,334,251,502
2024-05-28,651.0,72,36,72,518,104,130,43,22,43,18,5,6,167,334,251,502
2024-05-29,657.0,71,36,71,517,104,130,41,21,41,28,7,10,168,336,252,504
2024-05-30,658.0,77,39,77,518,104,130,44,22,44,19,5,7,170,340,258,516
2024-05-31,661.0,78,39,78,523,105,131,41,21,41,19,5,7,170,340,257,514
2024-06-01,664.0,81,41,81,523,105,131,39,20,39,21,6,7,172,344,258,516
2024-06-02,678.0,78,39,78,531,107,133,40,20,40,29,8,10,174,348,261,522
2024-06-03,662.0,73,37,73,527,106,132,41,21,41,21,6,7,170,340,253,506
2024-06-04,651.0,74,37,74,516,104,129,35,18,35,26,7,9,166,332,247,494
2024-06-05,652.0,72,36,72,514,103,129,36,18,36,30,8,10,165,330,247,494
2024-06-06,668.0,75,38,75,528,106,132,40,20,40,25,7,9,171,342,256,512
2024-06-07,663.0,77,39,77,516,104,129,44,22,44,26,7,9,172,344,259,518
2024-06-08,656.0,71,36,71,520,104,130,43,22,43,22,6,8,168,336,252,504
2024-06-09,656.0,72,36,72,512,103,128,41,21,41,31,8,11,168,336,252,504
2024-06-10,636.0,75,38,75,498,100,125,36,18,36,27,7,9,163,326,245,490
2024-06-11,637.0,69,35,69,506,102,127,32,16,32,30,8,10,161,322,238,476
2024-06-12,646.0,70,35,70,515,103,129,32,16,32,29,8,10,162,324,241,482
2024-06-13,660.0,69,35,69,526,106,132,35,18,35,30,8,10,167,334,246,492
2024-06-14,653.0,64,32,64,521,105,131,40,20,40,28,7,10,164,328,245,490
2024-06-15,647.0,66,33,66,517,104,130,36,18,36,28,7,10,162,324,242,484
2024-06-16,669.0,76,38,76,525,105,132,42,21,42,26,7,9,171,342,259,518
2024-06-17,680.0,72,36,72,533,107,134,45,23,45,30,8,10,174,348,261,522
2024-06-18,680.0,75,38,75,534,107,134,42,21,42,29,8,10,174,348,261,522
2024-06-19,662.0,73,37,73,525,105,132,39,20,39,25,7,9,169,338,253,506
2024-06-20,662.0,74,37,74,528,106,132,37,19,37,23,6,8,168,336,251,502
2024-06-21,665.0,69,35,69,529,106,133,35,18,35,32,8,11,167,334,248,496
2024-06-22,676.0,71,36,71,537,108,135,38,19,38,30,8,10,171,342,254,508
2024-06-23,690.0,75,38,75,548,110,137,37,19,37,30,8,10,175,350,259,518
2024-06-24,691.0,72,36,72,557,112,140,38,19,38,24,6,8,173,346,258,516
2024-06-25,678.0,70,35,70,548,110,137,35,18,35,25,7,9,170,340,251,502
2024-06-26,678.0,66,33,66,547,110,137,33,17,33,32,8,11,168,336,247,494
2024-06-27,662.0,67,34,67,539,108,135,34,17,34,22,6,8,165,330,244,488
2024-06-28,644.0,66,33,66,524,105,131,30,15,30,24,6,8,159,318,235,470
2024-06-29,647.0,63,32,63,536,108,134,28,14,28,20,5,7,159,318,232,464
2024-06-30,678.0,66,33,66,547,110,137,31,16,31,34,9,12,168,336,246,492
2024-07-01,666.0,63,32,63,529,106,133,39,20,39,35,9,12,167,334,247,494
2024-07-02,670.0,62,31,62,543,109,136,38,19,38,27,7,9,166,332,245,490
2024-07-03,663.0,61,31,61,544,109,136,33,17,33,25,7,9,164,328,239,478
2024-07-04,668.0,66,33,66,545,109,137,32,16,32,25,7,9,165,330,244,488
2024-07-05,665.0,65,33,65,544,109,136,33,17,33,23,6,8,165,330,242,484
2024-07-06,693.0,73,37,73,562,113,141,33,17,33,25,7,9,174,348,256,512
2024-07-07,690.0,76,38,76,551,111,138,37,19,37,26,7,9,175,350,260,520
2024-07-08,692.0,76,38,76,554,111,139,34,17,34,28,7,10,173,346,259,518
2024-07-09,683.0,75,38,75,538,108,135,38,19,38,32,8,11,173,346,259,518
2024-07-10,680.0,72,36,72,532,107,133,48,24,48,28,7,10,174,348,263,526
2024-07-11,655.0,67,34,67,517,104,130,47,24,47,24,6,8,168,336,252,504
2024-07-12,643.0,66,33,66,517,104,130,39,20,39,21,6,7,163,326,242,484
2024-07-13,662.0,70,35,70,514,103,129,50,25,50,28,7,10,170,340,259,518
2024-07-14,662.0,72,36,72,506,102,127,51,26,51,33,9,11,173,346,261,522
2024-07-15,664.0,68,34,68,511,103,128,49,25,49,36,9,12,171,342,257,514
2024-07-16,656.0,69,35,69,515,103,129,43,22,43,29,8,10,168,336,251,502
2024-07-17,660.0,69,35,69,521,105,131,42,21,42,28,7,10,168,336,252,504
2024-07-18,644.0,64,32,64,524,105,131,36,18,36,20,5,7,160,320,238,476
2024-07-19,651.0,63,32,63,518,104,130,42,21,42,28,7,10,164,328,245,490
2024-07-20,646.0,63,32,63,515,103,129,39,20,39,29,8,10,163,326,241,482
2024-07-21,654.0,61,31,61,521,105,131,46,23,46,26,7,9,166,332,247,494
2024-07-22,637.0,62,31,62,513,103,129,40,20,40,22,6,8,160,320,239,478
2024-07-23,650.0,62,31,62,528,106,132,35,18,35,25,7,9,162,324,238,476
2024-07-24,671.0,66,33,66,541,109,136,35,18,35,29,8,10,168,336,247,494
2024-07-25,685.0,70,35,70,553,111,139,34,17,34,28,7,10,170,340,253,506
2024-07-26,695.0,71,36,71,558,112,140,37,19,37,29,8,10,175,350,258,516
2024-07-27,694.0,71,36,71,558,112,140,39,20,39,26,7,9,175,350,259,518
2024-07-28,676.0,69,35,69,553,111,139,34,17,34,20,5,7,168,336,249,498
2024-07-29,664.0,67,34,67,536,108,134,34,17,34,27,7,9,166,332,244,488
2024-07-30,660.0,65,33,65,525,105,132,42,21,42,28,7,10,166,332,249,498
2024-07-31,665.0,64,32,64,533,107,134,41,21,41,27,7,9,167,334,248,496
2024-08-01,688.0,66,33,66,537,108,135,44,22,44,41,11,14,174,348,259,518
2024-08-02,704.0,67,34,67,549,110,138,48,24,48,40,10,14,178,356,267,534
2024-08-03,674.0,67,34,67,534,107,134,48,24,48,25,7,9,172,344,258,516
2024-08-04,664.0,65,33,65,527,106,132,47,24,47,25,7,9,170,340,253,506
2024-08-05,663.0,64,32,64,524,105,131,49,25,49,26,7,9,169,338,253,506
2024-08-06,665.0,65,33,65,523,105,131,50,25,50,27,7,9,170,340,255,510
2024-08-07,671.0,68,34,68,521,105,131,52,26,52,30,8,10,173,346,261,522
2024-08-08,666.0,76,38,76,516,104,129,51,26,51,23,6,8,174,348,264,528
2024-08-09,656.0,75,38,75,506,102,127,46,23,46,29,8,10,171,342,258,516
2024-08-10,674.0,78,39,78,518,104,130,47,24,47,31,8,11,175,350,266,532
2024-08-11,664.0,80,40,80,500,100,125,52,26,52,32,8,11,174,348,268,536
2024-08-12,673.0,83,42,83,514,103,129,48,24,48,28,7,10,176,352,270,540
2024-08-13,661.0,81,41,81,508,102,127,46,23,46,26,7,9,173,346,263,526
2024-08-14,676.0,76,38,76,524,105,131,49,25,49,27,7,9,175,350,265,530
2024-08-15,662.0,75,38,75,515,103,129,46,23,46,26,7,9,171,342,259,518
2024-08-16,671.0,75,38,75,528,106,132,44,22,44,24,6,8,172,344,259,518
2024-08-17,681.0,73,37,73,541,109,136,41,21,41,26,7,9,174,348,259,518
2024-08-18,667.0,72,36,72,527,106,132,38,19,38,30,8,10,169,338,252,504
2024-08-19,640.0,72,36,72,506,102,127,41,21,41,21,6,7,165,330,247,494
2024-08-20,649.0,68,34,68,521,105,131,40,20,40,20,5,7,164,328,246,492
2024-08-21,651.0,70,35,70,520,104,130,41,21,41,20,5,7,165,330,248,496
2024-08-22,681.0,74,37,74,531,107,133,46,23,46,30,8,10,175,350,263,526
2024-08-23,675.0,71,36,71,532,107,133,48,24,48,24,6,8,173,346,260,520
2024-08-24,676.0,69,35,69,536,108,134,47,24,47,24,6,8,173,346,258,516
2024-08-25,670.0,69,35,69,533,107,134,43,22,43,25,7,9,171,342,255,510
2024-08-26,676.0,71,36,71,542,109,136,40,20,40,23,6,8,171,342,255,510
2024-08-27,677.0,69,35,69,536,108,134,45,23,45,27,7,9,173,346,257,514
2024-08-28,676.0,71,36,71,535,107,134,48,24,48,22,6,8,173,346,261,522
2024-08-29,662.0,69,35,69,528,106,132,45,23,45,20,5,7,169,338,253,506
2024-08-30,686.0,68,34,68,540,108,135,50,25,50,28,7,10,174,348,263,526
2024-08-31,680.0,66,33,66,533,107,134,54,27,54,27,7,9,174,348,263,526
2024-09-01,676.0,62,31,62,533,107,134,52,26,52,29,8,10,172,344,258,516
2024-09-02,685.0,61,31,61,545,109,137,49,25,49,30,8,10,173,346,257,514
2024-09-03,676.0,60,30,60,546,110,137,46,23,46,24,6,8,169,338,251,502
2024-09-04,670.0,65,33,65,537,108,135,39,20,39,29,8,10,169,338,249,498
2024-09-05,666.0,61,31,61,532,107,133,43,22,43,30,8,10,168,336,247,494
2024-09-06,645.0,61,31,61,513,103,129,44,22,44,27,7,9,163,326,243,486
2024-09-07,661.0,64,32,64,532,107,133,41,21,41,24,6,8,166,332,246,492
2024-09-08,662.0,72,36,72,520,104,130,39,20,39,31,8,11,168,336,252,504
2024-09-09,665.0,70,35,70,521,105,131,44,22,44,30,8,10,170,340,255,510
2024-09-10,662.0,71,36,71,514,103,129,51,26,51,26,7,9,172,344,260,520
2024-09-11,652.0,69,35,69,507,102,127,43,22,43,33,9,11,168,336,250,500
2024-09-12,644.0,69,35,69,496,100,124,43,22,43,36,9,12,166,332,248,496
2024-09-13,656.0,78,39,78,500,100,125,47,24,47,31,8,11,171,342,261,522
2024-09-14,671.0,75,38,75,533,107,134,39,20,39,24,6,8,171,342,256,512
2024-09-15,666.0,72,36,72,531,107,133,40,20,40,23,6,8,169,338,253,506
2024-09-16,680.0,74,37,74,537,108,135,44,22,44,25,7,9,174,348,262,524
2024-09-17,689.0,71,36,71,551,111,138,44,22,44,23,6,8,175,350,261,522
2024-09-18,704.0,75,38,75,569,114,143,37,19,37,23,6,8,177,354,263,526
2024-09-19,706.0,76,38,76,573,115,144,38,19,38,19,5,7,177,354,265,530
2024-09-20,696.0,77,39,77,556,112,139,42,21,42,21,6,7,178,356,265,530
2024-09-21,696.0,74,37,74,564,113,141,36,18,36,22,6,8,174,348,259,518
2024-09-22,690.0,80,40,80,540,108,135,42,21,42,28,7,10,176,352,267,534
2024-09-23,684.0,77,39,77,539,108,135,41,21,41,27,7,9,175,350,262,524
2024-09-24,674.0,75,38,75,529,106,133,42,21,42,28,7,10,172,344,260,520
2024-09-25,680.0,67,34,67,546,110,137,41,21,41,26,7,9,172,344,254,508
2024-09-26,666.0,66,33,66,542,109,136,34,17,34,24,6,8,165,330,244,488
2024-09-27,650.0,64,32,64,519,104,130,36,18,36,31,8,11,162,324,241,482
2024-09-28,632.0,71,36,71,500,100,125,33,17,33,28,7,10,160,320,239,478
2024-09-29,642.0,67,34,67,516,104,129,32,16,32,27,7,9,161,322,237,474
2024-09-30,636.0,66,33,66,504,101,126,39,20,39,27,7,9,161,322,240,480
2024-10-01,655.0,68,34,68,510,102,128,49,25,49,28,7,10,168,336,255,510
2024-10-02,662.0,70,35,70,513,103,129,43,22,43,36,9,12,169,338,254,508
2024-10-03,667.0,71,36,71,520,104,130,40,20,40,36,9,12,169,338,253,506
2024-10-04,667.0,79,40,79,518,104,130,37,19,37,33,9,11,172,344,257,514
2024-10-05,656.0,78,39,78,516,104,129,35,18,35,27,7,9,168,336,251,502
2024-10-06,672.0,74,37,74,533,107,134,32,16,32,33,9,11,169,338,251,502
2024-10-07,660.0,68,34,68,532,107,133,36,18,36,24,6,8,165,330,245,490
2024-10-08,668.0,66,33,66,544,109,136,38,19,38,20,5,7,166,332,247,494
2024-10-09,676.0,67,34,67,551,111,138,40,20,40,18,5,6,170,340,251,502
2024-10-10,675.0,65,33,65,546,110,137,38,19,38,26,7,9,169,338,249,498
2024-10-11,687.0,67,34,67,550,110,138,41,21,41,29,8,10,173,346,256,512
2024-10-12,691.0,68,34,68,544,109,136,47,24,47,32,8,11,175,350,262,524
2024-10-13,687.0,70,35,70,546,110,137,38,19,38,33,9,11,173,346,256,512
2024-10-14,679.0,66,33,66,539,108,135,40,20,40,34,9,12,170,340,253,506
2024-10-15,702.0,68,34,68,553,111,139,45,23,45,36,9,12,177,354,264,528
2024-10-16,704.0,67,34,67,561,113,141,46,23,46,30,8,10,178,356,264,528
2024-10-17,709.0,71,36,71,565,113,142,38,19,38,35,9,12,177,354,263,526
2024-10-18,703.0,71,36,71,559,112,140,38,19,38,35,9,12,176,352,261,522
2024-10-19,703.0,74,37,74,560,112,140,42,21,42,27,7,9,177,354,265,530
2024-10-20,689.0,72,36,72,551,111,138,40,20,40,26,7,9,174,348,259,518
2024-10-21,695.0,73,37,73,551,111,138,38,19,38,33,9,11,176,352,260,520
2024-10-22,690.0,71,36,71,558,112,140,33,17,33,28,7,10,172,344,254,508
2024-10-23,699.0,71,36,71,561,113,141,43,22,43,24,6,8,177,354,263,526
2024-10-24,682.0,68,34,68,552,111,138,40,20,40,22,6,8,171,342,254,508
2024-10-25,685.0,66,33,66,553,111,139,38,19,38,28,7,10,170,340,253,506
2024-10-26,688.0,66,33,66,552,111,138,40,20,40,30,8,10,172,344,254,508
2024-10-27,673.0,61,31,61,544,109,136,40,20,40,28,7,10,167,334,247,494
2024-10-28,654.0,58,29,58,533,107,134,37,19,37,26,7,9,162,324,238,476
2024-10-29,656.0,61,31,61,530,106,133,34,17,34,31,8,11,162,324,239,478
2024-10-30,665.0,58,29,58,540,108,135,36,18,36,31,8,11,163,326,240,480
2024-10-31,669.0,59,30,59,547,110,137,34,17,34,29,8,10,165,330,240,480
2024-11-01,660.0,60,30,60,542,109,136,34,17,34,24,6,8,162,324,238,476
2024-11-02,666.0,58,29,58,542,109,136,38,19,38,28,7,10,164,328,242,484
2024-11-03,658.0,52,26,52,539,108,135,37,19,37,30,8,10,161,322,234,468
2024-11-04,653.0,57,29,57,529,106,133,40,20,40,27,7,9,162,324,239,478
2024-11-05,649.0,61,31,61,518,104,130,36,18,36,34,9,12,162,324,239,478
2024-11-06,647.0,58,29,58,518,104,130,36,18,36,35,9,12,160,320,236,472
2024-11-07,636.0,62,31,62,513,103,129,34,17,34,27,7,9,158,316,234,468
2024-11-08,633.0,63,32,63,507,102,127,36,18,36,27,7,9,159,318,235,470
2024-11-09,655.0,63,32,63,539,108,135,28,14,28,25,7,9,161,322,235,470
2024-11-10,649.0,65,33,65,526,106,132,31,16,31,27,7,9,162,324,237,474
2024-11-11,630.0,64,32,64,514,103,129,33,17,33,19,5,7,157,314,233,466
2024-11-12,627.0,64,32,64,501,101,126,43,22,43,19,5,7,160,320,240,480
2024-11-13,656.0,74,37,74,509,102,128,48,24,48,25,7,9,170,340,259,518
2024-11-14,666.0,73,37,73,519,104,130,44,22,44,30,8,10,171,342,257,514
2024-11-15,652.0,72,36,72,516,104,129,42,21,42,22,6,8,167,334,251,502
2024-11-16,635.0,71,36,71,507,102,127,38,19,38,19,5,7,162,324,243,486
2024-11-17,639.0,66,33,66,516,104,129,40,20,40,17,5,6,162,324,241,482
2024-11-18,649.0,68,34,68,508,102,127,45,23,45,28,7,10,166,332,250,500
2024-11-19,645.0,68,34,68,505,101,127,43,22,43,29,8,10,165,330,248,496
2024-11-20,645.0,65,33,65,506,102,127,44,22,44,30,8,10,165,330,246,492
2024-11-21,641.0,63,32,63,513,103,129,43,22,43,22,6,8,163,326,243,486
2024-11-22,635.0,59,30,59,520,104,130,37,19,37,19,5,7,158,316,233,466
2024-11-23,639.0,60,30,60,520,104,130,37,19,37,22,6,8,159,318,235,470
2024-11-24,640.0,63,32,63,511,103,128,37,19,37,29,8,10,162,324,238,476
2024-11-25,636.0,61,31,61,510,102,128,36,18,36,29,8,10,159,318,235,470
2024-11-26,648.0,63,32,63,520,104,130,38,19,38,27,7,9,162,324,240,480
2024-11-27,655.0,61,31,61,531,107,133,32,16,32,31,8,11,162,324,237,474
2024-11-28,645.0,61,31,61,526,106,132,27,14,27,31,8,11,159,318,231,462
2024-11-29,632.0,59,30,59,511,103,128,34,17,34,28,7,10,157,314,231,462
2024-11-30,608.0,54,27,54,499,100,125,32,16,32,23,6,8,149,298,219,438
2024-12-01,604.0,57,29,57,493,99,124,33,17,33,21,6,7,151,302,221,442
2024-12-02,609.0,55,28,55,489,98,123,40,20,40,25,7,9,153,306,227,454
2024-12-03,612.0,59,30,59,492,99,123,40,20,40,21,6,7,155,310,229,458
2024-12-04,633.0,64,32,64,505,101,127,42,21,42,22,6,8,160,320,241,482
2024-12-05,631.0,67,34,67,506,102,127,39,20,39,19,5,7,161,322,240,480
2024-12-06,636.0,64,32,64,511,103,128,40,20,40,21,6,7,161,322,239,478
2024-12-07,636.0,63,32,63,506,102,127,41,21,41,26,7,9,162,324,240,480
2024-12-08,634.0,68,34,68,500,100,125,38,19,38,28,7,10,160,320,241,482
2024-12-09,642.0,69,35,69,498,100,125,42,21,42,33,9,11,165,330,247,494
2024-12-10,638.0,67,34,67,506,102,127,40,20,40,25,7,9,163,326,243,486
2024-12-11,667.0,66,33,66,529,106,133,39,20,39,33,9,11,168,336,249,498
2024-12-12,657.0,66,33,66,519,104,130,42,21,42,30,8,10,166,332,248,496
2024-12-13,662.0,65,33,65,532,107,133,37,19,37,28,7,10,166,332,245,490
2024-12-14,659.0,68,34,68,523,105,131,37,19,37,31,8,11,166,332,247,494
2024-12-15,662.0,68,34,68,520,104,130,44,22,44,30,8,10,168,336,252,504
2024-12-16,656.0,64,32,64,518,104,130,43,22,43,31,8,11,166,332,248,496
2024-12-17,652.0,68,34,68,507,102,127,39,20,39,38,10,13,166,332,247,494
2024-12-18,649.0,65,33,65,506,102,127,47,24,47,31,8,11,167,334,250,500
2024-12-19,645.0,56,28,56,512,103,128,47,24,47,30,8,10,163,326,241,482
2024-12-20,661.0,55,28,55,537,108,135,45,23,45,24,6,8,165,330,243,486
2024-12-21,656.0,63,32,63,518,104,130,47,24,47,28,7,10,167,334,250,500
2024-12-22,666.0,63,32,63,530,106,133,43,22,43,30,8,10,168,336,249,498
2024-12-23,687.0,68,34,68,543,109,136,42,21,42,34,9,12,173,346,258,516
2024-12-24,694.0,74,37,74,546,110,137,43,22,43,31,8,11,177,354,265,530
2024-12-25,681.0,72,36,72,532,107,133,43,22,43,34,9,12,174,348,260,520
2024-12-26,680.0,71,36,71,542,109,136,39,20,39,28,7,10,172,344,256,512
2024-12-27,670.0,73,37,73,528,106,132,37,19,37,32,8,11,170,340,253,506
2024-12-28,669.0,75,38,75,525,105,132,44,22,44,25,7,9,172,344,260,520
2024-12-29,660.0,74,37,74,520,104,130,40,20,40,26,7,9,168,336,253,506
2024-12-30,652.0,68,34,68,518,104,130,46,23,46,20,5,7,166,332,251,502
2024-12-31,643.0,64,32,64,514,103,129,46,23,46,19,5,7,163,326,246,492
