date,discharges_icu,occupied_clean_minutes_icu,discharge_clean_minutes_icu,discharges_labor_delivery,occupied_clean_minutes_labor_delivery,discharge_clean_minutes_labor_delivery,discharges_med_surg,occupied_clean_minutes_med_surg,discharge_clean_minutes_med_surg,discharges_pediatric,occupied_clean_minutes_pediatric,discharge_clean_minutes_pediatric,occupied_clean_minutes_total,discharge_clean_minutes_total,cleaning_hours_total
2017-01-01,16.09,3640.0,965.41,18.84,1410.0,847.84,91.01,14370.0,4095.62,17.84,1290.0,802.84,20710.0,6711.7,457.03
2017-01-02,15.4,3760.0,923.86,18.72,1350.0,842.19,93.26,14460.0,4196.71,20.45,1140.0,920.24,20710.0,6883.0,459.88
2017-01-03,15.84,3720.0,950.29,17.68,1230.0,795.44,93.28,14580.0,4197.74,17.97,990.0,808.6,20520.0,6752.08,454.53
2017-01-04,15.7,3960.0,941.78,15.78,1140.0,710.0,94.35,14280.0,4245.69,15.89,870.0,714.85,20250.0,6612.31,447.71
2017-01-05,16.76,4280.0,1005.81,14.28,1020.0,642.68,91.76,14460.0,4129.33,13.77,870.0,619.55,20630.0,6397.36,450.46
2017-01-06,18.16,4040.0,1089.48,12.59,1050.0,566.67,91.51,14640.0,4118.0,14.06,930.0,632.59,20660.0,6406.73,451.11
2017-01-07,17.12,3720.0,1026.92,13.55,1200.0,609.69,92.33,14250.0,4154.85,14.75,990.0,663.56,20160.0,6455.02,443.58
2017-01-08,15.74,3720.0,944.49,14.91,1290.0,670.86,88.53,13950.0,3983.66,15.4,1050.0,692.79,20010.0,6291.8,438.36
2017-01-09,15.79,3960.0,947.11,16.3,1230.0,733.47,86.47,14520.0,3891.03,16.7,1320.0,751.31,21030.0,6322.93,455.88
2017-01-10,16.84,3880.0,1010.24,15.54,1380.0,699.51,91.91,14520.0,4135.96,20.74,1170.0,933.19,20950.0,6778.91,462.15
2017-01-11,16.36,3560.0,981.42,17.14,1530.0,771.23,91.67,14280.0,4124.97,18.55,1260.0,834.6,20630.0,6712.22,455.7
2017-01-12,15.11,3360.0,906.69,19.38,1440.0,872.25,89.07,14400.0,4008.25,19.83,1320.0,892.48,20520.0,6679.67,453.33
2017-01-13,14.25,3200.0,854.77,17.82,1500.0,802.05,89.96,14520.0,4048.27,21.36,1140.0,961.16,20360.0,6666.24,450.44
2017-01-14,13.53,3360.0,811.64,18.15,1350.0,816.86,90.24,14670.0,4060.83,18.96,1200.0,852.99,20580.0,6542.32,452.04
2017-01-15,14.28,3280.0,857.07,16.49,1320.0,741.9,92.24,14370.0,4150.64,20.38,1140.0,917.03,20110.0,6666.63,446.28
2017-01-16,13.9,3240.0,833.86,16.03,1350.0,721.52,91.54,14400.0,4119.41,19.4,1200.0,873.15,20190.0,6547.95,445.63
2017-01-17,13.75,3360.0,824.74,15.93,1500.0,716.83,95.1,14730.0,4279.34,20.69,1110.0,930.95,20700.0,6751.86,457.53
2017-01-18,14.3,3560.0,857.8,17.58,1350.0,791.03,96.91,14670.0,4361.06,18.77,1350.0,844.43,20930.0,6854.32,463.07
2017-01-19,15.09,3480.0,905.58,16.08,1320.0,723.38,97.89,14040.0,4404.88,22.13,1260.0,995.84,20100.0,7029.68,452.16
2017-01-20,14.74,3600.0,884.32,16.11,1380.0,725.13,92.48,14400.0,4161.77,21.09,1110.0,948.98,20490.0,6720.2,453.5
2017-01-21,15.29,3560.0,917.45,16.53,1470.0,743.8,94.52,14250.0,4253.26,18.6,1080.0,837.06,20360.0,6751.56,451.86
2017-01-22,15.07,3640.0,904.33,17.55,1620.0,789.59,92.44,13980.0,4159.93,18.48,1170.0,831.82,20410.0,6685.67,451.59
2017-01-23,15.4,3600.0,923.92,19.35,1500.0,870.63,92.18,13890.0,4148.08,19.28,990.0,867.5,19980.0,6810.12,446.5
2017-01-24,15.16,3640.0,909.71,18.31,1320.0,823.84,92.58,13860.0,4166.13,16.44,1260.0,739.7,20080.0,6639.38,445.32
2017-01-25,15.47,4040.0,928.38,16.77,1320.0,754.59,91.57,14190.0,4120.87,21.01,1380.0,945.49,20930.0,6749.34,461.32
2017-01-26,17.09,3920.0,1025.16,16.57,1530.0,745.76,91.83,14010.0,4132.24,22.92,1140.0,1031.56,20600.0,6934.72,458.91
2017-01-27,16.56,3800.0,993.81,19.18,1620.0,862.91,90.86,14370.0,4088.91,18.7,1110.0,841.42,20900.0,6787.05,461.45
2017-01-28,16.13,3640.0,967.77,20.22,1440.0,909.98,91.64,14130.0,4123.85,17.92,1260.0,806.61,20470.0,6808.2,454.64
2017-01-29,15.43,4000.0,925.82,17.5,1320.0,787.34,89.54,14280.0,4029.14,20.62,1110.0,927.91,20710.0,6670.21,456.34
2017-01-30,16.88,4280.0,1012.87,16.25,1410.0,731.35,92.13,14520.0,4146.0,17.5,1020.0,787.68,21230.0,6677.9,465.13
2017-01-31,18.09,4120.0,1085.18,17.64,1710.0,793.99,94.6,14790.0,4256.83,16.3,930.0,733.65,21550.0,6869.67,473.66
2017-02-01,17.39,4400.0,1043.67,21.54,1740.0,969.44,94.07,15180.0,4232.97,15.1,990.0,679.3,22310.0,6925.39,487.26
2017-02-02,18.68,4080.0,1120.93,21.23,1710.0,955.25,95.74,14670.0,4308.19,16.63,870.0,748.4,21330.0,7132.76,474.38
2017-02-03,17.21,4080.0,1032.74,22.05,1590.0,992.29,92.98,14130.0,4183.97,14.61,1170.0,657.57,20970.0,6866.57,463.94
2017-02-04,17.35,4160.0,1040.74,20.8,1740.0,936.14,90.29,14610.0,4063.25,19.47,1230.0,876.03,21740.0,6916.17,477.6
2017-02-05,17.63,4200.0,1057.54,22.28,1500.0,1002.38,93.71,14010.0,4217.04,20.85,1080.0,938.34,20790.0,7215.3,466.75
2017-02-06,17.86,4360.0,1071.5,19.72,1650.0,887.26,89.4,13500.0,4022.95,18.25,1080.0,821.23,20590.0,6802.95,456.55
2017-02-07,18.39,4560.0,1103.42,20.92,1440.0,941.32,85.77,13590.0,3859.56,17.37,960.0,781.7,20550.0,6686.0,453.93
2017-02-08,19.34,4520.0,1160.4,17.95,1470.0,807.65,85.41,13740.0,3843.58,15.66,1110.0,704.78,20840.0,6516.4,455.94
2017-02-09,19.11,4240.0,1146.79,18.09,1440.0,814.11,85.49,13920.0,3846.94,18.53,1290.0,833.82,20890.0,6641.67,458.86
2017-02-10,17.91,4000.0,1074.53,17.48,1380.0,786.54,88.63,14040.0,3988.37,21.9,1350.0,985.37,20770.0,6834.81,460.08
2017-02-11,16.91,3960.0,1014.51,17.47,1260.0,786.31,91.04,14160.0,4096.86,22.88,1260.0,1029.67,20640.0,6927.36,459.46
2017-02-12,16.75,3800.0,1005.28,16.3,1020.0,733.45,90.09,14460.0,4054.11,21.43,1050.0,964.42,20330.0,6757.26,451.45
2017-02-13,16.12,3800.0,967.14,13.3,1200.0,598.42,91.81,14250.0,4131.47,17.72,1260.0,797.2,20510.0,6494.24,450.07
2017-02-14,16.1,3720.0,965.93,15.06,1200.0,677.92,91.23,14040.0,4105.19,21.31,1020.0,959.03,19980.0,6708.07,444.8
2017-02-15,15.74,3640.0,944.61,14.97,1500.0,673.85,90.81,13590.0,4086.27,17.61,960.0,792.37,19690.0,6497.11,436.45
2017-02-16,15.45,3640.0,926.9,18.11,1710.0,814.91,88.19,13950.0,3968.54,15.75,960.0,708.72,20260.0,6419.07,444.65
2017-02-17,15.37,3640.0,922.35,20.94,1560.0,942.21,89.92,14490.0,4046.25,15.42,930.0,693.86,20620.0,6604.66,453.74
2017-02-18,15.48,3600.0,928.72,19.1,1650.0,859.7,92.98,13740.0,4184.28,15.21,810.0,684.61,19800.0,6657.31,440.96
2017-02-19,15.23,3560.0,913.7,21.04,1620.0,946.78,87.16,14370.0,3922.38,13.35,960.0,600.84,20510.0,6383.71,448.23
2017-02-20,15.02,3960.0,901.22,20.76,1410.0,933.98,92.46,14280.0,4160.71,15.48,1110.0,696.62,20760.0,6692.53,457.54
2017-02-21,16.71,3680.0,1002.6,18.26,1410.0,821.49,89.21,14610.0,4014.53,18.26,1200.0,821.92,20900.0,6660.53,459.34
2017-02-22,15.57,3920.0,934.44,17.61,1170.0,792.3,92.44,14460.0,4159.96,19.55,930.0,879.66,20480.0,6766.35,454.11
2017-02-23,16.66,3760.0,999.71,14.48,1470.0,651.56,91.57,14580.0,4120.55,14.88,990.0,669.76,20800.0,6441.57,454.03
2017-02-24,15.87,3720.0,952.36,18.08,1590.0,813.75,90.6,15030.0,4077.1,15.64,1020.0,703.99,21360.0,6547.2,465.12
2017-02-25,15.72,3960.0,943.49,19.77,1650.0,889.5,93.41,14340.0,4203.64,15.99,1050.0,719.38,21000.0,6756.02,462.6
2017-02-26,16.79,3920.0,1007.24,19.92,1650.0,896.33,87.31,14310.0,3929.07,16.4,990.0,737.85,20870.0,6570.49,457.34
2017-02-27,16.65,4120.0,999.24,19.61,1590.0,882.33,86.53,14250.0,3894.04,15.21,1020.0,684.6,20980.0,6460.2,457.34
2017-02-28,17.39,4360.0,1043.39,18.5,1770.0,832.61,86.59,14610.0,3896.4,16.1,1140.0,724.72,21880.0,6497.12,472.95
2017-03-01,18.51,4280.0,1110.53,20.91,1650.0,940.98,89.75,14580.0,4038.9,17.87,930.0,803.94,21440.0,6894.36,472.24
2017-03-02,18.08,3960.0,1085.05,19.7,1620.0,886.54,89.69,14340.0,4036.01,14.96,1110.0,673.27,21030.0,6680.87,461.85
2017-03-03,16.72,3960.0,1002.93,19.33,1500.0,869.7,87.63,14400.0,3943.29,17.13,930.0,770.72,20790.0,6586.63,456.28
2017-03-04,16.76,3880.0,1005.82,18.11,1380.0,815.08,88.02,14430.0,3960.91,14.84,960.0,667.66,20650.0,6449.47,451.66
2017-03-05,16.47,3920.0,987.9,16.85,1410.0,758.32,90.8,15210.0,4085.82,15.27,1110.0,686.95,21650.0,6518.99,469.48
2017-03-06,16.56,3800.0,993.34,17.0,1380.0,765.2,95.5,15180.0,4297.38,17.74,1320.0,798.15,21680.0,6854.06,475.57
2017-03-07,16.12,3720.0,967.38,16.98,1650.0,763.98,95.05,15210.0,4277.28,20.88,1260.0,939.57,21840.0,6948.21,479.8
2017-03-08,15.76,3840.0,945.81,20.22,1710.0,909.9,97.9,14880.0,4405.68,19.98,1020.0,899.07,21450.0,7160.46,476.84
2017-03-09,16.31,4000.0,978.69,20.76,1470.0,934.33,95.16,14340.0,4282.04,16.52,1140.0,743.44,20950.0,6938.49,464.81
2017-03-10,16.94,3880.0,1016.16,17.6,1410.0,792.05,91.29,13860.0,4108.15,18.67,1080.0,840.15,20230.0,6756.51,449.78
2017-03-11,16.44,3800.0,986.33,16.84,1620.0,757.77,87.47,13890.0,3936.09,17.8,1260.0,801.14,20570.0,6481.33,450.86
2017-03-12,16.03,3560.0,961.56,19.42,1590.0,873.83,87.57,13950.0,3940.75,20.35,1110.0,915.89,20210.0,6692.02,448.37
2017-03-13,15.01,3320.0,900.35,18.89,1590.0,849.86,86.79,13740.0,3905.67,18.71,1380.0,841.9,20030.0,6497.77,442.13
2017-03-14,13.99,3480.0,839.34,18.78,1560.0,845.19,85.71,13560.0,3856.93,22.8,1170.0,1026.05,19770.0,6567.51,438.96
2017-03-15,14.67,3320.0,880.08,18.37,1620.0,826.74,85.42,13500.0,3843.92,19.68,1050.0,885.79,19490.0,6436.54,432.11
2017-03-16,14.05,3440.0,842.82,19.31,1440.0,868.99,84.97,13380.0,3823.71,17.92,1110.0,806.21,19370.0,6341.73,428.53
2017-03-17,14.55,3440.0,872.82,17.11,1320.0,769.84,83.07,13620.0,3738.25,19.1,1140.0,859.45,19520.0,6240.36,429.34
2017-03-18,14.62,3600.0,877.42,15.75,1290.0,708.6,84.69,14340.0,3811.17,19.05,1200.0,857.36,20430.0,6254.55,444.74
2017-03-19,15.2,3800.0,911.72,15.92,1500.0,716.55,91.94,14220.0,4137.42,19.29,1110.0,868.12,20630.0,6633.8,454.4
2017-03-20,16.01,4040.0,960.52,18.77,1470.0,844.76,89.72,14130.0,4037.38,17.74,930.0,798.49,20570.0,6641.16,453.52
2017-03-21,17.02,4040.0,1021.38,18.74,1440.0,843.35,89.56,13830.0,4030.41,15.34,1020.0,690.1,20330.0,6585.24,448.59
2017-03-22,17.02,4160.0,1021.15,18.36,1260.0,826.37,85.47,14010.0,3846.34,16.53,1140.0,743.82,20570.0,6437.67,450.13
2017-03-23,17.52,4040.0,1051.43,15.92,1560.0,716.2,88.54,13620.0,3984.52,18.45,900.0,830.27,20120.0,6582.42,445.04
2017-03-24,17.1,4000.0,1025.79,19.94,1530.0,897.39,86.36,14010.0,3886.35,14.61,1140.0,657.38,20680.0,6466.91,452.45
2017-03-25,16.91,3760.0,1014.65,20.1,1560.0,904.28,87.94,14040.0,3957.38,18.86,1170.0,848.85,20530.0,6725.16,454.25
2017-03-26,15.91,3600.0,954.61,20.36,1500.0,916.19,89.81,13680.0,4041.66,19.43,1110.0,874.56,19890.0,6787.03,444.62
2017-03-27,15.25,3400.0,914.89,18.93,1500.0,851.86,87.3,13710.0,3928.58,18.6,1230.0,836.83,19840.0,6532.16,439.54
2017-03-28,14.36,3600.0,861.58,19.24,1500.0,865.8,87.53,13860.0,3938.72,21.25,1260.0,956.41,20220.0,6622.5,447.38
2017-03-29,15.31,3640.0,918.87,18.75,1440.0,843.81,86.98,13770.0,3913.9,21.76,1230.0,979.26,20080.0,6655.84,445.6
2017-03-30,15.43,3480.0,925.84,18.04,1080.0,811.91,87.63,13740.0,3943.26,21.47,1350.0,966.35,19650.0,6647.35,438.29
2017-03-31,14.68,3480.0,880.83,13.23,1230.0,595.25,86.99,13740.0,3914.64,23.0,1260.0,1035.02,19710.0,6425.75,435.6
2017-04-01,14.73,3560.0,884.08,15.23,1230.0,685.53,83.22,14070.0,3744.76,20.9,990.0,940.31,19850.0,6254.68,435.08
2017-04-02,15.12,3520.0,907.09,15.09,1410.0,679.2,87.92,13740.0,3956.55,16.28,840.0,732.79,19510.0,6275.63,429.76
2017-04-03,14.93,3960.0,895.73,17.56,1530.0,790.04,84.43,14070.0,3799.31,13.53,750.0,608.95,20310.0,6094.03,440.07
2017-04-04,16.8,3880.0,1008.19,18.8,1320.0,846.18,85.65,13980.0,3854.25,12.49,870.0,562.17,20050.0,6270.79,438.68
2017-04-05,16.5,4080.0,989.87,15.81,1290.0,711.32,85.14,13560.0,3831.21,13.62,930.0,613.1,19860.0,6145.5,433.43
2017-04-06,17.26,4040.0,1035.61,15.77,1170.0,709.78,82.14,13680.0,3696.52,15.0,930.0,674.84,19820.0,6116.75,432.28
2017-04-07,17.05,4000.0,1022.81,14.11,1260.0,634.76,81.75,13710.0,3678.67,15.23,780.0,685.52,19750.0,6021.76,429.53
2017-04-08,16.87,3960.0,1012.17,14.88,1230.0,669.6,82.19,14040.0,3698.7,12.91,930.0,581.07,20160.0,5961.55,435.36
2017-04-09,16.72,3920.0,1003.34,14.57,1380.0,655.76,83.88,13560.0,3774.43,15.62,750.0,702.7,19610.0,6136.23,429.1
2017-04-10,16.6,3920.0,996.0,16.19,1230.0,728.62,82.22,13800.0,3699.69,12.91,900.0,581.1,19850.0,6005.41,430.92
2017-04-11,16.67,3720.0,1000.07,15.01,1380.0,675.5,83.23,14220.0,3745.33,15.77,960.0,709.43,20280.0,6130.33,440.17
2017-04-12,15.71,3640.0,942.49,17.35,1290.0,780.73,86.58,14040.0,3895.98,17.23,960.0,775.45,19930.0,6394.65,438.74
2017-04-13,15.42,3720.0,925.14,16.74,1380.0,753.32,87.4,14250.0,3933.16,16.7,1020.0,751.43,20370.0,6363.04,445.55
2017-04-14,15.69,3560.0,941.2,17.06,1260.0,767.81,87.91,14250.0,3956.16,17.51,1050.0,788.17,20120.0,6453.33,442.89
2017-04-15,15.06,3640.0,903.75,16.33,1380.0,734.98,86.67,14370.0,3900.05,17.5,990.0,787.5,20380.0,6326.28,445.1
2017-04-16,15.39,3560.0,923.43,17.93,1410.0,806.65,87.12,14070.0,3920.19,16.02,810.0,720.79,19850.0,6371.07,437.02
2017-04-17,14.99,3640.0,899.15,18.49,1170.0,832.21,84.79,14370.0,3815.33,12.73,900.0,572.68,20080.0,6119.37,436.66
2017-04-18,15.33,3800.0,919.61,14.93,1170.0,672.01,86.54,14160.0,3894.29,15.13,1080.0,680.82,20210.0,6166.73,439.61
2017-04-19,16.12,3600.0,967.08,14.95,1200.0,672.57,85.63,14580.0,3853.35,17.88,1110.0,804.47,20490.0,6297.48,446.46
2017-04-20,15.25,3600.0,915.09,15.4,1080.0,692.79,88.97,14460.0,4003.52,18.69,1080.0,841.23,20220.0,6452.64,444.54
2017-04-21,15.21,3480.0,912.54,13.36,1020.0,601.14,86.9,14520.0,3910.36,17.45,840.0,785.38,19860.0,6209.42,434.49
2017-04-22,14.67,3520.0,879.94,12.7,1260.0,571.56,87.36,14670.0,3931.15,13.48,930.0,606.77,20380.0,5989.42,439.49
2017-04-23,14.89,3520.0,893.49,16.0,1290.0,720.03,88.34,14730.0,3975.2,15.21,1110.0,684.38,20650.0,6273.11,448.72
2017-04-24,14.91,3520.0,894.6,16.31,1170.0,734.07,90.11,14940.0,4055.1,17.93,1260.0,806.89,20890.0,6490.65,456.34
2017-04-25,14.93,3400.0,895.51,14.9,1350.0,670.44,89.74,14790.0,4038.42,20.19,1230.0,908.72,20770.0,6513.1,454.72
2017-04-26,14.43,4000.0,865.8,17.21,1410.0,774.49,90.27,14790.0,4062.22,19.54,1020.0,879.46,21220.0,6581.98,463.37
2017-04-27,16.9,3840.0,1013.8,17.43,1380.0,784.17,90.48,14640.0,4071.68,16.55,1080.0,744.64,20940.0,6614.29,459.24
2017-04-28,16.24,3920.0,974.22,17.16,1320.0,772.24,88.72,14460.0,3992.21,17.27,900.0,776.93,20600.0,6515.59,451.93
2017-04-29,16.54,4160.0,992.13,16.41,1260.0,738.35,88.4,14610.0,3977.82,14.43,930.0,649.17,20960.0,6357.47,455.29
2017-04-30,17.63,3880.0,1057.79,15.67,1050.0,705.08,86.99,14550.0,3914.63,14.72,1020.0,662.44,20500.0,6339.95,447.33
2017-05-01,16.34,3760.0,980.29,12.71,1110.0,571.75,77.6,14310.0,3492.01,16.31,930.0,734.06,20110.0,5778.12,431.47
2017-05-02,15.94,3880.0,956.54,13.11,1050.0,590.07,74.85,14190.0,3368.33,15.1,900.0,679.47,20020.0,5594.42,426.91
2017-05-03,16.46,3640.0,987.6,12.58,1170.0,566.06,74.11,14160.0,3335.03,14.61,870.0,657.24,19840.0,5545.92,423.1
2017-05-04,15.37,3760.0,921.98,14.36,1290.0,646.19,74.85,14040.0,3368.13,13.87,930.0,623.94,20020.0,5560.24,426.34
2017-05-05,15.98,3520.0,958.89,15.76,1140.0,709.39,74.69,13890.0,3361.1,15.03,960.0,676.54,19510.0,5705.92,420.27
2017-05-06,14.97,3400.0,898.13,13.91,1020.0,626.03,74.3,13890.0,3343.52,15.44,720.0,694.75,19030.0,5562.43,409.87
2017-05-07,14.47,3440.0,867.97,12.23,1020.0,550.15,73.05,13380.0,3287.19,11.59,690.0,521.71,18530.0,5227.02,395.95
2017-05-08,14.56,3320.0,873.39,11.81,840.0,531.56,70.68,13770.0,3180.54,11.23,570.0,505.16,18500.0,5090.65,393.18
2017-05-09,14.12,3560.0,847.43,10.0,840.0,449.83,72.39,13830.0,3257.45,9.22,720.0,414.96,18950.0,4969.66,398.66
2017-05-10,15.12,3480.0,907.12,10.21,810.0,459.61,72.68,14070.0,3270.49,11.44,810.0,514.64,19170.0,5151.85,405.36
2017-05-11,14.76,3480.0,885.6,9.58,1020.0,430.88,74.16,14280.0,3337.2,13.01,780.0,585.31,19560.0,5238.98,413.32
2017-05-12,14.8,3480.0,888.03,12.59,1020.0,566.49,74.87,14460.0,3369.15,12.57,810.0,565.46,19770.0,5389.14,419.32
2017-05-13,14.67,3480.0,879.9,12.39,1020.0,557.63,74.02,13980.0,3330.72,12.91,690.0,580.92,19170.0,5349.17,408.65
2017-05-14,14.72,3520.0,883.3,12.82,1080.0,576.68,72.0,13800.0,3240.17,11.12,540.0,500.5,18940.0,5200.65,402.34
2017-05-15,14.94,3600.0,896.29,13.44,1200.0,604.95,71.26,13680.0,3206.72,8.79,540.0,395.58,19020.0,5103.54,402.06
2017-05-16,15.29,3560.0,917.23,14.32,1140.0,644.47,68.45,13470.0,3080.41,8.81,690.0,396.24,18860.0,5038.35,398.31
2017-05-17,15.07,3240.0,904.16,13.81,1080.0,621.27,67.28,13350.0,3027.52,11.35,720.0,510.63,18390.0,5063.59,390.89
2017-05-18,13.7,3280.0,822.19,13.45,1200.0,605.1,68.01,13740.0,3060.49,12.06,840.0,542.87,19060.0,5030.65,401.51
2017-05-19,13.92,3200.0,835.36,15.0,1080.0,675.07,69.88,13440.0,3144.67,13.74,690.0,618.44,18410.0,5273.54,394.73
2017-05-20,13.6,3240.0,815.83,13.5,1140.0,607.6,68.69,13290.0,3090.84,10.98,690.0,494.3,18360.0,5008.57,389.48
2017-05-21,13.67,3360.0,819.92,13.67,1140.0,615.2,66.23,13620.0,2980.46,11.1,630.0,499.4,18750.0,4914.99,394.42
2017-05-22,14.23,3440.0,853.8,13.96,1230.0,628.05,69.05,13560.0,3107.09,10.38,810.0,466.89,19040.0,5055.83,401.6
2017-05-23,14.53,3360.0,871.78,15.13,1320.0,680.72,68.52,13410.0,3083.44,13.27,930.0,597.37,19020.0,5233.3,404.22
2017-05-24,14.27,3240.0,856.24,16.41,1380.0,738.54,68.66,14010.0,3089.63,15.55,990.0,699.91,19620.0,5384.32,416.74
2017-05-25,13.72,3520.0,823.02,16.44,1380.0,739.67,72.98,13860.0,3283.99,16.16,1110.0,727.36,19870.0,5574.04,424.07
2017-05-26,14.95,3280.0,897.0,16.7,1440.0,751.3,71.63,14010.0,3223.18,18.44,1050.0,829.61,19780.0,5701.09,424.68
2017-05-27,13.94,3320.0,836.56,17.94,1350.0,807.1,71.86,14310.0,3233.8,18.02,930.0,810.74,19910.0,5688.2,426.64
2017-05-28,14.12,3240.0,847.3,17.3,1290.0,778.68,74.46,13890.0,3350.76,16.14,780.0,726.39,19200.0,5703.12,415.05
2017-05-29,13.76,3280.0,825.75,17.13,1230.0,770.67,71.52,13500.0,3218.35,13.63,870.0,613.3,18880.0,5428.07,405.13
2017-05-30,13.8,3400.0,828.16,16.24,1200.0,730.87,68.62,13740.0,3087.87,15.33,780.0,689.9,19120.0,5336.79,407.61
2017-05-31,14.34,3320.0,860.64,15.91,1170.0,715.85,70.46,13620.0,3170.49,13.74,780.0,618.38,18890.0,5365.35,404.26
2017-06-01,14.12,3280.0,846.99,14.68,960.0,660.58,72.52,13920.0,3263.22,14.4,930.0,648.2,19090.0,5418.98,408.48
2017-06-02,13.93,3280.0,835.65,12.8,1020.0,575.82,75.0,14220.0,3375.2,16.48,960.0,741.71,19480.0,5528.37,416.81
2017-06-03,13.94,3000.0,836.38,13.48,1050.0,606.69,77.45,14310.0,3485.47,16.94,840.0,762.51,19200.0,5691.05,414.85
2017-06-04,12.76,3120.0,765.89,13.95,870.0,627.74,78.83,14490.0,3547.2,13.81,960.0,621.23,19440.0,5562.05,416.7
2017-06-05,13.14,2960.0,788.59,10.91,960.0,490.74,80.71,14220.0,3631.73,15.76,720.0,709.4,18860.0,5620.46,408.01
2017-06-06,12.61,3280.0,756.67,11.66,1050.0,524.71,78.47,14250.0,3531.34,11.8,840.0,531.03,19420.0,5343.75,412.73
2017-06-07,13.86,3320.0,831.72,12.92,1110.0,581.53,79.42,13920.0,3573.86,13.83,780.0,622.26,19130.0,5609.37,412.32
2017-06-08,14.05,3480.0,843.28,13.93,1170.0,626.83,75.96,13800.0,3418.31,12.95,750.0,582.72,19200.0,5471.14,411.19
2017-06-09,14.72,3280.0,883.36,14.97,1140.0,673.48,74.41,13890.0,3348.47,12.22,930.0,549.73,19240.0,5455.04,411.58
2017-06-10,13.92,3280.0,835.39,14.3,1230.0,643.31,75.5,13770.0,3397.7,15.0,990.0,675.07,19270.0,5551.46,413.69
2017-06-11,13.94,3200.0,836.17,15.18,1410.0,683.02,74.31,13920.0,3344.15,16.37,960.0,736.47,19490.0,5599.8,418.16
2017-06-12,13.61,3080.0,816.5,17.33,1320.0,780.02,74.74,13860.0,3363.41,16.11,990.0,724.94,19250.0,5684.88,415.58
2017-06-13,13.0,3120.0,779.85,16.3,1140.0,733.53,73.95,14100.0,3327.67,16.47,750.0,741.15,19110.0,5582.2,411.54
2017-06-14,13.17,2920.0,790.03,13.82,1320.0,622.0,75.87,14370.0,3414.08,12.36,870.0,556.34,19480.0,5382.44,414.37
2017-06-15,12.29,3360.0,737.54,15.76,1380.0,709.03,78.54,14430.0,3534.28,14.23,960.0,640.44,20130.0,5621.29,429.19
2017-06-16,14.27,3320.0,856.47,16.27,1290.0,732.15,78.53,14580.0,3533.64,15.54,780.0,699.18,19970.0,5821.43,429.86
2017-06-17,14.06,3320.0,843.52,15.3,1290.0,688.43,79.71,15030.0,3587.17,12.56,870.0,565.35,20510.0,5684.47,436.57
2017-06-18,14.05,3160.0,842.93,15.78,1230.0,709.88,80.55,14910.0,3624.64,13.68,870.0,615.71,20170.0,5793.16,432.72
2017-06-19,13.36,2920.0,801.8,14.85,1140.0,668.33,78.98,14880.0,3554.27,13.65,780.0,614.08,19720.0,5638.48,422.64
2017-06-20,12.29,2920.0,737.16,14.29,1050.0,643.16,78.79,14700.0,3545.67,12.6,900.0,566.86,19570.0,5492.85,417.71
2017-06-21,12.41,3240.0,744.41,13.23,1140.0,595.18,77.95,14670.0,3507.63,14.42,870.0,648.96,19920.0,5496.18,423.6
2017-06-22,13.69,3240.0,821.54,14.36,1290.0,646.32,78.79,14580.0,3545.41,14.01,810.0,630.31,19920.0,5643.59,426.06
2017-06-23,13.74,3360.0,824.67,15.74,1110.0,708.17,78.76,14670.0,3544.24,13.08,720.0,588.49,19860.0,5665.56,425.43
2017-06-24,14.3,3400.0,857.74,14.02,960.0,630.95,79.3,14970.0,3568.72,11.68,630.0,525.66,19960.0,5583.08,425.72
2017-06-25,14.41,3600.0,864.89,12.31,1170.0,553.95,81.49,15330.0,3666.9,10.38,840.0,467.12,20940.0,5552.86,441.55
2017-06-26,15.19,3720.0,911.47,14.27,1260.0,642.11,84.13,14610.0,3785.99,13.74,810.0,618.43,20400.0,5957.99,439.3
2017-06-27,15.67,3720.0,940.0,15.14,1140.0,681.47,78.85,14310.0,3548.36,13.28,750.0,597.55,19920.0,5767.38,428.12
2017-06-28,15.72,3720.0,943.39,14.36,1080.0,646.25,77.13,14400.0,3470.7,12.2,720.0,548.87,19920.0,5609.21,425.49
2017-06-29,15.77,3480.0,946.2,13.47,1470.0,606.21,77.28,13950.0,3477.81,11.82,690.0,531.87,19590.0,5562.09,419.2
2017-06-30,14.79,3920.0,887.59,17.74,1230.0,798.47,75.14,14220.0,3381.41,11.34,870.0,510.27,20240.0,5577.74,430.3
2017-07-01,16.52,3760.0,991.27,14.62,1380.0,658.1,86.04,13920.0,3871.69,13.18,810.0,593.27,19870.0,6114.32,433.07
2017-07-02,15.93,3920.0,955.5,16.27,1260.0,732.0,84.42,13740.0,3798.78,13.34,870.0,600.34,19790.0,6086.62,431.28
2017-07-03,16.61,3880.0,996.89,15.02,1350.0,675.94,84.07,13620.0,3783.09,14.41,1050.0,648.43,19900.0,6104.35,433.41
2017-07-04,16.34,3680.0,980.49,15.94,1170.0,717.13,84.13,13950.0,3785.65,17.24,960.0,775.75,19760.0,6259.02,433.65
2017-07-05,15.61,3760.0,936.39,13.9,1200.0,625.38,85.88,14100.0,3864.78,15.27,990.0,687.34,20050.0,6113.89,436.06
2017-07-06,15.84,4080.0,950.54,14.7,1260.0,661.28,87.33,14010.0,3929.64,15.76,990.0,709.12,20340.0,6250.58,443.18
2017-07-07,17.22,3920.0,1033.41,15.28,1290.0,687.52,87.19,13680.0,3923.58,15.92,1050.0,716.34,19940.0,6360.85,438.35
2017-07-08,16.51,3720.0,990.51,15.59,1320.0,701.44,84.97,13440.0,3823.86,16.18,1200.0,727.92,19680.0,6243.73,432.06
2017-07-09,15.75,3440.0,944.71,16.49,1260.0,742.01,83.32,13320.0,3749.35,19.38,1140.0,872.07,19160.0,6308.14,424.47
2017-07-10,14.6,3720.0,876.19,15.45,1290.0,695.19,82.31,13410.0,3704.06,17.87,1140.0,804.31,19560.0,6079.75,427.33
2017-07-11,15.69,3440.0,941.17,15.82,1110.0,711.88,81.11,13350.0,3650.09,17.55,1350.0,789.82,19250.0,6092.96,422.38
2017-07-12,14.55,3720.0,873.25,14.1,1350.0,634.48,79.82,13080.0,3592.03,21.23,1110.0,955.4,19260.0,6055.16,421.92
2017-07-13,15.81,3880.0,948.89,16.75,1380.0,753.92,80.16,13290.0,3607.15,18.28,1050.0,822.75,19600.0,6132.7,428.88
2017-07-14,16.35,3720.0,981.24,17.55,1140.0,789.94,81.81,12870.0,3681.5,16.71,1020.0,751.94,18750.0,6204.62,415.91
2017-07-15,15.79,3640.0,947.17,14.9,1470.0,670.42,78.4,13050.0,3528.04,16.21,750.0,729.41,18910.0,5875.04,413.08
2017-07-16,15.48,3560.0,929.03,18.81,1440.0,846.55,78.94,13080.0,3552.44,11.93,900.0,536.83,18980.0,5864.85,414.08
2017-07-17,15.06,3400.0,903.8,18.67,1260.0,840.19,78.76,12960.0,3544.36,14.07,1170.0,633.05,18790.0,5921.4,411.86
2017-07-18,14.38,3560.0,862.52,16.35,1260.0,735.83,77.73,13170.0,3497.7,18.13,1050.0,815.71,19040.0,5911.76,415.86
2017-07-19,14.99,3600.0,899.34,16.23,1410.0,730.47,80.38,13020.0,3617.32,16.36,900.0,736.02,18930.0,5983.15,415.22
2017-07-20,15.16,3640.0,909.61,17.86,1590.0,803.83,80.92,12900.0,3641.48,14.28,870.0,642.67,19000.0,5997.59,416.63
2017-07-21,15.47,3520.0,928.3,19.39,1410.0,872.48,80.81,13050.0,3636.32,13.92,960.0,626.26,18940.0,6063.36,416.72
2017-07-22,14.88,3480.0,893.03,17.11,1410.0,769.76,80.6,12810.0,3627.16,15.28,930.0,687.6,18630.0,5977.55,410.13
2017-07-23,14.73,3400.0,884.06,17.45,1170.0,785.37,79.41,12600.0,3573.62,14.81,990.0,666.33,18160.0,5909.39,401.16
2017-07-24,14.44,3280.0,866.44,14.54,1110.0,654.15,78.36,12690.0,3526.21,15.63,1080.0,703.43,18160.0,5750.23,398.5
2017-07-25,13.86,3120.0,831.49,13.76,1170.0,619.23,79.46,13050.0,3575.57,17.46,960.0,785.48,18300.0,5811.77,401.86
2017-07-26,13.2,3120.0,792.3,14.89,1290.0,669.87,81.25,13170.0,3656.42,15.79,990.0,710.74,18570.0,5829.33,406.66
2017-07-27,13.17,3120.0,790.22,16.09,1440.0,724.18,82.47,13440.0,3711.19,16.81,870.0,756.64,18870.0,5982.22,414.2
2017-07-28,13.14,3160.0,788.49,17.66,1170.0,794.63,84.49,13410.0,3802.17,14.88,900.0,669.43,18640.0,6054.71,411.58
2017-07-29,13.46,2800.0,807.37,14.16,1230.0,636.99,84.09,13320.0,3784.27,15.15,990.0,681.79,18340.0,5910.42,404.17
2017-07-30,11.86,3040.0,711.31,14.72,1260.0,662.51,83.79,13740.0,3770.47,16.4,930.0,738.18,18970.0,5882.48,414.21
2017-07-31,12.9,2960.0,773.73,15.08,1380.0,678.59,86.17,14310.0,3877.73,15.73,960.0,708.04,19610.0,6038.09,427.47
2017-08-01,12.57,3320.0,754.48,17.03,1200.0,766.49,89.81,14010.0,4041.39,15.78,1020.0,710.12,19550.0,6272.48,430.37
2017-08-02,14.0,3360.0,840.06,14.81,1260.0,666.49,86.25,13860.0,3881.41,16.84,900.0,757.77,19380.0,6145.72,425.43
2017-08-03,14.17,3400.0,850.21,15.77,1170.0,709.72,84.32,13620.0,3794.25,15.22,840.0,684.71,19030.0,6038.89,417.81
2017-08-04,14.31,3520.0,858.64,14.77,1230.0,664.76,83.12,13680.0,3740.45,14.88,840.0,669.53,19270.0,5933.37,420.06
2017-08-05,14.94,3440.0,896.11,15.67,1140.0,705.21,82.42,13620.0,3709.1,14.58,1020.0,656.1,19220.0,5966.52,419.78
2017-08-06,14.61,3440.0,876.46,14.47,1110.0,651.2,82.55,13650.0,3714.89,17.12,810.0,770.37,19010.0,6012.91,417.05
2017-08-07,14.5,3400.0,870.28,14.28,990.0,642.66,83.11,14550.0,3739.8,13.3,870.0,598.28,19810.0,5851.02,427.68
2017-08-08,14.42,3480.0,865.16,12.72,900.0,572.59,88.8,14310.0,3995.93,13.56,840.0,610.09,19530.0,6043.76,426.23
2017-08-09,14.69,3560.0,881.21,11.73,1200.0,527.92,86.58,14310.0,3896.0,13.24,990.0,595.65,20060.0,5900.78,432.68
2017-08-10,15.08,3520.0,904.71,15.59,1440.0,701.59,87.65,14010.0,3944.24,15.83,1170.0,712.51,20140.0,6263.06,440.05
2017-08-11,14.9,3360.0,893.75,18.18,1410.0,818.19,86.5,13830.0,3892.63,18.66,1290.0,839.73,19890.0,6444.3,438.91
2017-08-12,14.24,3320.0,854.18,17.31,1410.0,778.93,83.34,13530.0,3750.44,20.0,1170.0,900.05,19430.0,6283.6,428.56
2017-08-13,14.03,3240.0,841.62,17.7,1530.0,796.42,82.63,13470.0,3718.35,18.47,960.0,831.24,19200.0,6187.64,423.13
2017-08-14,13.68,3280.0,821.03,18.28,1560.0,822.51,80.62,13620.0,3628.1,15.48,1110.0,696.74,19570.0,5968.38,425.64
2017-08-15,13.91,3360.0,834.4,19.16,1470.0,862.0,82.53,13410.0,3713.97,18.01,1260.0,810.66,19500.0,6221.03,428.68
2017-08-16,14.26,3440.0,855.66,17.85,1470.0,803.29,81.85,12630.0,3683.46,20.81,1020.0,936.44,18560.0,6278.85,413.98
2017-08-17,14.56,3240.0,873.33,17.98,1200.0,809.18,77.38,13110.0,3482.08,16.72,990.0,752.18,18540.0,5916.77,407.61
2017-08-18,13.78,3200.0,827.05,14.66,1260.0,659.59,79.8,13050.0,3591.17,16.12,930.0,725.24,18440.0,5803.06,404.05
2017-08-19,13.48,3120.0,808.93,14.89,1170.0,670.2,79.36,13470.0,3571.17,15.64,1110.0,703.99,18870.0,5754.29,410.4
2017-08-20,13.23,3040.0,793.87,13.77,1020.0,619.58,80.76,13530.0,3634.42,19.13,900.0,861.07,18490.0,5908.94,406.65
2017-08-21,12.85,3000.0,771.21,12.24,1170.0,550.93,81.88,13170.0,3684.55,14.88,930.0,669.59,18270.0,5676.28,399.1
2017-08-22,12.71,2960.0,762.54,13.79,1290.0,620.47,78.69,13440.0,3541.08,15.31,1140.0,688.88,18830.0,5612.97,407.38
2017-08-23,12.59,3000.0,755.34,15.59,1530.0,701.58,82.52,13470.0,3713.6,18.7,1110.0,841.41,19110.0,6011.93,418.7
2017-08-24,12.66,3000.0,759.51,18.3,1530.0,823.55,82.51,13410.0,3712.94,18.04,1080.0,811.8,19020.0,6107.81,418.8
2017-08-25,12.72,3080.0,762.98,18.45,1530.0,830.29,82.43,13470.0,3709.33,17.31,1080.0,778.88,19160.0,6081.48,420.69
2017-08-26,13.1,3120.0,786.18,17.94,1410.0,807.33,81.88,13500.0,3684.48,17.34,1050.0,780.46,19080.0,6058.45,418.97
2017-08-27,13.25,3280.0,795.29,16.19,1680.0,728.69,82.34,13500.0,3705.35,16.72,1230.0,752.43,19690.0,5981.76,427.86
2017-08-28,13.89,3120.0,833.33,19.67,1410.0,885.29,81.87,13710.0,3684.05,20.22,1320.0,909.91,19560.0,6312.59,431.21
2017-08-29,13.23,3160.0,793.83,17.1,1470.0,769.69,82.68,13350.0,3720.74,22.05,1320.0,992.34,19300.0,6276.6,426.28
2017-08-30,13.36,2960.0,801.65,17.97,1500.0,808.69,79.66,13200.0,3584.73,21.43,1200.0,964.3,18860.0,6159.37,416.99
2017-08-31,12.45,3320.0,747.19,18.49,1710.0,831.89,77.42,13350.0,3483.89,19.9,1200.0,895.67,19580.0,5958.64,425.64
2017-09-01,14.07,3080.0,844.17,20.07,1260.0,903.16,88.32,13350.0,3974.26,19.29,1020.0,867.85,18710.0,6589.45,421.66
2017-09-02,13.04,2760.0,782.51,15.11,1350.0,680.03,88.25,13020.0,3971.18,16.45,1020.0,740.06,18150.0,6173.79,405.4
2017-09-03,11.68,2920.0,700.83,16.33,1410.0,734.93,86.02,12990.0,3870.86,17.01,1350.0,765.66,18670.0,6072.28,412.37
2017-09-04,12.41,3080.0,744.7,16.96,1620.0,763.29,85.73,13260.0,3858.0,22.29,1290.0,1002.84,19250.0,6368.83,426.98
2017-09-05,13.02,3040.0,781.15,18.87,1680.0,849.06,89.29,13320.0,4018.04,21.94,1260.0,987.19,19300.0,6635.44,432.26
2017-09-06,12.85,3280.0,770.8,19.88,1620.0,894.64,89.45,13350.0,4025.39,21.58,1110.0,971.01,19360.0,6661.83,433.7
2017-09-07,13.89,3520.0,833.3,20.19,1860.0,908.72,89.07,13410.0,4007.98,18.64,1200.0,838.98,19990.0,6588.98,442.98
2017-09-08,14.92,3520.0,895.39,22.49,1620.0,1011.95,89.31,13500.0,4018.87,20.18,1080.0,908.06,19720.0,6834.27,442.57
2017-09-09,14.94,3560.0,896.17,19.78,1620.0,889.91,88.41,13920.0,3978.37,18.08,960.0,813.49,20060.0,6577.94,443.97
2017-09-10,15.12,3480.0,906.97,20.22,1530.0,909.77,90.89,13800.0,4090.07,16.26,1170.0,731.9,19980.0,6638.71,443.65
2017-09-11,14.76,3440.0,885.48,20.0,1620.0,900.03,88.15,13440.0,3966.84,19.38,1110.0,872.02,19610.0,6624.37,437.24
2017-09-12,14.63,3360.0,877.78,20.99,1710.0,944.4,86.15,13200.0,3876.71,18.54,960.0,834.42,19230.0,6533.31,429.39
2017-09-13,14.18,3400.0,851.07,21.87,1530.0,983.95,84.6,13260.0,3806.79,16.16,1080.0,727.18,19270.0,6368.98,427.32
2017-09-14,14.32,3240.0,859.35,19.31,1560.0,868.77,86.4,12990.0,3887.8,18.35,1170.0,825.73,18960.0,6441.65,423.36
2017-09-15,13.76,3160.0,825.6,19.44,1710.0,874.65,85.24,13260.0,3835.59,19.33,1230.0,870.07,19360.0,6405.91,429.43
2017-09-16,13.29,3320.0,797.56,20.04,1590.0,901.58,87.39,13230.0,3932.66,19.2,1140.0,863.97,19280.0,6495.77,429.6
2017-09-17,14.09,3280.0,845.38,18.79,1770.0,845.74,86.92,12900.0,3911.25,17.66,1020.0,794.62,18970.0,6396.99,422.78
2017-09-18,13.91,3280.0,834.31,21.11,1860.0,950.17,84.65,12540.0,3809.13,16.17,1020.0,727.85,18700.0,6321.46,417.02
2017-09-19,13.92,3080.0,835.27,21.61,1770.0,972.57,82.2,12720.0,3699.19,16.52,1110.0,743.22,18680.0,6250.25,415.5
2017-09-20,13.09,3120.0,785.29,20.9,1680.0,940.55,84.37,12660.0,3796.49,18.57,1290.0,835.87,18750.0,6358.19,418.47
2017-09-21,13.24,3320.0,794.55,19.86,1620.0,893.92,84.26,12810.0,3791.68,20.34,1110.0,915.46,18860.0,6395.6,420.93
2017-09-22,14.05,3400.0,842.88,19.71,1500.0,886.81,85.6,12450.0,3851.88,17.47,960.0,786.37,18310.0,6367.94,411.3
2017-09-23,14.38,3440.0,862.7,17.87,1680.0,804.23,83.52,12930.0,3758.33,14.43,1230.0,649.5,19280.0,6074.76,422.58
2017-09-24,14.48,3520.0,869.02,19.72,1500.0,887.38,87.23,13230.0,3925.45,19.66,960.0,884.65,19210.0,6566.49,429.61
2017-09-25,14.91,3480.0,894.58,18.62,1470.0,837.77,90.28,13350.0,4062.68,15.54,960.0,699.16,19260.0,6494.19,429.24
2017-09-26,14.76,3440.0,885.34,18.2,1530.0,818.82,90.31,13260.0,4063.94,15.65,1080.0,704.42,19310.0,6472.52,429.71
2017-09-27,14.63,3440.0,877.66,19.0,1410.0,855.01,88.85,13440.0,3998.19,17.48,1110.0,786.47,19400.0,6517.34,431.96
2017-09-28,14.52,3240.0,871.29,17.02,1470.0,765.83,88.5,13740.0,3982.54,18.24,1050.0,820.83,19500.0,6440.48,432.34
2017-09-29,13.76,3280.0,825.36,17.78,1440.0,800.05,91.56,14220.0,4120.17,16.9,1200.0,760.53,20140.0,6506.1,444.1
2017-09-30,13.97,3560.0,838.0,17.75,1770.0,798.67,94.6,13380.0,4257.1,19.15,1260.0,861.86,19970.0,6755.63,445.43
2017-10-01,14.99,3520.0,899.28,21.4,1710.0,963.02,86.1,13560.0,3874.61,20.14,1020.0,906.23,19810.0,6643.14,440.89
2017-10-02,14.82,3400.0,889.25,19.85,1560.0,893.04,86.6,13680.0,3896.87,16.36,1110.0,736.28,19750.0,6415.43,436.09
2017-10-03,14.34,3480.0,860.59,18.31,1560.0,823.85,86.41,13560.0,3888.42,18.13,870.0,815.72,19470.0,6388.58,430.98
2017-10-04,14.79,3640.0,887.58,18.91,1410.0,850.86,86.97,13770.0,3913.64,14.51,930.0,653.0,19750.0,6305.08,434.25
2017-10-05,15.34,3520.0,920.16,17.1,1410.0,769.44,87.6,13290.0,3941.82,15.31,1110.0,689.07,19330.0,6320.49,427.51
2017-10-06,14.94,3600.0,896.43,17.34,1680.0,780.45,83.2,13410.0,3744.21,18.64,1200.0,838.9,19890.0,6259.99,435.83
2017-10-07,15.29,3640.0,917.35,21.04,1650.0,946.59,83.29,13500.0,3748.21,19.91,1200.0,896.09,19990.0,6508.24,441.64
2017-10-08,15.41,3400.0,924.57,20.26,1470.0,911.9,85.16,13530.0,3832.27,20.15,1110.0,906.96,19510.0,6575.7,434.76
2017-10-09,14.32,3240.0,859.46,17.6,1560.0,791.97,84.41,13680.0,3798.53,18.56,1020.0,835.26,19500.0,6285.23,429.75
2017-10-10,13.76,3120.0,825.69,18.49,1620.0,832.15,86.24,13620.0,3880.64,16.72,1170.0,752.49,19530.0,6290.98,430.35
2017-10-11,13.12,3040.0,787.48,18.91,1650.0,851.1,85.68,13740.0,3855.77,18.89,1080.0,850.06,19510.0,6344.41,430.91
2017-10-12,12.93,3040.0,776.06,19.65,1530.0,884.3,88.9,14160.0,4000.6,17.73,990.0,797.96,19720.0,6458.92,436.32
2017-10-13,12.95,2760.0,776.73,18.21,1650.0,819.39,90.92,13980.0,4091.48,16.1,1020.0,724.53,19410.0,6412.12,430.37
2017-10-14,11.6,3160.0,696.02,19.46,1470.0,875.81,89.61,13710.0,4032.29,15.57,1020.0,700.5,19360.0,6304.61,427.74
2017-10-15,13.36,3400.0,801.66,17.78,1590.0,800.11,88.51,13830.0,3982.76,15.83,960.0,712.3,19780.0,6296.83,434.61
2017-10-16,14.32,3360.0,858.94,18.38,1500.0,827.0,89.16,13980.0,4012.12,14.49,1140.0,652.08,19980.0,6350.14,438.84
2017-10-17,14.26,3040.0,855.73,17.56,1320.0,790.34,91.86,13350.0,4133.57,17.91,1080.0,806.17,18790.0,6585.82,422.93
2017-10-18,12.86,3160.0,771.8,15.24,1170.0,685.97,86.35,13620.0,3885.56,16.78,1230.0,754.94,19180.0,6098.28,421.3
2017-10-19,13.39,3640.0,803.67,14.04,1140.0,631.91,87.41,13560.0,3933.46,19.37,1410.0,871.55,19750.0,6240.58,433.18
2017-10-20,15.36,3800.0,921.55,14.11,1170.0,634.76,86.98,13560.0,3914.3,22.54,1320.0,1014.12,19850.0,6484.73,438.91
2017-10-21,16.14,3920.0,968.69,14.86,1170.0,668.91,86.73,13890.0,3902.81,21.71,1110.0,977.14,20090.0,6517.54,443.46
2017-10-22,16.63,3720.0,997.7,14.69,1350.0,661.22,88.49,14250.0,3982.2,18.21,900.0,819.5,20220.0,6460.62,444.68
2017-10-23,15.68,3640.0,940.53,16.72,1350.0,752.34,92.24,14220.0,4151.01,14.52,870.0,653.27,20080.0,6497.14,442.95
2017-10-24,15.39,3520.0,923.51,16.67,1380.0,750.25,92.57,13710.0,4165.81,13.85,900.0,623.06,19510.0,6462.62,432.88
2017-10-25,14.82,3320.0,889.05,17.73,1320.0,797.77,87.89,13530.0,3954.98,14.86,870.0,668.86,19040.0,6310.66,422.51
2017-10-26,14.0,3600.0,840.12,16.95,1140.0,762.89,86.67,13560.0,3899.96,14.67,960.0,660.18,19260.0,6163.15,423.72
2017-10-27,15.19,3680.0,911.2,14.37,1050.0,646.57,85.75,14190.0,3858.59,16.68,1020.0,750.63,19940.0,6167.0,435.12
2017-10-28,15.49,3480.0,929.62,13.45,1320.0,605.44,91.6,14070.0,4121.85,16.89,1050.0,759.95,19920.0,6416.86,438.95
2017-10-29,14.73,3720.0,883.98,16.45,1500.0,740.05,89.79,13740.0,4040.44,16.8,1050.0,755.79,20010.0,6420.26,440.5
2017-10-30,15.79,3640.0,947.64,18.74,1260.0,843.21,88.53,14010.0,3983.9,17.24,990.0,775.59,19900.0,6550.33,440.84
2017-10-31,15.49,3560.0,929.41,15.47,1350.0,696.23,91.87,13560.0,4134.2,15.89,870.0,714.94,19340.0,6474.78,430.25
2017-11-01,15.07,3520.0,904.12,16.69,1230.0,751.05,90.99,13560.0,4094.4,13.94,1080.0,627.49,19390.0,6377.06,429.45
2017-11-02,14.89,3520.0,893.26,15.2,990.0,684.13,90.7,13050.0,4081.54,17.78,1140.0,800.2,18700.0,6459.14,419.32
2017-11-03,14.91,3520.0,894.4,12.29,1020.0,553.06,87.1,13050.0,3919.42,18.34,1290.0,825.4,18880.0,6192.28,417.87
2017-11-04,14.92,3400.0,895.35,12.52,1170.0,563.23,86.34,13050.0,3885.46,21.02,1230.0,945.97,18850.0,6290.01,419.0
2017-11-05,14.43,3640.0,865.66,14.72,1200.0,662.49,87.0,12720.0,3915.22,20.46,1050.0,920.62,18610.0,6363.99,416.23
2017-11-06,15.37,3720.0,922.27,14.19,1290.0,638.76,84.34,13020.0,3795.11,18.32,1170.0,824.35,19200.0,6180.49,423.01
2017-11-07,15.82,3840.0,948.97,15.58,1230.0,701.09,86.81,13140.0,3906.27,20.08,1110.0,903.38,19320.0,6459.71,429.66
2017-11-08,16.19,3720.0,971.15,14.78,1200.0,664.89,86.46,13350.0,3890.67,18.94,1050.0,852.26,19320.0,6378.97,428.32
2017-11-09,15.82,3600.0,948.95,14.4,1170.0,647.96,87.87,13140.0,3954.25,17.92,930.0,806.59,18840.0,6357.75,419.96
2017-11-10,15.17,3400.0,910.19,14.29,1200.0,643.27,86.27,13080.0,3881.95,15.11,1320.0,679.95,19000.0,6115.36,418.59
2017-11-11,14.46,3680.0,867.83,14.72,1260.0,662.37,86.08,13350.0,3873.69,21.9,1320.0,985.41,19610.0,6389.3,433.32
2017-11-12,15.57,3440.0,934.23,14.91,1260.0,671.06,88.33,13110.0,3974.81,22.2,1290.0,998.92,19100.0,6579.01,427.98
2017-11-13,14.63,3120.0,877.64,14.91,1380.0,670.99,86.12,13110.0,3875.25,21.48,1170.0,966.79,18780.0,6390.68,419.51
2017-11-14,13.17,3360.0,790.01,16.83,1410.0,757.27,85.24,13530.0,3835.67,19.39,1230.0,872.66,19530.0,6255.6,429.76
2017-11-15,14.15,3400.0,849.26,16.88,1350.0,759.44,87.36,14070.0,3931.06,20.33,1140.0,914.77,19960.0,6454.53,440.24
2017-11-16,14.47,3520.0,868.01,15.87,1290.0,714.3,90.87,13740.0,4089.13,18.8,990.0,846.17,19540.0,6517.6,434.29
2017-11-17,14.9,3680.0,893.74,15.78,1560.0,710.13,89.24,13410.0,4015.58,16.34,990.0,735.17,19640.0,6354.62,433.24
2017-11-18,15.59,3520.0,935.43,18.73,1380.0,842.95,86.13,13680.0,3875.71,16.29,1020.0,733.12,19600.0,6387.22,433.12
2017-11-19,14.98,3480.0,898.96,16.66,1410.0,749.52,87.69,13920.0,3946.01,16.22,1020.0,729.96,19830.0,6324.46,435.91
2017-11-20,14.65,3520.0,878.82,17.85,1440.0,803.16,90.26,14070.0,4061.71,15.82,870.0,712.08,19900.0,6455.77,439.26
2017-11-21,14.88,3280.0,892.56,18.69,1410.0,841.03,91.67,14130.0,4125.31,13.81,1020.0,621.4,19840.0,6480.31,438.67
2017-11-22,13.88,3400.0,832.87,17.65,1230.0,794.18,93.03,14190.0,4186.56,16.36,1080.0,736.17,19900.0,6549.78,440.83
2017-11-23,14.41,3520.0,864.55,15.75,1320.0,708.93,93.44,13740.0,4204.69,17.06,990.0,767.92,19570.0,6546.1,435.27
2017-11-24,14.85,3360.0,890.87,16.96,1620.0,763.16,90.43,13710.0,4069.17,15.88,1200.0,714.49,19890.0,6437.69,438.79
2017-11-25,14.2,3200.0,851.79,21.7,1710.0,976.28,90.55,13500.0,4074.95,18.87,1350.0,849.05,19760.0,6752.06,441.87
2017-11-26,13.49,3000.0,809.16,22.25,1830.0,1001.41,89.66,13770.0,4034.59,20.96,1050.0,943.35,19650.0,6788.5,440.64
2017-11-27,12.73,3000.0,763.59,22.35,1530.0,1005.92,91.2,13740.0,4104.18,16.52,1020.0,743.4,19290.0,6617.1,431.78
2017-11-28,12.77,3000.0,766.37,19.36,1290.0,871.39,88.87,13110.0,3998.99,16.35,1140.0,735.74,18540.0,6372.49,415.21
2017-11-29,12.64,3000.0,758.52,15.38,1230.0,692.09,85.56,13320.0,3850.13,18.92,1320.0,851.18,18870.0,6151.92,417.03
2017-11-30,12.7,3120.0,762.16,15.32,1380.0,689.54,87.61,13080.0,3942.48,21.7,1140.0,976.28,18720.0,6370.47,418.17
2017-12-01,13.26,3080.0,795.65,16.98,1560.0,764.32,88.1,12900.0,3964.36,19.17,1170.0,862.82,18710.0,6387.15,418.29
2017-12-02,13.05,2840.0,782.84,18.74,1380.0,843.3,86.6,12840.0,3897.14,20.66,1050.0,929.54,18110.0,6452.82,409.38
2017-12-03,12.02,2920.0,721.41,16.7,1740.0,751.46,85.84,12810.0,3862.78,17.26,1110.0,776.63,18580.0,6112.28,411.54
2017-12-04,12.36,3040.0,741.49,21.35,1500.0,960.87,86.28,12510.0,3882.7,18.18,1140.0,818.12,18190.0,6403.17,409.89
2017-12-05,12.81,2800.0,768.33,18.82,1410.0,846.85,83.13,12480.0,3740.91,19.63,1170.0,883.13,17860.0,6239.22,401.65
2017-12-06,11.82,2680.0,709.35,17.78,1470.0,800.13,84.04,12720.0,3781.65,20.09,1080.0,903.88,17950.0,6195.01,402.42
2017-12-07,11.34,2720.0,680.68,17.92,1320.0,806.41,83.78,12840.0,3770.23,17.88,1170.0,804.66,18050.0,6061.99,401.87
2017-12-08,11.46,2880.0,687.34,16.02,1590.0,720.82,85.03,13050.0,3826.47,19.0,1140.0,854.83,18660.0,6089.47,412.49
2017-12-09,12.23,2680.0,733.5,19.4,1500.0,873.09,87.58,13380.0,3941.19,18.47,1470.0,831.16,19030.0,6378.95,423.48
2017-12-10,11.34,2880.0,680.43,18.28,1470.0,822.57,90.03,13020.0,4051.41,23.3,1350.0,1048.51,18720.0,6602.92,422.05
2017-12-11,12.13,3000.0,727.76,18.53,1350.0,833.93,87.55,12780.0,3939.84,21.56,1140.0,970.39,18270.0,6471.93,412.37
2017-12-12,12.62,3120.0,756.92,16.76,1380.0,754.32,86.34,12930.0,3885.43,18.14,1230.0,816.52,18660.0,6213.19,414.55
2017-12-13,13.19,3160.0,791.3,16.93,1350.0,761.75,86.97,13140.0,3913.74,19.74,870.0,888.41,18520.0,6355.2,414.59
2017-12-14,13.33,3320.0,799.54,16.31,1560.0,734.16,87.41,13260.0,3933.48,13.7,1350.0,616.46,19490.0,6083.65,426.23
2017-12-15,14.12,3560.0,847.02,19.62,1380.0,882.75,88.49,13440.0,3982.04,22.09,1050.0,994.2,19430.0,6706.02,435.6
2017-12-16,15.11,3600.0,906.78,17.74,1380.0,798.17,92.63,12690.0,4168.21,17.29,1050.0,778.23,18720.0,6651.4,422.86
2017-12-17,15.26,3440.0,915.79,17.12,1320.0,770.31,86.08,13140.0,3873.43,17.02,990.0,765.92,18890.0,6325.45,420.26
2017-12-18,14.54,3240.0,872.49,15.9,1440.0,715.56,87.37,12900.0,3931.62,15.56,960.0,700.09,18540.0,6219.76,412.66
2017-12-19,13.77,3480.0,826.36,17.54,1590.0,789.36,84.31,12870.0,3793.9,15.39,990.0,692.77,18930.0,6102.38,417.21
2017-12-20,14.66,3520.0,879.46,18.98,1680.0,854.01,85.52,13350.0,3848.29,15.83,900.0,712.4,19450.0,6294.16,429.07
2017-12-21,14.88,3520.0,893.09,19.44,1500.0,874.92,89.46,12870.0,4025.77,14.89,900.0,669.89,18790.0,6463.67,420.89
2017-12-22,14.9,3440.0,894.26,17.27,1410.0,777.37,86.02,13140.0,3870.95,14.5,990.0,652.71,18980.0,6195.29,419.59
2017-12-23,14.58,3440.0,874.92,16.52,1230.0,743.32,89.6,12420.0,4032.2,16.77,960.0,754.85,18050.0,6405.29,407.59
2017-12-24,14.48,3360.0,869.01,14.89,1410.0,670.07,83.4,12900.0,3752.95,15.59,1050.0,701.49,18720.0,5993.51,411.89
2017-12-25,14.23,3520.0,853.94,16.76,1440.0,754.33,88.36,13350.0,3976.02,17.99,1140.0,809.39,19450.0,6393.67,430.73
2017-12-26,14.87,3720.0,892.21,16.94,1440.0,762.39,93.35,13140.0,4200.93,19.44,900.0,874.99,19200.0,6730.52,432.18
2017-12-27,15.74,3440.0,944.32,17.82,1470.0,802.08,92.44,13500.0,4159.98,15.02,960.0,676.05,19370.0,6582.42,432.54
2017-12-28,14.6,3320.0,875.87,18.16,1500.0,817.2,94.86,13860.0,4268.73,16.26,1200.0,731.75,19880.0,6693.55,442.89
2017-12-29,13.99,3440.0,839.32,18.62,1320.0,837.85,97.24,13830.0,4375.87,19.45,1230.0,875.19,19820.0,6928.23,445.8
2017-12-30,14.5,3520.0,869.91,17.13,1560.0,770.96,94.96,13650.0,4273.35,19.29,1230.0,867.89,19960.0,6782.11,445.7
2017-12-31,14.92,3360.0,895.32,20.6,1740.0,926.96,91.84,13200.0,4132.65,19.85,1170.0,893.46,19470.0,6848.39,438.64
2018-01-01,14.26,3400.0,855.48,22.33,1620.0,1005.03,82.03,13410.0,3691.16,18.6,1290.0,837.01,19720.0,6388.68,435.14
2018-01-02,14.38,3600.0,863.02,20.36,1530.0,916.03,83.11,13200.0,3740.08,21.21,1260.0,954.24,19590.0,6473.37,434.39
2018-01-03,15.17,3480.0,909.91,18.97,1560.0,853.6,83.2,13560.0,3743.81,19.59,1320.0,881.75,19920.0,6389.06,438.48
2018-01-04,14.8,3760.0,887.92,19.26,1530.0,866.82,83.98,13800.0,3779.23,20.92,1350.0,941.58,20440.0,6475.55,448.59
2018-01-05,15.85,3840.0,950.91,18.73,1530.0,842.94,85.3,13890.0,3838.32,21.67,1410.0,975.2,20670.0,6607.37,454.62
2018-01-06,16.21,3880.0,972.76,18.74,1500.0,843.16,86.42,13680.0,3888.93,23.37,1440.0,1051.46,20500.0,6756.31,454.27
2018-01-07,16.35,3720.0,980.76,18.06,1470.0,812.58,87.29,14250.0,3928.04,24.13,1290.0,1085.74,20730.0,6807.13,458.95
2018-01-08,15.78,3760.0,946.77,18.0,1440.0,809.94,89.88,14400.0,4044.66,21.14,1440.0,951.11,21040.0,6752.48,463.21
2018-01-09,15.99,3800.0,959.17,17.67,1380.0,794.99,91.84,14550.0,4132.59,22.58,1260.0,1016.29,20990.0,6903.03,464.88
2018-01-10,16.16,3720.0,969.47,17.46,1350.0,785.71,91.59,14400.0,4121.37,20.85,1410.0,938.12,20880.0,6814.66,461.58
2018-01-11,15.79,3720.0,947.55,16.77,1380.0,754.48,91.88,14550.0,4134.76,22.86,1410.0,1028.87,21060.0,6865.66,465.43
2018-01-12,15.83,3960.0,949.66,17.01,1860.0,765.34,93.24,14880.0,4196.0,22.03,1230.0,991.31,21930.0,6902.31,480.54
2018-01-13,16.7,3840.0,1002.2,22.57,1680.0,1015.76,94.29,14670.0,4243.12,19.4,1200.0,872.78,21390.0,7133.86,475.4
2018-01-14,16.25,3760.0,974.74,20.75,1650.0,933.69,93.45,14370.0,4205.4,18.83,1020.0,847.24,20800.0,6961.07,462.68
2018-01-15,15.87,4080.0,951.93,20.59,1620.0,926.62,90.48,14310.0,4071.56,16.55,1290.0,744.55,21300.0,6694.66,466.58
2018-01-16,17.24,4080.0,1034.56,20.69,1500.0,931.22,88.16,14610.0,3967.19,20.54,1380.0,924.29,21570.0,6857.26,473.79
2018-01-17,17.2,4240.0,1032.09,19.31,1710.0,869.13,90.6,14820.0,4076.96,22.33,1230.0,1004.83,22000.0,6983.02,483.05
2018-01-18,18.01,4240.0,1080.84,22.09,1710.0,994.0,91.9,14700.0,4135.39,19.3,1170.0,868.67,21820.0,7078.89,481.65
2018-01-19,18.01,3920.0,1080.69,21.32,1650.0,959.27,91.5,14550.0,4117.29,18.84,1230.0,847.99,21350.0,7005.25,472.59
2018-01-20,16.66,3960.0,999.31,20.66,1680.0,929.6,89.39,15120.0,4022.62,20.79,1350.0,935.34,22110.0,6886.87,483.28
2018-01-21,16.71,3640.0,1002.82,20.91,1470.0,940.82,91.83,15210.0,4132.33,22.54,1170.0,1014.34,21490.0,7090.31,476.34
2018-01-22,15.41,3720.0,924.46,18.41,1500.0,828.49,94.6,15180.0,4256.9,19.4,1140.0,872.89,21540.0,6882.74,473.71
2018-01-23,15.68,3640.0,940.64,18.03,1440.0,811.43,94.26,15150.0,4241.89,19.74,1020.0,888.27,21250.0,6882.22,468.87
2018-01-24,15.39,4040.0,923.6,17.17,1560.0,772.68,95.1,14430.0,4279.3,17.62,900.0,793.11,20930.0,6768.69,461.64
2018-01-25,17.02,3720.0,1021.18,18.5,1590.0,832.61,89.73,14040.0,4037.8,15.26,1050.0,686.76,20400.0,6578.36,449.64
2018-01-26,15.66,3720.0,939.72,18.15,1530.0,816.61,87.37,14370.0,3931.73,17.1,1170.0,769.48,20790.0,6457.54,454.13
2018-01-27,15.72,3560.0,943.15,18.1,1470.0,814.43,90.61,14370.0,4077.52,19.07,870.0,858.25,20270.0,6693.35,449.39
2018-01-28,15.09,3560.0,905.37,17.89,1770.0,805.18,91.6,14790.0,4121.92,13.82,1140.0,621.89,21260.0,6454.36,461.91
2018-01-29,15.07,3400.0,904.46,22.63,1590.0,1018.34,93.36,14760.0,4201.41,17.46,990.0,785.9,20740.0,6910.12,460.84
2018-01-30,14.38,3480.0,863.08,20.85,1380.0,938.29,94.97,15060.0,4273.83,15.44,1170.0,694.96,21090.0,6770.15,464.34
2018-01-31,14.66,3560.0,879.49,18.22,1590.0,820.11,98.56,15150.0,4435.35,18.68,1320.0,840.4,21620.0,6975.35,476.59
2018-02-01,15.05,3800.0,903.27,20.17,1440.0,907.87,95.99,14760.0,4319.44,21.29,1140.0,958.17,21140.0,7088.75,470.48
2018-02-02,16.06,3760.0,963.67,18.41,1350.0,828.28,93.18,14370.0,4192.95,17.91,1200.0,805.85,20680.0,6790.75,457.85
2018-02-03,15.88,3720.0,952.89,16.87,1350.0,759.32,88.5,14700.0,3982.62,19.77,1110.0,889.61,20880.0,6584.43,457.74
2018-02-04,15.73,3640.0,943.93,16.8,1500.0,755.95,91.27,14580.0,4107.19,18.76,1110.0,844.25,20830.0,6651.32,458.02
2018-02-05,15.44,3760.0,926.34,18.56,1350.0,835.12,90.35,15030.0,4065.68,18.37,1320.0,826.59,21460.0,6653.72,468.56
2018-02-06,15.87,3560.0,952.35,16.66,1410.0,749.78,92.7,14880.0,4171.61,21.68,1230.0,975.42,21080.0,6849.17,465.49
2018-02-07,15.05,3880.0,902.86,17.49,1350.0,786.93,91.23,15000.0,4105.52,20.55,1170.0,924.68,21400.0,6719.98,468.67
2018-02-08,16.39,3600.0,983.64,16.26,1500.0,731.52,92.47,15480.0,4161.31,19.5,960.0,877.47,21540.0,6753.94,471.57
2018-02-09,15.31,3600.0,918.69,17.49,1290.0,787.06,95.4,15090.0,4292.88,16.05,1200.0,722.24,21180.0,6720.87,465.01
2018-02-10,15.26,3640.0,915.52,14.91,1380.0,671.17,90.79,15000.0,4085.39,19.84,930.0,892.88,20950.0,6564.97,458.58
2018-02-11,15.38,3480.0,923.05,15.97,1380.0,718.63,90.19,15120.0,4058.36,15.52,810.0,698.37,20790.0,6398.42,453.14
2018-02-12,14.81,3600.0,888.68,15.74,1320.0,708.23,92.79,14520.0,4175.77,13.33,1230.0,600.05,20670.0,6372.72,450.71
2018-02-13,15.18,3720.0,910.91,15.34,1440.0,690.12,89.08,14370.0,4008.79,19.98,1140.0,899.3,20670.0,6509.12,452.99
2018-02-14,15.83,3880.0,949.69,17.26,1350.0,776.48,88.02,13980.0,3960.93,18.39,1320.0,827.76,20530.0,6514.88,450.75
2018-02-15,16.37,4000.0,981.91,16.2,1500.0,728.94,87.48,14100.0,3936.67,20.72,1230.0,932.57,20830.0,6580.09,456.83
2018-02-16,16.98,3960.0,1018.83,17.8,1410.0,800.81,87.88,14100.0,3954.76,18.96,1500.0,853.02,20970.0,6627.42,459.96
2018-02-17,16.81,3960.0,1008.87,17.19,1620.0,773.48,86.94,14100.0,3912.23,22.69,1350.0,1021.11,21030.0,6715.71,462.43
2018-02-18,16.68,3920.0,1000.6,20.51,1680.0,923.17,86.59,13980.0,3896.61,20.68,1380.0,930.66,20960.0,6751.05,461.85
2018-02-19,16.56,3920.0,993.73,20.51,1530.0,923.14,86.73,14220.0,3902.67,21.96,1110.0,988.19,20780.0,6807.72,459.8
2018-02-20,16.64,3640.0,998.17,18.96,1590.0,852.99,88.57,14760.0,3985.64,17.93,930.0,806.8,20920.0,6643.6,459.39
2018-02-21,15.34,3320.0,920.61,19.79,1770.0,890.45,91.62,14880.0,4122.77,14.82,900.0,666.74,20870.0,6600.57,457.84
2018-02-22,14.1,3280.0,846.01,21.85,1590.0,983.28,91.74,15180.0,4128.29,14.57,1110.0,655.81,21160.0,6613.39,462.89
2018-02-23,13.91,3400.0,834.84,19.68,1680.0,885.69,94.46,15480.0,4250.66,17.32,1020.0,779.61,21580.0,6750.8,472.18
2018-02-24,14.44,3360.0,866.18,19.77,1590.0,889.55,98.53,15390.0,4433.74,16.02,1080.0,720.77,21420.0,6910.25,472.17
2018-02-25,14.19,3480.0,851.59,18.87,1530.0,849.3,97.56,15300.0,4390.16,17.14,1170.0,771.36,21480.0,6862.41,472.37
2018-02-26,14.67,3480.0,880.1,18.39,1530.0,827.4,94.99,15210.0,4274.5,18.74,1080.0,843.31,21300.0,6825.31,468.76
2018-02-27,14.72,3440.0,883.47,18.38,1440.0,826.94,95.21,15690.0,4284.23,17.64,1200.0,794.02,21770.0,6788.67,475.98
2018-02-28,14.6,3480.0,876.11,17.41,1380.0,783.49,98.65,15630.0,4439.08,19.99,1290.0,899.69,21780.0,6998.37,479.64
2018-03-01,14.67,3640.0,880.16,16.42,1470.0,739.06,94.57,15330.0,4255.7,20.55,1080.0,924.55,21520.0,6799.47,471.99
2018-03-02,15.4,3480.0,924.15,17.37,1350.0,781.61,92.13,14820.0,4145.85,17.48,1140.0,786.73,20790.0,6638.34,457.14
2018-03-03,14.66,3600.0,879.43,15.85,1440.0,713.18,88.42,14880.0,3978.78,18.11,1050.0,815.03,20970.0,6386.42,455.94
2018-03-04,15.22,3640.0,913.38,17.64,1230.0,793.75,88.99,14760.0,4004.76,16.78,990.0,755.1,20620.0,6467.0,451.45
2018-03-05,15.35,3720.0,921.28,14.62,1200.0,657.87,87.43,14430.0,3934.26,15.87,1020.0,713.96,20370.0,6227.37,443.29
2018-03-06,15.8,3840.0,948.15,14.48,1080.0,651.65,86.95,14280.0,3912.68,17.03,1050.0,766.19,20250.0,6278.68,442.14
2018-03-07,16.17,3880.0,970.47,12.75,1200.0,573.67,86.9,14520.0,3910.55,17.94,1110.0,807.18,20710.0,6261.88,449.53
2018-03-08,16.48,3840.0,989.01,13.74,1350.0,618.09,87.87,14010.0,3954.24,19.13,990.0,860.75,20190.0,6422.1,443.53
2018-03-09,16.23,4240.0,973.94,16.44,1200.0,739.96,83.75,14070.0,3768.73,17.28,1110.0,777.7,20620.0,6260.33,448.01
2018-03-10,17.89,4280.0,1073.16,14.78,1140.0,665.3,83.3,14070.0,3748.66,18.62,1200.0,837.93,20690.0,6325.06,450.25
2018-03-11,18.07,4360.0,1084.48,14.23,1200.0,640.16,81.94,14010.0,3687.52,20.23,1050.0,910.55,20620.0,6322.71,449.05
2018-03-12,18.4,4160.0,1104.04,15.12,1200.0,680.49,81.16,14520.0,3652.28,17.47,990.0,786.26,20870.0,6223.06,451.55
2018-03-13,17.66,4080.0,1059.33,15.04,1320.0,676.7,84.96,14130.0,3823.2,16.68,1080.0,750.58,20610.0,6309.82,448.66
2018-03-14,17.21,4040.0,1032.36,16.47,1230.0,741.18,81.11,14070.0,3649.83,17.73,990.0,797.66,20330.0,6221.03,442.52
2018-03-15,17.17,4160.0,1030.27,15.61,1080.0,702.47,80.61,14100.0,3627.4,16.54,780.0,744.16,20120.0,6104.3,437.07
2018-03-16,17.65,4160.0,1059.0,13.27,1080.0,597.26,80.8,14160.0,3636.22,13.27,840.0,596.97,20240.0,5889.45,435.49
2018-03-17,17.54,4040.0,1052.4,13.06,1260.0,587.68,82.18,14160.0,3697.88,13.62,1110.0,612.98,20570.0,5950.94,442.02
2018-03-18,17.11,3960.0,1026.6,15.55,1230.0,699.59,83.34,14130.0,3750.28,17.64,1110.0,793.6,20430.0,6270.06,445.0
2018-03-19,16.75,3920.0,1005.17,15.65,1350.0,704.07,82.31,14310.0,3703.9,17.56,1080.0,790.25,20660.0,6203.39,447.72
2018-03-20,16.63,3760.0,997.52,16.77,1380.0,754.53,81.47,14460.0,3666.21,17.65,1050.0,794.39,20650.0,6212.65,447.71
2018-03-21,15.84,3920.0,950.54,17.38,1230.0,781.99,83.14,14370.0,3741.39,16.34,930.0,735.21,20450.0,6209.12,444.32
2018-03-22,16.55,4040.0,992.77,15.02,1410.0,676.0,83.49,14760.0,3757.22,15.14,990.0,681.22,21200.0,6107.2,455.12
2018-03-23,17.13,4240.0,1027.85,17.9,1380.0,805.31,84.84,14430.0,3817.58,15.96,990.0,718.2,21040.0,6368.94,456.82
2018-03-24,17.96,4120.0,1077.31,17.71,1530.0,796.9,83.65,14340.0,3764.4,15.9,1080.0,715.28,21070.0,6353.9,457.06
2018-03-25,17.45,3880.0,1047.29,19.31,1740.0,868.76,83.83,14310.0,3772.4,17.1,900.0,769.29,20830.0,6457.75,454.8
2018-03-26,16.36,3640.0,981.73,22.02,1560.0,991.03,83.74,14520.0,3768.13,14.22,900.0,639.73,20620.0,6380.61,450.01
2018-03-27,15.45,3400.0,927.26,20.32,1530.0,914.6,85.12,14400.0,3830.51,14.16,900.0,637.04,20230.0,6309.4,442.32
2018-03-28,14.36,3480.0,861.7,19.63,1590.0,883.35,84.0,14070.0,3780.1,14.41,960.0,648.44,20100.0,6173.59,437.89
2018-03-29,14.81,3560.0,888.5,19.52,1500.0,878.48,82.35,13860.0,3705.64,15.0,1110.0,675.17,20030.0,6147.78,436.3
2018-03-30,15.01,3600.0,900.6,18.83,1290.0,847.39,81.8,13920.0,3680.85,18.02,870.0,810.71,19680.0,6239.55,431.99
2018-03-31,15.18,3560.0,910.66,16.39,1200.0,737.5,81.09,13290.0,3648.85,14.24,1080.0,640.75,19130.0,5937.75,417.8
2018-04-01,15.15,3560.0,908.85,14.89,1290.0,670.26,81.11,13560.0,3650.02,18.45,1200.0,830.39,19610.0,6059.52,427.83
2018-04-02,15.12,3640.0,907.35,15.52,1170.0,698.34,82.48,13590.0,3711.51,19.82,1260.0,891.93,19660.0,6209.14,431.15
2018-04-03,15.44,3520.0,926.43,14.08,1260.0,633.62,82.75,13770.0,3723.84,20.02,1200.0,900.72,19750.0,6184.6,432.24
2018-04-04,14.86,3520.0,891.48,14.88,1290.0,669.82,83.82,13980.0,3771.71,19.92,1050.0,896.53,19840.0,6229.53,434.49
2018-04-05,14.88,3520.0,892.92,15.61,1260.0,702.29,85.99,13680.0,3869.66,17.93,960.0,806.94,19420.0,6271.81,428.2
2018-04-06,14.9,3520.0,894.12,16.4,1050.0,737.82,83.58,13620.0,3761.02,16.2,960.0,728.81,19150.0,6121.76,421.2
2018-04-07,14.92,3440.0,895.11,12.91,1080.0,580.89,83.04,13560.0,3736.96,15.57,900.0,700.67,18980.0,5913.64,414.89
2018-04-08,14.59,3640.0,875.63,13.21,1140.0,594.23,82.42,13950.0,3708.79,14.68,990.0,660.5,19720.0,5839.14,425.99
2018-04-09,15.34,3880.0,920.38,14.16,1470.0,637.18,85.21,13950.0,3834.62,15.83,870.0,712.33,20170.0,6104.53,437.91
2018-04-10,16.47,3840.0,988.04,19.48,1200.0,876.72,85.71,14010.0,3856.81,14.23,900.0,640.51,19950.0,6362.08,438.53
2018-04-11,16.22,3640.0,973.13,15.52,1020.0,698.54,85.52,13980.0,3848.54,14.02,900.0,630.99,19540.0,6151.21,428.19
2018-04-12,15.34,3440.0,920.12,13.16,1140.0,592.35,84.82,14160.0,3816.83,13.68,990.0,615.69,19730.0,5944.99,427.92
2018-04-13,14.6,3280.0,876.08,14.71,1290.0,661.92,87.23,14520.0,3925.43,15.52,930.0,698.31,20020.0,6161.74,436.36
2018-04-14,13.82,3320.0,829.34,15.8,1140.0,710.83,89.84,14610.0,4042.73,14.81,1020.0,666.31,20090.0,6249.21,438.99
2018-04-15,14.02,3800.0,841.3,14.54,1110.0,654.17,88.66,14280.0,3989.74,16.11,960.0,724.93,20150.0,6210.15,439.34
2018-04-16,16.05,3440.0,962.98,14.25,1290.0,641.39,85.98,14340.0,3869.25,15.46,1020.0,695.63,20090.0,6169.25,437.65
2018-04-17,14.52,3400.0,871.05,15.69,1410.0,706.22,88.18,13890.0,3968.15,16.48,990.0,741.45,19690.0,6286.87,432.95
2018-04-18,14.43,3200.0,865.8,17.72,1290.0,797.47,84.73,14100.0,3812.74,16.27,1140.0,732.2,19730.0,6208.2,432.3
2018-04-19,13.51,3520.0,810.64,15.76,1260.0,709.23,84.02,14160.0,3781.05,19.49,930.0,877.03,19870.0,6177.95,434.13
2018-04-20,14.95,3600.0,896.87,15.41,1260.0,693.37,84.26,14310.0,3791.89,15.02,750.0,676.08,19920.0,6058.22,432.97
2018-04-21,15.3,3320.0,917.72,15.38,1230.0,692.27,85.87,13830.0,3864.26,12.61,960.0,567.42,19340.0,6041.67,423.03
2018-04-22,14.06,3440.0,843.61,14.94,1170.0,672.21,82.28,13920.0,3702.77,16.66,990.0,749.86,19520.0,5968.45,424.81
2018-04-23,14.56,3640.0,873.48,14.34,1350.0,645.26,82.9,13860.0,3730.63,17.14,1080.0,771.36,19930.0,6020.73,432.51
2018-04-24,15.48,3480.0,928.76,16.14,1440.0,726.2,82.77,13650.0,3724.66,17.78,1020.0,800.21,19590.0,6179.83,429.5
2018-04-25,14.72,3600.0,883.26,17.22,1380.0,774.84,81.13,14100.0,3650.99,16.78,1050.0,755.27,20130.0,6064.36,436.57
2018-04-26,15.28,3440.0,916.56,17.01,1260.0,765.63,82.97,14220.0,3733.51,16.53,1230.0,743.94,20150.0,6159.64,438.49
2018-04-27,14.55,3120.0,873.13,15.29,1470.0,688.19,83.2,14190.0,3744.05,20.7,1080.0,931.67,19860.0,6237.04,434.95
2018-04-28,13.27,3320.0,796.41,17.32,1320.0,779.41,83.63,14610.0,3763.16,18.12,1140.0,815.29,20390.0,6154.27,442.4
2018-04-29,14.07,3240.0,844.42,15.08,1200.0,678.81,88.51,14610.0,3983.07,19.56,1230.0,880.12,20280.0,6386.42,444.44
2018-04-30,13.72,3680.0,823.36,14.72,1380.0,662.18,87.88,13950.0,3954.47,20.7,1230.0,931.29,20240.0,6371.29,443.52
2018-05-01,15.63,3440.0,937.91,16.62,1170.0,748.12,78.39,14250.0,3527.37,20.45,1140.0,920.13,20000.0,6133.54,435.56
2018-05-02,14.51,3440.0,870.55,14.26,1290.0,641.71,81.22,13950.0,3655.06,18.48,1230.0,831.81,19910.0,5999.13,431.82
2018-05-03,14.59,3640.0,875.53,15.11,1320.0,679.8,80.44,13890.0,3619.63,20.47,1080.0,921.13,19930.0,6096.09,433.77
2018-05-04,15.34,3440.0,920.31,15.41,1440.0,693.62,80.07,13920.0,3603.27,17.94,1080.0,807.1,19880.0,6024.3,431.74
2018-05-05,14.6,3560.0,876.24,17.88,1470.0,804.68,81.75,13740.0,3678.58,16.99,900.0,764.77,19670.0,6124.28,429.9
2018-05-06,15.01,3560.0,900.58,18.09,1200.0,813.97,81.6,13800.0,3672.18,14.34,840.0,645.38,19400.0,6032.11,423.87
2018-05-07,15.01,3200.0,900.48,14.97,1230.0,673.59,82.45,13710.0,3710.31,13.54,1020.0,609.15,19160.0,5893.53,417.56
2018-05-08,13.48,3120.0,808.98,15.71,1170.0,706.85,81.87,13170.0,3684.36,16.32,1020.0,734.23,18480.0,5934.41,406.91
2018-05-09,13.23,3240.0,793.91,15.11,1200.0,679.88,77.56,13080.0,3490.14,17.12,900.0,770.31,18420.0,5734.24,402.57
2018-05-10,13.7,3120.0,822.03,14.71,1500.0,661.76,77.69,13170.0,3496.21,15.02,870.0,676.05,18660.0,5656.06,405.27
2018-05-11,13.24,3320.0,794.6,19.22,1500.0,864.71,77.99,13320.0,3509.51,14.81,960.0,666.29,19100.0,5835.11,415.59
2018-05-12,14.05,3360.0,842.92,19.17,1380.0,862.74,78.13,13260.0,3515.89,15.96,1260.0,718.11,19260.0,5939.65,419.99
2018-05-13,14.21,3360.0,852.58,17.85,1380.0,803.33,76.7,13200.0,3451.31,20.28,1170.0,912.38,19110.0,6019.6,418.83
2018-05-14,14.17,3320.0,850.45,17.42,1470.0,783.85,75.76,12990.0,3409.21,19.25,930.0,866.39,18710.0,5909.9,410.33
2018-05-15,13.98,3520.0,838.52,18.61,1230.0,837.61,73.94,12750.0,3327.11,14.88,870.0,669.61,18370.0,5672.85,400.71
2018-05-16,14.83,3560.0,889.56,15.24,1470.0,685.74,72.81,12780.0,3276.6,14.13,780.0,635.69,18590.0,5487.59,401.29
2018-05-17,15.02,3440.0,901.49,18.27,1500.0,822.13,72.81,12900.0,3276.23,12.91,900.0,580.97,18740.0,5580.82,405.35
2018-05-18,14.51,3720.0,870.76,19.38,1170.0,871.9,74.38,13110.0,3347.01,14.83,900.0,667.2,18900.0,5756.87,410.95
2018-05-19,15.78,3760.0,946.82,14.73,1230.0,662.71,75.82,12960.0,3412.08,15.01,900.0,675.23,18850.0,5696.84,409.11
2018-05-20,15.99,3720.0,959.21,14.79,1080.0,665.64,74.7,13260.0,3361.41,15.69,1050.0,705.99,19110.0,5692.25,413.37
2018-05-21,15.82,3520.0,949.18,12.86,1140.0,578.79,78.11,13050.0,3514.96,18.08,990.0,813.57,18700.0,5856.49,409.27
2018-05-22,14.83,3520.0,890.07,14.1,1170.0,634.4,75.34,13140.0,3390.37,16.95,1050.0,762.82,18880.0,5677.66,409.29
2018-05-23,14.86,3560.0,891.75,14.32,1050.0,644.39,75.77,13410.0,3409.58,16.96,1020.0,763.08,19040.0,5708.8,412.48
2018-05-24,15.06,3520.0,903.3,13.0,1170.0,584.78,77.15,13080.0,3471.63,16.76,990.0,754.12,18760.0,5713.83,407.9
2018-05-25,14.88,3600.0,892.59,14.02,1170.0,630.95,73.62,13020.0,3312.88,16.44,1110.0,739.76,18900.0,5576.18,407.94
2018-05-26,15.24,3360.0,914.16,14.22,1290.0,639.75,74.2,12750.0,3338.89,17.77,870.0,799.53,18270.0,5692.32,399.37
2018-05-27,14.18,3320.0,850.81,15.28,1200.0,687.4,73.25,13410.0,3296.38,14.2,720.0,639.0,18650.0,5473.59,402.06
2018-05-28,13.98,3400.0,838.82,14.31,1260.0,643.96,77.45,13320.0,3485.42,11.98,780.0,539.2,18760.0,5507.4,404.46
2018-05-29,14.32,3360.0,859.34,15.5,1320.0,697.48,78.53,13140.0,3533.94,13.61,1080.0,612.33,18900.0,5703.08,410.05
2018-05-30,14.27,3760.0,856.07,16.06,1350.0,722.71,77.49,13590.0,3487.16,19.07,990.0,858.04,19690.0,5923.98,426.9
2018-05-31,15.92,3640.0,954.92,16.76,1260.0,754.31,80.37,13050.0,3616.53,17.11,960.0,770.17,18910.0,6095.94,416.77
2018-06-01,15.42,3400.0,925.31,15.94,1260.0,717.5,71.63,13470.0,3223.28,15.87,960.0,714.26,19090.0,5580.36,411.17
2018-06-02,14.33,3400.0,860.08,15.72,1140.0,707.42,73.9,13020.0,3325.57,15.23,930.0,685.48,18490.0,5578.55,401.14
2018-06-03,14.45,3240.0,866.84,14.09,1170.0,634.22,69.38,13320.0,3122.29,13.95,930.0,627.77,18660.0,5251.12,398.52
2018-06-04,13.69,3360.0,821.66,14.2,1020.0,638.9,69.77,13530.0,3139.69,14.35,840.0,645.96,18750.0,5246.21,399.94
2018-06-05,14.25,3240.0,855.24,12.63,960.0,568.17,69.01,13560.0,3105.64,12.96,780.0,583.04,18540.0,5112.08,394.2
2018-06-06,13.7,3520.0,822.19,12.07,780.0,543.05,69.14,13380.0,3111.34,12.55,780.0,564.6,18460.0,5041.17,391.69
2018-06-07,14.94,3560.0,896.31,9.71,840.0,436.84,68.44,13920.0,3079.74,12.48,810.0,561.5,19130.0,4974.38,401.74
2018-06-08,15.12,3360.0,907.09,10.12,810.0,455.29,71.98,13920.0,3238.94,13.18,780.0,593.09,18870.0,5194.41,401.07
2018-06-09,14.25,3080.0,855.1,10.04,900.0,451.75,72.04,13650.0,3241.85,13.12,840.0,590.25,18470.0,5138.95,393.48
2018-06-10,13.02,3200.0,781.44,11.34,1050.0,510.21,71.14,13980.0,3201.28,13.94,840.0,627.52,19070.0,5120.44,403.17
2018-06-11,13.53,3160.0,811.67,13.45,1050.0,605.35,72.37,14100.0,3256.52,13.7,810.0,616.62,19120.0,5290.15,406.84
2018-06-12,13.44,3200.0,806.31,13.19,1140.0,593.49,72.95,14010.0,3282.6,13.27,570.0,597.21,18920.0,5279.61,403.33
2018-06-13,13.53,3080.0,812.01,14.57,1230.0,655.56,71.99,14070.0,3239.4,9.7,810.0,436.32,19190.0,5143.29,405.55
2018-06-14,13.1,3120.0,786.28,15.83,1380.0,712.37,72.7,14070.0,3271.7,13.52,840.0,608.24,19410.0,5378.59,413.14
2018-06-15,13.26,3360.0,795.37,17.77,1260.0,799.83,73.58,13800.0,3311.21,14.15,870.0,636.7,19290.0,5543.12,413.89
2018-06-16,14.23,3440.0,853.72,16.64,1320.0,748.62,70.57,13470.0,3175.48,14.09,960.0,633.89,19190.0,5411.71,410.03
2018-06-17,14.53,3560.0,871.71,16.86,1230.0,758.9,69.14,13500.0,3111.44,15.83,810.0,712.57,19100.0,5454.62,409.24
2018-06-18,15.12,3520.0,906.97,15.7,1050.0,706.47,69.2,13050.0,3114.03,13.4,1050.0,603.21,18670.0,5330.68,400.01
2018-06-19,14.93,3920.0,895.63,13.43,1230.0,604.41,65.43,12870.0,2944.2,17.67,930.0,794.98,18950.0,5239.22,403.15
2018-06-20,16.63,3480.0,997.95,15.2,1020.0,684.11,63.68,12840.0,2865.51,15.08,960.0,678.52,18300.0,5226.08,392.1
2018-06-21,14.66,3480.0,879.79,12.85,930.0,578.44,63.35,12960.0,2850.81,15.29,690.0,687.88,18060.0,4996.92,384.28
2018-06-22,14.72,3480.0,883.21,11.16,870.0,502.12,63.52,13050.0,2858.2,11.68,720.0,525.76,18120.0,4769.3,381.49
2018-06-23,14.77,3560.0,886.05,10.43,1020.0,469.56,65.14,13140.0,2931.18,11.58,810.0,521.19,18530.0,4807.99,388.97
2018-06-24,15.15,3760.0,908.73,12.02,1080.0,540.93,66.13,13200.0,2975.68,13.71,630.0,617.07,18670.0,5042.42,395.21
2018-06-25,15.97,3680.0,958.04,13.02,1260.0,585.91,66.47,12780.0,2991.11,10.68,750.0,480.62,18470.0,5015.68,391.43
2018-06-26,15.63,3480.0,938.06,14.65,1050.0,659.4,63.07,12870.0,2838.25,12.31,720.0,553.88,18120.0,4989.59,385.16
2018-06-27,14.68,3520.0,880.83,12.41,1290.0,558.59,63.88,13500.0,2874.41,11.93,750.0,536.79,19060.0,4850.62,398.51
2018-06-28,14.9,3720.0,894.23,15.66,1260.0,704.72,68.0,13440.0,3059.92,12.54,720.0,564.2,19140.0,5223.07,406.05
2018-06-29,15.77,3640.0,946.0,15.65,1050.0,704.29,68.0,13500.0,3060.17,12.42,960.0,559.0,19150.0,5269.46,406.99
2018-06-30,15.47,3880.0,928.05,12.83,1260.0,577.24,69.69,13740.0,3136.15,15.94,900.0,717.08,19780.0,5358.52,418.98
2018-07-01,16.4,3800.0,984.25,14.58,1350.0,655.92,85.05,13950.0,3827.05,14.33,780.0,644.84,19880.0,6112.06,433.2
2018-07-02,16.17,3800.0,969.99,15.88,1380.0,714.57,85.22,13950.0,3834.82,12.42,1260.0,559.03,20390.0,6078.4,441.14
2018-07-03,16.14,3920.0,968.3,16.55,1170.0,744.79,85.85,13920.0,3863.12,20.58,960.0,926.03,19970.0,6502.24,441.2
2018-07-04,16.62,3520.0,997.36,13.82,1170.0,622.09,87.15,13470.0,3921.77,16.05,1140.0,722.18,19300.0,6263.4,426.06
2018-07-05,14.82,3720.0,889.46,13.76,1320.0,619.01,82.8,13320.0,3726.11,19.0,1230.0,854.78,19590.0,6089.37,427.99
2018-07-06,15.7,3800.0,942.03,16.07,1410.0,722.98,84.22,13080.0,3789.69,20.37,1200.0,916.54,19490.0,6371.25,431.02
2018-07-07,16.09,3480.0,965.39,17.08,1440.0,768.55,82.83,13200.0,3727.53,19.42,990.0,873.89,19110.0,6335.37,424.09
2018-07-08,14.72,3400.0,883.22,17.74,1260.0,798.4,82.33,12870.0,3704.79,15.82,960.0,711.92,18490.0,6098.32,409.81
2018-07-09,14.43,3040.0,865.74,15.85,1350.0,713.46,80.44,13170.0,3620.02,15.65,870.0,704.45,18430.0,5903.67,405.56
2018-07-10,12.83,3160.0,769.96,17.23,1440.0,775.35,81.29,13020.0,3658.13,14.68,930.0,660.74,18550.0,5864.18,406.9
2018-07-11,13.37,3080.0,802.14,17.92,1230.0,806.6,80.08,13020.0,3603.8,15.84,900.0,712.85,18230.0,5925.39,402.59
2018-07-12,12.97,3120.0,778.07,14.93,1260.0,671.69,80.18,13170.0,3608.02,14.9,900.0,670.63,18450.0,5728.41,402.97
2018-07-13,13.14,3440.0,788.56,15.32,1350.0,689.38,82.71,12900.0,3721.95,14.49,990.0,651.85,18680.0,5851.73,408.86
2018-07-14,14.64,3600.0,878.53,16.31,1200.0,734.07,79.87,13320.0,3594.34,15.34,1050.0,690.41,19170.0,5897.34,417.79
2018-07-15,15.21,3400.0,912.64,14.76,1110.0,664.07,83.36,13080.0,3751.39,15.72,1230.0,707.49,18820.0,6035.58,414.26
2018-07-16,14.33,3200.0,859.71,13.38,1320.0,602.08,81.37,13440.0,3661.8,18.75,1350.0,843.59,19310.0,5967.18,421.29
2018-07-17,13.6,3080.0,815.74,15.87,1200.0,714.33,82.58,13350.0,3716.21,21.12,1200.0,950.43,18830.0,6196.71,417.11
2018-07-18,12.99,3000.0,779.22,14.29,1380.0,643.25,82.29,13050.0,3703.06,18.57,1080.0,835.43,18510.0,5960.96,407.85
2018-07-19,12.65,3240.0,759.03,17.52,1320.0,788.39,79.58,13560.0,3581.29,16.92,1200.0,761.62,19320.0,5890.33,420.17
2018-07-20,13.73,3160.0,823.53,16.89,1410.0,759.84,83.44,13350.0,3754.99,19.18,1200.0,863.06,19120.0,6201.41,422.02
2018-07-21,13.43,3120.0,806.0,17.85,1260.0,803.41,81.65,13650.0,3674.21,19.05,1080.0,857.28,19110.0,6140.9,420.85
2018-07-22,13.19,3080.0,791.44,15.78,1260.0,709.96,84.32,13680.0,3794.37,17.66,1140.0,794.84,19160.0,6090.61,420.84
2018-07-23,12.99,2880.0,779.35,15.65,1380.0,704.47,84.77,13260.0,3814.86,18.52,960.0,833.22,18480.0,6131.9,410.2
2018-07-24,12.14,3120.0,728.67,16.58,1500.0,746.29,81.27,13290.0,3657.32,15.96,1110.0,718.11,19020.0,5850.38,414.51
2018-07-25,13.14,3320.0,788.15,17.75,1800.0,798.93,82.61,13290.0,3717.48,18.35,900.0,825.54,19310.0,6130.1,424.0
2018-07-26,14.13,3160.0,847.72,21.62,1800.0,972.95,82.43,13110.0,3709.5,14.27,870.0,642.06,18940.0,6172.23,418.54
2018-07-27,13.43,3320.0,805.78,21.05,1500.0,947.08,81.47,13380.0,3666.2,14.15,930.0,636.62,19130.0,6055.67,419.76
2018-07-28,14.03,3680.0,842.05,17.92,1410.0,806.48,81.89,13620.0,3685.09,15.0,1140.0,675.16,19850.0,6008.77,430.98
2018-07-29,15.55,3760.0,933.12,16.16,1380.0,726.99,82.34,13590.0,3705.38,18.52,1140.0,833.23,19870.0,6198.71,434.48
2018-07-30,15.97,3600.0,957.99,15.59,1230.0,701.39,83.9,13200.0,3775.36,19.23,1080.0,865.25,19110.0,6299.99,423.5
2018-07-31,15.29,3800.0,917.7,14.06,1170.0,632.53,80.58,13230.0,3626.05,17.97,1200.0,808.59,19400.0,5984.87,423.08
2018-08-01,16.09,3800.0,965.49,13.86,1260.0,623.49,78.83,12570.0,3547.5,20.8,900.0,936.14,18530.0,6072.62,410.04
2018-08-02,16.08,3640.0,964.56,15.31,1290.0,688.84,74.77,12660.0,3364.79,15.43,960.0,694.26,18550.0,5712.45,404.37
2018-08-03,15.39,3520.0,923.16,15.5,1140.0,697.31,75.22,12960.0,3384.92,16.37,990.0,736.78,18610.0,5742.17,405.87
2018-08-04,14.98,3320.0,898.92,13.55,1350.0,609.82,77.48,13200.0,3486.77,17.17,960.0,772.8,18830.0,5768.31,409.97
2018-08-05,13.97,3480.0,838.16,16.34,1290.0,735.34,77.87,13020.0,3504.07,15.88,750.0,714.54,18540.0,5792.11,405.54
2018-08-06,14.65,3560.0,879.1,16.05,1350.0,722.32,77.04,12900.0,3466.97,12.41,840.0,558.47,18650.0,5626.87,404.61
2018-08-07,15.05,3640.0,902.95,16.45,1380.0,740.36,76.99,12990.0,3464.53,13.71,1020.0,616.79,19030.0,5724.64,412.58
2018-08-08,15.38,3480.0,922.77,17.1,1350.0,769.7,77.12,13020.0,3470.39,16.78,1020.0,755.21,18870.0,5918.06,413.13
2018-08-09,14.81,3400.0,888.44,16.44,1170.0,739.8,77.23,13020.0,3475.31,16.84,1110.0,757.92,18700.0,5861.47,409.36
2018-08-10,14.33,3600.0,859.92,14.22,1230.0,639.97,76.95,13170.0,3462.88,18.0,1170.0,810.04,19170.0,5772.81,415.71
2018-08-11,15.29,3720.0,917.5,14.73,1200.0,662.96,78.4,12840.0,3528.05,19.21,1080.0,864.65,18840.0,5973.16,413.55
2018-08-12,15.75,3640.0,945.01,14.67,1230.0,660.04,76.26,12900.0,3431.53,18.04,1140.0,811.85,18910.0,5848.43,412.64
2018-08-13,15.45,3400.0,927.23,15.16,1410.0,682.26,75.81,12930.0,3411.28,18.87,930.0,849.28,18670.0,5870.05,409.0
2018-08-14,14.36,3400.0,861.67,17.37,1470.0,781.65,76.61,13230.0,3447.26,15.78,960.0,710.08,19060.0,5800.66,414.34
2018-08-15,14.47,3440.0,868.16,18.31,1230.0,824.14,78.14,13260.0,3516.24,15.3,1020.0,688.38,18950.0,5896.92,414.12
2018-08-16,14.56,3720.0,873.55,15.88,1500.0,714.65,79.4,13620.0,3573.13,16.88,1140.0,759.7,19980.0,5921.02,431.68
2018-08-17,15.82,3560.0,949.14,18.94,1410.0,852.31,82.53,13350.0,3713.67,17.9,900.0,805.61,19220.0,6320.73,425.68
2018-08-18,15.0,3280.0,900.19,17.92,1500.0,806.36,80.87,13590.0,3638.96,14.11,870.0,635.11,19240.0,5980.61,420.34
2018-08-19,13.82,3280.0,829.05,19.04,1410.0,856.74,83.56,13380.0,3760.4,13.71,1110.0,617.11,19180.0,6063.29,420.72
2018-08-20,13.85,3200.0,830.9,17.48,1200.0,786.39,82.12,13140.0,3695.19,17.15,900.0,771.87,18440.0,6084.36,408.74
2018-08-21,13.54,3040.0,812.13,15.31,1290.0,689.07,80.8,13140.0,3636.13,14.77,870.0,664.85,18340.0,5802.17,402.37
2018-08-22,12.94,2960.0,776.21,17.13,1170.0,771.03,80.05,13320.0,3602.39,14.02,1020.0,630.71,18470.0,5780.35,404.17
2018-08-23,12.61,3000.0,756.54,14.9,1110.0,670.61,81.18,13170.0,3653.17,16.91,870.0,760.9,18150.0,5841.22,399.85
2018-08-24,12.68,2880.0,760.51,13.78,1350.0,620.0,81.2,12990.0,3654.13,14.48,990.0,651.78,18210.0,5686.42,398.27
2018-08-25,12.22,3240.0,733.34,16.55,1380.0,744.75,79.7,13110.0,3586.43,16.54,930.0,744.1,18660.0,5808.62,407.81
2018-08-26,13.71,3240.0,822.5,16.83,1350.0,757.25,79.77,13440.0,3589.59,15.37,960.0,691.51,18990.0,5860.84,414.18
2018-08-27,13.76,3280.0,825.46,16.05,1200.0,722.21,80.02,13230.0,3601.09,16.46,960.0,740.91,18670.0,5889.68,409.33
2018-08-28,13.8,3240.0,827.92,13.97,1050.0,628.66,78.55,12720.0,3534.76,16.17,1080.0,727.77,18090.0,5719.12,396.82
2018-08-29,13.66,3560.0,819.81,12.29,1020.0,553.27,77.09,13140.0,3468.98,17.68,1080.0,795.4,18800.0,5637.47,407.29
2018-08-30,15.07,3800.0,904.49,12.23,1230.0,550.37,81.52,13470.0,3668.44,17.41,1260.0,783.62,19760.0,5906.92,427.78
2018-08-31,16.08,3760.0,964.68,14.41,1140.0,648.23,82.74,13950.0,3723.34,20.02,1410.0,901.03,20260.0,6237.29,441.62
2018-09-01,15.9,3680.0,953.73,13.55,1380.0,609.87,99.37,13500.0,4471.43,22.5,1260.0,1012.33,19820.0,7047.36,447.79
2018-09-02,15.57,3560.0,934.47,16.24,1320.0,731.0,97.13,13200.0,4370.67,20.8,1260.0,935.81,19340.0,6971.96,438.53
2018-09-03,15.14,3560.0,908.32,16.01,1140.0,720.33,94.15,12840.0,4236.7,21.09,1350.0,949.09,18890.0,6814.45,428.41
2018-09-04,15.12,3960.0,906.91,13.76,1320.0,618.99,91.36,12660.0,4111.04,22.5,1050.0,1012.6,18990.0,6649.54,427.33
2018-09-05,16.79,4000.0,1007.32,15.95,1110.0,717.72,89.31,12810.0,4019.05,17.4,840.0,782.94,18760.0,6527.04,421.45
2018-09-06,16.99,3680.0,1019.63,13.52,1260.0,608.62,90.87,13140.0,4089.23,14.9,990.0,670.66,19070.0,6388.13,424.3
2018-09-07,15.64,3520.0,938.43,15.98,1230.0,719.04,93.56,13140.0,4210.2,17.38,1080.0,782.17,18970.0,6649.83,427.0
2018-09-08,14.85,3480.0,891.29,16.02,1380.0,720.84,91.94,13830.0,4137.28,18.05,1200.0,812.08,19890.0,6561.49,440.86
2018-09-09,14.71,3600.0,882.61,17.6,1590.0,791.81,97.69,13230.0,4396.13,18.63,1230.0,838.29,19650.0,6908.83,442.65
2018-09-10,15.27,4000.0,916.02,18.79,1770.0,845.58,92.55,12990.0,4164.8,19.23,1230.0,865.31,19990.0,6791.72,446.36
2018-09-11,16.91,3840.0,1014.89,22.19,1680.0,998.34,90.6,12750.0,4077.19,19.46,1260.0,875.85,19530.0,6966.28,441.6
2018-09-12,16.25,3720.0,975.12,20.52,1560.0,923.25,89.46,12360.0,4025.74,19.69,1110.0,886.25,18750.0,6810.37,426.01
2018-09-13,15.7,3480.0,942.09,18.57,1320.0,835.67,83.78,12180.0,3770.2,17.42,1110.0,783.83,18090.0,6331.79,407.03
2018-09-14,14.74,3400.0,884.17,16.39,1350.0,737.49,83.36,11940.0,3751.36,18.04,1260.0,811.93,17950.0,6184.95,402.25
2018-09-15,14.44,3600.0,866.54,16.94,1440.0,762.23,80.58,12600.0,3625.91,20.57,1230.0,925.56,18870.0,6180.24,417.5
2018-09-16,15.21,3440.0,912.83,17.8,1260.0,800.9,85.82,13080.0,3861.75,20.46,1440.0,920.86,19220.0,6496.35,428.61
2018-09-17,14.5,3320.0,870.03,15.83,1440.0,712.37,90.29,13080.0,4063.27,22.98,1230.0,1034.12,19070.0,6679.79,429.16
2018-09-18,14.08,3480.0,844.63,16.93,1380.0,761.97,90.38,13650.0,4066.91,19.71,1020.0,886.85,19530.0,6560.37,434.84
2018-09-19,14.74,3520.0,884.48,16.83,1290.0,757.47,95.3,12780.0,4288.71,16.53,1140.0,743.83,18730.0,6674.48,423.41
2018-09-20,14.95,3480.0,897.26,15.94,1290.0,717.27,88.94,12630.0,4002.41,18.88,1260.0,849.76,18660.0,6466.7,418.78
2018-09-21,14.79,3400.0,887.57,16.37,1500.0,736.78,88.35,12780.0,3975.91,21.41,1170.0,963.55,18850.0,6563.8,423.56
2018-09-22,14.32,3680.0,859.2,18.7,1290.0,841.53,89.3,12960.0,4018.39,18.81,1140.0,846.56,19070.0,6565.68,427.26
2018-09-23,15.62,3640.0,937.21,16.18,1290.0,728.09,90.61,12870.0,4077.62,18.4,1080.0,827.93,18880.0,6570.85,424.18
2018-09-24,15.35,3320.0,920.75,15.6,1350.0,701.91,90.55,12840.0,4074.7,17.15,1140.0,771.94,18650.0,6469.3,418.66
2018-09-25,14.1,3360.0,846.14,16.32,1410.0,734.59,90.38,12750.0,4067.29,18.4,1260.0,828.16,18780.0,6476.18,420.94
2018-09-26,14.25,3280.0,855.25,17.16,1470.0,772.39,88.34,13110.0,3975.4,20.6,1320.0,927.16,19180.0,6530.2,428.5
2018-09-27,13.87,3360.0,832.36,17.62,1530.0,793.01,89.52,13290.0,4028.33,21.64,1290.0,973.81,19470.0,6627.51,434.96
2018-09-28,14.23,3440.0,853.97,18.0,1620.0,810.16,90.95,12930.0,4092.97,20.51,1230.0,923.0,19220.0,6680.09,431.67
2018-09-29,14.53,3400.0,871.92,18.34,1560.0,825.24,87.8,13260.0,3950.82,21.19,1110.0,953.41,19330.0,6601.39,432.19
2018-09-30,14.44,3560.0,866.51,17.91,1620.0,805.77,88.8,13620.0,3995.86,19.14,990.0,861.46,19790.0,6529.6,438.66
2018-10-01,15.04,3440.0,902.66,18.56,1440.0,835.38,90.06,13740.0,4052.63,16.07,960.0,723.35,19580.0,6514.02,434.9
2018-10-02,14.53,3520.0,871.73,16.64,1320.0,748.96,91.56,13200.0,4120.19,15.88,930.0,714.56,18970.0,6455.45,423.76
2018-10-03,14.95,3720.0,896.83,16.01,1290.0,720.32,87.47,13590.0,3935.98,15.18,960.0,683.03,19560.0,6236.17,429.94
2018-10-04,15.8,3600.0,948.16,15.58,1230.0,700.98,89.88,13920.0,4044.5,15.18,1020.0,683.02,19770.0,6376.66,435.78
2018-10-05,15.16,3640.0,909.53,14.84,1560.0,667.94,91.63,13500.0,4123.17,15.66,1110.0,704.8,19810.0,6405.44,436.92
2018-10-06,15.47,3800.0,928.23,18.96,1380.0,853.23,87.62,13260.0,3942.81,17.54,840.0,789.1,19280.0,6513.38,429.89
2018-10-07,16.07,3720.0,964.09,16.11,1320.0,724.77,86.2,13350.0,3879.01,13.21,1110.0,594.23,19500.0,6162.1,427.7
2018-10-08,15.72,3440.0,943.08,16.26,1350.0,731.69,87.55,13470.0,3939.56,18.51,1140.0,832.91,19400.0,6447.23,430.79
2018-10-09,14.58,3720.0,874.84,17.3,1200.0,778.54,88.15,13170.0,3966.59,19.12,900.0,860.37,18990.0,6480.34,424.51
2018-10-10,15.67,3640.0,940.05,15.06,1230.0,677.86,85.14,13110.0,3831.24,15.0,840.0,674.79,18820.0,6123.94,415.73
2018-10-11,15.39,3680.0,923.11,15.82,1230.0,712.06,84.68,13200.0,3810.72,13.74,1110.0,618.36,19220.0,6064.25,421.4
2018-10-12,15.66,3360.0,939.51,16.03,1290.0,721.38,83.76,13320.0,3769.17,17.96,1350.0,808.05,19320.0,6238.11,425.97
2018-10-13,14.19,3560.0,851.56,16.01,1170.0,720.62,87.19,13380.0,3923.37,21.48,1110.0,966.56,19220.0,6462.12,428.04
2018-10-14,15.01,3680.0,900.39,14.21,1230.0,639.33,88.29,13230.0,3972.93,17.81,1410.0,801.65,19550.0,6314.31,431.07
2018-10-15,15.51,3600.0,930.8,14.9,1200.0,670.29,88.19,12840.0,3968.51,22.93,1020.0,1031.97,18660.0,6601.57,421.03
2018-10-16,15.26,3560.0,915.43,14.23,1380.0,640.49,86.28,12840.0,3882.58,16.77,1140.0,754.86,18920.0,6193.36,418.56
2018-10-17,15.04,3680.0,902.66,16.32,1380.0,734.29,85.17,12870.0,3832.61,19.17,1050.0,862.48,18980.0,6332.03,421.87
2018-10-18,15.54,3560.0,932.68,16.3,1830.0,733.37,85.18,13350.0,3832.98,18.05,1260.0,812.39,20000.0,6311.42,438.52
2018-10-19,15.11,3760.0,906.83,22.88,1950.0,1029.71,88.43,13050.0,3979.25,21.52,1080.0,968.38,19840.0,6884.17,445.4
2018-10-20,15.94,3800.0,956.47,24.45,1650.0,1100.05,86.53,12840.0,3893.85,18.22,960.0,820.02,19250.0,6770.39,433.67
2018-10-21,16.12,4000.0,967.22,19.59,1770.0,881.62,85.43,12570.0,3844.23,16.01,1350.0,720.34,19690.0,6413.4,435.06
2018-10-22,16.95,4120.0,1016.79,21.89,1590.0,985.04,83.64,12870.0,3763.63,22.8,1350.0,1026.03,19930.0,6791.48,445.36
2018-10-23,17.46,3920.0,1047.81,19.47,1500.0,876.37,85.63,12570.0,3853.3,22.56,1110.0,1015.27,19100.0,6792.75,431.55
2018-10-24,16.54,3800.0,992.31,19.15,1350.0,861.88,84.06,13290.0,3782.85,18.1,1140.0,814.45,19580.0,6451.48,433.86
2018-10-25,16.11,3680.0,966.52,16.99,1620.0,764.68,89.49,12930.0,4026.89,18.0,1110.0,810.16,19340.0,6568.26,431.8
2018-10-26,15.58,3600.0,934.95,19.99,1410.0,899.34,86.27,13650.0,3882.33,17.89,1020.0,804.9,19680.0,6521.51,436.69
2018-10-27,15.31,4000.0,918.87,17.17,1560.0,772.71,90.83,13500.0,4087.56,16.88,1110.0,759.57,20170.0,6538.71,445.15
2018-10-28,16.95,3880.0,1017.26,19.3,1530.0,868.71,89.92,13530.0,4046.39,17.51,990.0,787.88,19930.0,6720.23,444.17
2018-10-29,16.45,4120.0,987.25,18.51,1410.0,832.86,90.86,13290.0,4088.72,15.85,990.0,713.09,19810.0,6621.91,440.53
2018-10-30,17.39,4120.0,1043.58,17.68,1380.0,795.39,88.63,13440.0,3988.28,15.01,1230.0,675.55,20170.0,6502.8,444.55
2018-10-31,17.5,4240.0,1049.75,17.09,1260.0,769.24,91.49,13410.0,4117.16,18.63,1320.0,838.13,20230.0,6774.28,450.07
2018-11-01,17.92,4280.0,1075.18,15.83,1110.0,712.47,86.9,13440.0,3910.61,20.68,1410.0,930.45,20240.0,6628.71,447.81
2018-11-02,18.1,4040.0,1086.16,13.92,1290.0,626.31,86.16,13620.0,3877.12,22.47,1350.0,1010.95,20300.0,6600.54,448.34
2018-11-03,17.07,4040.0,1024.17,15.21,1350.0,684.61,88.3,13410.0,3973.72,21.41,1170.0,963.46,19970.0,6645.96,443.6
2018-11-04,17.06,3800.0,1023.46,16.99,1320.0,764.41,88.37,13770.0,3976.49,18.72,990.0,842.33,19880.0,6606.7,441.44
2018-11-05,16.03,3640.0,961.93,16.0,1500.0,719.81,90.66,13830.0,4079.79,15.51,870.0,698.05,19840.0,6459.57,438.33
2018-11-06,15.35,3640.0,920.97,18.82,1470.0,846.8,90.0,13890.0,4049.83,13.86,930.0,623.8,19930.0,6441.4,439.52
2018-11-07,15.46,3920.0,927.58,18.45,1680.0,830.42,89.5,13890.0,4027.45,15.16,1080.0,682.07,20570.0,6467.51,450.63
2018-11-08,16.57,4040.0,994.01,21.31,1440.0,958.82,89.14,14430.0,4011.37,17.12,930.0,770.34,20840.0,6734.55,459.58
2018-11-09,17.15,3760.0,1028.89,18.07,1380.0,812.96,92.75,14070.0,4173.9,14.79,1140.0,665.47,20350.0,6681.22,450.52
2018-11-10,15.94,3680.0,956.28,16.73,1320.0,752.64,88.7,13980.0,3991.32,18.34,1140.0,825.32,20120.0,6525.56,444.09
2018-11-11,15.61,3760.0,936.59,15.8,1320.0,711.03,88.36,14100.0,3976.35,18.14,1140.0,816.21,20320.0,6440.18,446.0
2018-11-12,15.85,3680.0,950.71,15.86,1200.0,713.7,88.16,13830.0,3967.1,18.05,1080.0,812.19,19790.0,6443.7,437.23
2018-11-13,15.53,3520.0,931.97,14.87,1560.0,669.04,87.44,13650.0,3934.73,17.37,840.0,781.87,19570.0,6317.6,431.46
2018-11-14,14.93,3400.0,896.08,20.05,1470.0,902.29,87.64,13710.0,3943.97,13.99,1050.0,629.69,19630.0,6372.03,433.37
2018-11-15,14.44,3400.0,866.27,18.82,1470.0,847.03,86.77,13890.0,3904.73,17.85,1170.0,803.42,19930.0,6421.45,439.19
2018-11-16,14.36,3200.0,861.82,19.18,1260.0,862.93,88.13,13470.0,3965.79,20.34,1230.0,915.27,19160.0,6605.81,429.43
2018-11-17,13.62,3080.0,817.5,16.53,1440.0,743.83,85.07,13770.0,3828.22,20.88,1230.0,939.56,19520.0,6329.11,430.82
2018-11-18,13.01,3400.0,780.68,18.23,1470.0,820.23,86.89,14070.0,3910.24,20.98,1200.0,943.92,20140.0,6455.07,443.25
2018-11-19,14.36,3480.0,861.82,17.64,1320.0,793.63,90.4,14070.0,4068.22,20.52,1080.0,923.27,19950.0,6646.95,443.28
2018-11-20,14.81,3520.0,888.6,15.89,1140.0,715.12,90.54,13710.0,4074.45,18.15,1050.0,816.73,19420.0,6494.9,431.92
2018-11-21,14.84,3840.0,890.53,13.66,1440.0,614.7,87.78,13860.0,3950.15,17.69,1080.0,795.89,20220.0,6251.27,441.19
2018-11-22,16.22,3680.0,973.4,17.37,1320.0,781.59,89.7,13830.0,4036.67,18.06,1140.0,812.66,19970.0,6604.32,442.91
2018-11-23,15.51,3480.0,930.5,15.71,1290.0,707.1,89.27,13560.0,4017.36,18.84,1020.0,847.62,19350.0,6502.57,430.88
2018-11-24,14.75,3560.0,884.7,15.56,1260.0,700.26,86.94,13860.0,3912.16,16.65,960.0,749.08,19640.0,6246.2,431.44
2018-11-25,15.13,3440.0,907.61,15.83,1380.0,712.51,89.29,13860.0,4017.9,16.04,870.0,721.64,19550.0,6359.67,431.83
2018-11-26,14.6,3240.0,875.85,17.14,1560.0,771.15,89.52,13680.0,4028.36,14.82,1080.0,666.81,19560.0,6342.17,431.7
2018-11-27,13.65,3760.0,818.99,20.58,1620.0,926.23,88.73,13980.0,3993.03,18.01,960.0,810.29,20320.0,6548.55,447.81
2018-11-28,15.91,4000.0,954.6,20.19,1590.0,908.5,91.87,13860.0,4134.22,16.18,1050.0,728.12,20500.0,6725.44,453.76
2018-11-29,16.94,3920.0,1016.46,20.22,1560.0,909.81,90.92,13650.0,4091.2,18.0,1260.0,809.93,20390.0,6827.4,453.62
2018-11-30,16.61,3840.0,996.74,19.65,1440.0,884.33,89.51,13350.0,4027.77,21.45,1290.0,965.35,19920.0,6874.2,446.57
2018-12-01,16.17,3800.0,970.21,17.12,1410.0,770.62,90.49,13350.0,4072.22,22.44,960.0,1009.7,19520.0,6822.75,439.05
2018-12-02,16.14,3680.0,968.48,17.59,1440.0,791.77,90.4,13380.0,4068.17,16.02,900.0,720.85,19400.0,6549.27,432.49
2018-12-03,15.61,3760.0,936.57,17.91,1260.0,805.89,89.79,12960.0,4040.72,15.17,960.0,682.46,18940.0,6465.64,423.43
2018-12-04,15.84,3600.0,950.69,15.73,1380.0,707.69,85.89,12930.0,3864.87,16.18,1140.0,727.98,19050.0,6251.23,421.69
2018-12-05,15.19,3560.0,911.64,17.05,1380.0,767.18,84.24,12900.0,3790.8,19.86,1350.0,893.57,19190.0,6363.19,425.89
2018-12-06,14.99,3560.0,899.51,16.62,1350.0,748.02,85.89,12810.0,3865.07,22.35,1080.0,1005.81,18800.0,6518.41,421.97
2018-12-07,14.99,3960.0,899.59,16.35,1470.0,735.74,85.08,12690.0,3828.59,17.07,1020.0,768.32,19140.0,6232.25,422.87
2018-12-08,16.69,3920.0,1001.24,17.1,1320.0,769.54,84.4,12750.0,3797.84,16.76,1260.0,754.21,19250.0,6322.83,426.21
2018-12-09,16.57,4040.0,994.26,15.48,1680.0,696.58,85.3,12630.0,3838.37,21.04,1260.0,946.92,19610.0,6476.13,434.77
2018-12-10,17.15,3920.0,1029.09,19.66,1380.0,884.56,83.6,12960.0,3761.91,20.56,930.0,925.12,19190.0,6600.68,429.84
2018-12-11,16.62,3760.0,997.08,15.95,1440.0,717.79,85.41,12570.0,3843.42,15.13,960.0,680.87,18730.0,6239.16,416.15
2018-12-12,15.84,3760.0,950.17,16.54,1320.0,744.44,81.8,12780.0,3681.11,15.66,930.0,704.63,18790.0,6080.36,414.51
2018-12-13,15.86,3760.0,951.83,15.85,1410.0,713.24,82.68,12750.0,3720.4,14.84,990.0,667.71,18910.0,6053.18,416.05
2018-12-14,15.89,4040.0,953.22,16.49,1260.0,742.19,81.83,12390.0,3682.38,16.05,1020.0,722.35,18710.0,6100.13,413.5
2018-12-15,17.09,3800.0,1025.47,14.74,1290.0,663.42,79.78,12630.0,3590.14,16.29,960.0,733.21,18680.0,6012.24,411.54
2018-12-16,16.06,3880.0,963.6,15.31,1230.0,688.82,82.04,13170.0,3691.77,16.1,870.0,724.42,19150.0,6068.61,420.31
2018-12-17,16.39,3800.0,983.3,14.66,1200.0,659.58,86.95,13260.0,3912.64,14.46,870.0,650.53,19130.0,6206.05,422.27
2018-12-18,16.15,3480.0,969.2,14.88,1380.0,669.79,88.23,13950.0,3970.29,14.2,870.0,639.09,19680.0,6248.37,432.14
2018-12-19,14.77,3640.0,886.38,17.37,1440.0,781.59,91.97,13560.0,4138.64,14.37,930.0,646.68,19570.0,6453.3,433.72
2018-12-20,15.49,3640.0,929.32,17.62,1470.0,793.12,89.72,13470.0,4037.22,16.15,990.0,726.68,19570.0,6486.33,434.27
2018-12-21,15.41,3400.0,924.35,18.63,1530.0,838.35,89.04,13770.0,4006.99,16.2,1080.0,728.87,19780.0,6498.57,437.98
2018-12-22,14.32,3480.0,859.28,18.83,1560.0,847.41,92.22,13920.0,4150.05,17.24,1020.0,775.85,19980.0,6632.6,443.54
2018-12-23,14.77,3480.0,886.49,19.79,1500.0,890.67,94.37,13710.0,4246.74,15.84,1110.0,712.64,19800.0,6736.55,442.28
2018-12-24,14.81,3640.0,888.78,19.19,1560.0,863.77,90.02,13530.0,4050.83,17.33,1230.0,780.07,19960.0,6583.44,442.39
2018-12-25,15.35,3640.0,921.15,19.24,1740.0,865.94,87.92,13860.0,3956.54,19.17,960.0,862.83,20200.0,6606.47,446.77
2018-12-26,15.46,3320.0,927.73,21.88,1620.0,984.54,89.41,14460.0,4023.36,15.31,840.0,689.12,20240.0,6624.75,447.75
2018-12-27,14.03,3400.0,841.77,19.31,1560.0,868.93,93.6,13830.0,4211.93,13.6,930.0,612.21,19720.0,6534.84,437.58
2018-12-28,14.36,3360.0,861.79,18.85,1680.0,848.22,90.52,13890.0,4073.29,15.67,720.0,705.22,19650.0,6488.52,435.64
2018-12-29,14.3,3560.0,858.1,21.11,1530.0,949.81,89.9,13590.0,4045.33,12.1,930.0,544.65,19610.0,6397.88,433.46
2018-12-30,15.1,3680.0,905.82,19.14,1410.0,861.44,88.45,13980.0,3980.05,15.42,1140.0,693.72,20210.0,6441.04,444.18
2018-12-31,15.59,3480.0,935.31,17.48,1470.0,786.76,90.81,14010.0,4086.55,19.92,1170.0,896.46,20130.0,6705.09,447.25
2019-01-01,14.81,3600.0,888.7,18.39,1500.0,827.43,89.69,14250.0,4035.83,20.0,1050.0,899.8,20400.0,6651.76,450.86
2019-01-02,15.18,3440.0,910.93,19.37,1530.0,871.45,91.43,14040.0,4114.23,18.23,990.0,820.23,20000.0,6716.83,445.28
2019-01-03,14.64,3480.0,878.61,19.11,1530.0,859.85,90.13,14190.0,4055.81,16.74,1080.0,753.27,20280.0,6547.54,447.13
2019-01-04,14.7,3640.0,882.23,18.6,1410.0,837.04,90.73,14040.0,4083.07,18.1,1050.0,814.47,20140.0,6616.8,445.95
2019-01-05,15.43,3720.0,925.87,16.7,1380.0,751.31,89.09,13770.0,4008.92,17.67,960.0,794.95,19830.0,6481.04,438.52
2019-01-06,15.7,4040.0,941.8,16.31,1530.0,734.0,87.28,13470.0,3927.59,15.6,840.0,702.05,19880.0,6305.44,436.42
2019-01-07,17.1,4280.0,1026.15,18.09,1530.0,813.96,87.35,14070.0,3930.54,13.52,1110.0,608.26,20990.0,6378.91,456.15
2019-01-08,18.1,4080.0,1086.06,17.75,1710.0,798.72,92.19,14310.0,4148.65,17.32,1170.0,779.53,21270.0,6812.95,468.05
2019-01-09,17.24,4120.0,1034.24,20.57,1470.0,925.78,93.49,14490.0,4207.18,18.34,1080.0,825.08,21160.0,6992.28,469.2
2019-01-10,17.37,4000.0,1041.99,17.81,1650.0,801.63,93.76,14220.0,4219.41,17.71,930.0,796.75,20800.0,6859.78,461.0
2019-01-11,16.97,3960.0,1017.95,20.19,1650.0,908.42,91.6,14130.0,4121.8,15.79,930.0,710.71,20670.0,6758.87,457.15
2019-01-12,16.8,4040.0,1008.14,20.88,1530.0,939.49,91.76,14010.0,4129.16,15.2,1170.0,683.88,20750.0,6760.67,458.51
2019-01-13,17.17,4160.0,1030.46,18.59,1500.0,836.59,90.87,13890.0,4089.22,19.17,1110.0,862.87,20660.0,6819.15,457.99
2019-01-14,17.65,4280.0,1059.16,17.84,1650.0,802.9,92.45,14160.0,4160.32,17.96,930.0,808.22,21020.0,6830.61,464.18
2019-01-15,18.05,4280.0,1083.01,19.8,1800.0,891.22,92.63,14160.0,4168.52,14.9,1110.0,670.35,21350.0,6813.11,469.39
2019-01-16,18.04,4320.0,1082.5,21.62,1710.0,973.09,91.66,14580.0,4124.63,17.83,1140.0,802.51,21750.0,6982.73,478.88
2019-01-17,18.2,4080.0,1092.23,20.57,1800.0,925.49,92.47,14130.0,4161.12,18.3,1140.0,823.46,21150.0,7002.3,469.21
2019-01-18,17.32,4000.0,1039.37,21.18,1890.0,953.09,89.04,14280.0,4006.94,17.5,1320.0,787.72,21490.0,6787.13,471.29
2019-01-19,16.93,4240.0,1015.78,22.83,1860.0,1027.26,89.81,14430.0,4041.63,20.82,1200.0,936.89,21730.0,7021.55,479.19
2019-01-20,17.96,4600.0,1077.44,21.79,1620.0,980.39,91.51,13770.0,4117.98,19.12,1230.0,860.48,21220.0,7036.29,470.94
2019-01-21,19.49,4320.0,1169.29,20.04,1770.0,901.75,88.11,13860.0,3964.99,19.36,1260.0,871.05,21210.0,6907.08,468.62
2019-01-22,18.22,4280.0,1093.23,22.47,1620.0,1011.36,89.21,14190.0,4014.49,20.97,1140.0,943.81,21230.0,7062.89,471.55
2019-01-23,18.18,3880.0,1090.99,20.43,1530.0,919.37,92.4,14310.0,4157.81,19.2,1500.0,863.8,21220.0,7031.97,470.87
2019-01-24,16.46,4080.0,987.55,18.33,1410.0,824.84,92.43,14040.0,4159.32,25.84,1290.0,1162.9,20820.0,7134.62,465.91
2019-01-25,17.23,4080.0,1033.68,16.66,1290.0,749.66,90.78,14400.0,4085.16,21.9,1080.0,985.34,20850.0,6853.83,461.73
2019-01-26,17.19,3960.0,1031.36,15.21,1230.0,684.54,91.04,14250.0,4097.02,18.49,1200.0,831.87,20640.0,6644.79,454.75
2019-01-27,16.82,3680.0,1009.12,14.34,1440.0,645.34,88.96,14640.0,4003.05,20.5,900.0,922.47,20660.0,6579.99,454.0
2019-01-28,15.49,3680.0,929.7,16.33,1830.0,735.07,92.54,14610.0,4164.46,15.45,780.0,695.39,20900.0,6524.61,457.08
2019-01-29,15.58,3840.0,934.83,21.45,1620.0,965.38,93.0,14700.0,4184.99,13.11,1050.0,589.81,21210.0,6675.01,464.75
2019-01-30,16.33,3840.0,979.72,20.12,1680.0,905.32,94.25,14520.0,4241.35,17.33,840.0,779.86,20880.0,6906.26,463.1
2019-01-31,16.27,3680.0,976.38,20.94,1740.0,942.27,95.19,14370.0,4283.56,13.98,870.0,629.12,20660.0,6831.33,458.19
2019-02-01,15.55,4200.0,932.98,20.57,1560.0,925.56,91.62,13980.0,4123.01,14.78,1200.0,664.91,20940.0,6646.46,459.77
2019-02-02,17.83,4240.0,1069.61,18.55,1560.0,834.91,88.46,13860.0,3980.57,18.94,1230.0,852.48,20890.0,6737.58,460.46
2019-02-03,18.03,4200.0,1081.52,19.08,1560.0,858.61,88.05,13620.0,3962.12,20.66,1050.0,929.74,20430.0,6831.99,454.37
2019-02-04,17.85,4040.0,1071.11,19.04,1710.0,856.58,86.8,13800.0,3905.93,17.8,810.0,801.05,20360.0,6634.66,449.91
2019-02-05,17.03,4000.0,1021.82,21.02,1620.0,945.87,88.38,13860.0,3976.94,13.78,1050.0,619.98,20530.0,6564.62,451.58
2019-02-06,16.86,4040.0,1011.36,19.89,1560.0,895.25,88.98,14280.0,4004.26,17.28,990.0,777.41,20870.0,6688.28,459.3
2019-02-07,17.05,4320.0,1022.98,18.62,1470.0,837.75,91.04,14550.0,4096.91,16.18,1080.0,728.24,21420.0,6685.88,468.43
2019-02-08,18.23,4240.0,1093.58,17.27,1590.0,777.24,91.77,14400.0,4129.43,17.96,1320.0,808.28,21550.0,6808.53,472.64
2019-02-09,18.02,3840.0,1081.12,18.2,1680.0,818.97,91.37,14730.0,4111.52,21.11,1350.0,950.13,21600.0,6961.73,476.03
2019-02-10,16.32,3880.0,979.35,19.47,1620.0,876.25,93.58,14640.0,4211.24,21.56,1050.0,970.19,21190.0,7037.03,470.45
2019-02-11,16.44,3720.0,986.23,18.91,1560.0,850.82,92.31,14640.0,4154.11,16.92,1020.0,761.58,20940.0,6752.74,461.55
2019-02-12,15.69,4080.0,941.16,18.23,1590.0,820.31,91.88,14970.0,4134.59,16.97,1080.0,763.84,21720.0,6659.9,473.0
2019-02-13,17.26,4200.0,1035.77,17.76,1410.0,799.41,94.96,14430.0,4273.39,16.68,1020.0,750.69,21060.0,6859.26,465.32
2019-02-14,17.73,3920.0,1063.58,15.62,1500.0,702.98,92.77,14220.0,4174.62,16.61,1080.0,747.58,20720.0,6688.75,456.81
2019-02-15,16.59,3800.0,995.25,17.21,1440.0,774.48,91.56,15030.0,4120.14,17.67,1140.0,795.31,21410.0,6685.17,468.25
2019-02-16,16.15,4040.0,968.97,16.8,1650.0,755.93,96.08,15180.0,4323.77,18.14,1290.0,816.49,22160.0,6865.16,483.75
2019-02-17,17.14,4000.0,1028.4,18.94,1650.0,852.11,96.47,15240.0,4340.99,21.26,1170.0,956.8,22060.0,7178.3,487.31
2019-02-18,16.95,3960.0,1016.82,20.16,1800.0,907.34,95.64,14970.0,4303.68,18.74,1260.0,843.37,21990.0,7071.21,484.35
2019-02-19,16.79,3760.0,1007.2,21.67,1890.0,975.0,94.63,14490.0,4258.57,21.43,1200.0,964.15,21340.0,7204.92,475.75
2019-02-20,15.98,3840.0,958.58,23.47,1680.0,1056.2,92.46,14490.0,4160.91,19.45,1050.0,875.14,21060.0,7050.83,468.51
2019-02-21,16.32,3840.0,979.13,20.66,1530.0,929.82,91.45,14520.0,4115.36,16.37,1050.0,736.79,20940.0,6761.11,461.69
2019-02-22,16.26,3960.0,975.89,18.84,1500.0,847.95,91.47,14550.0,4116.27,16.3,1110.0,733.57,21120.0,6673.69,463.23
2019-02-23,16.73,3720.0,1003.68,18.3,1680.0,823.48,92.1,14760.0,4144.66,17.35,1020.0,780.9,21180.0,6752.72,465.55
2019-02-24,15.76,3800.0,945.49,20.73,1500.0,932.78,92.9,14670.0,4180.41,16.49,1200.0,741.93,21170.0,6800.61,466.18
2019-02-25,16.14,3840.0,968.26,18.31,1290.0,823.85,95.19,14820.0,4283.48,19.27,930.0,867.13,20880.0,6942.72,463.71
2019-02-26,16.28,4160.0,977.02,15.81,1620.0,711.52,97.21,14370.0,4374.35,14.43,1080.0,649.18,21230.0,6712.08,465.7
2019-02-27,17.59,4080.0,1055.4,19.99,1350.0,899.59,93.12,14280.0,4190.25,16.49,1050.0,742.11,20760.0,6887.36,460.79
2019-02-28,17.32,4240.0,1039.25,16.33,1440.0,734.83,93.11,14010.0,4189.88,15.77,1200.0,709.67,20890.0,6673.63,459.39
2019-03-01,17.94,4120.0,1076.62,18.26,1320.0,821.8,90.17,13530.0,4057.78,19.89,1200.0,895.26,20170.0,6851.46,450.36
2019-03-02,17.45,4240.0,1046.72,16.58,1380.0,746.25,86.04,13860.0,3871.99,19.91,1290.0,896.08,20770.0,6561.03,455.52
2019-03-03,17.88,4160.0,1072.67,17.9,1410.0,805.71,90.3,13830.0,4063.43,21.65,1050.0,974.26,20450.0,6916.08,456.1
2019-03-04,17.56,4080.0,1053.6,17.95,1560.0,807.87,89.31,13500.0,4018.95,17.42,1080.0,783.95,20220.0,6664.37,448.07
2019-03-05,17.3,4080.0,1037.75,20.48,1710.0,921.81,86.01,13470.0,3870.45,18.12,1020.0,815.43,20280.0,6645.44,448.76
2019-03-06,17.25,4000.0,1034.75,21.41,1620.0,963.33,84.24,13620.0,3790.95,17.14,990.0,771.44,20230.0,6560.47,446.51
2019-03-07,16.87,4040.0,1011.93,19.73,1440.0,887.96,85.7,13770.0,3856.69,16.86,1140.0,758.71,20390.0,6515.29,448.42
2019-03-08,17.06,3920.0,1023.46,17.55,1200.0,789.93,85.81,13170.0,3861.31,19.69,1020.0,886.19,19310.0,6560.88,431.18
2019-03-09,16.54,3920.0,992.4,14.79,1380.0,665.53,81.51,13290.0,3667.73,17.5,1260.0,787.53,19850.0,6113.18,432.72
2019-03-10,16.62,4040.0,997.07,17.36,1560.0,781.06,83.43,13740.0,3754.23,20.68,1260.0,930.44,20600.0,6462.8,451.05
2019-03-11,17.02,4120.0,1021.27,19.4,1680.0,873.07,85.8,14460.0,3861.17,20.84,1020.0,937.83,21280.0,6693.34,466.22
2019-03-12,17.36,4120.0,1041.37,20.74,1710.0,933.13,89.89,14820.0,4045.18,17.26,870.0,776.84,21520.0,6796.52,471.94
2019-03-13,17.47,4160.0,1047.91,22.02,1770.0,990.81,92.57,14220.0,4165.54,14.79,720.0,665.46,20870.0,6869.72,462.33
2019-03-14,17.56,4360.0,1053.34,22.1,1500.0,994.31,88.32,14400.0,3974.4,12.32,1050.0,554.23,21310.0,6576.28,464.77
2019-03-15,18.48,4040.0,1108.65,18.76,1590.0,844.22,90.07,14610.0,4052.97,17.7,1230.0,796.45,21470.0,6802.27,471.2
2019-03-16,17.04,4000.0,1022.53,19.41,1530.0,873.26,89.36,14130.0,4021.38,20.36,1500.0,916.04,21160.0,6833.22,466.55
2019-03-17,16.87,3920.0,1011.95,18.44,1410.0,829.62,87.15,13950.0,3921.76,24.2,1170.0,1088.79,20450.0,6852.12,455.04
2019-03-18,16.55,3800.0,992.99,17.41,1440.0,783.53,85.05,14400.0,3827.3,18.83,1230.0,847.37,20870.0,6451.19,455.35
2019-03-19,16.12,3840.0,967.09,17.34,1440.0,780.14,89.03,14490.0,4006.29,20.22,1110.0,909.99,20880.0,6663.51,459.06
2019-03-20,16.27,4240.0,976.05,17.98,1380.0,809.27,89.45,14910.0,4025.27,18.51,1260.0,833.1,21790.0,6643.68,473.89
2019-03-21,17.92,4120.0,1074.91,16.75,1410.0,753.53,93.87,14730.0,4224.16,21.42,1230.0,963.77,21490.0,7016.38,475.11
2019-03-22,17.42,3960.0,1045.3,16.96,1470.0,763.15,92.23,15150.0,4150.4,20.04,1200.0,901.84,21780.0,6860.69,477.34
2019-03-23,16.84,4200.0,1010.54,17.63,1560.0,793.56,94.5,15450.0,4252.39,19.17,1080.0,862.43,22290.0,6918.93,486.82
2019-03-24,17.72,4280.0,1062.93,18.57,1590.0,835.76,96.56,15480.0,4345.18,16.84,1080.0,757.94,22430.0,7001.81,490.53
2019-03-25,18.1,4280.0,1086.14,18.49,1590.0,832.04,95.36,15030.0,4291.09,17.01,1200.0,765.54,22100.0,6974.81,484.58
2019-03-26,18.08,4240.0,1085.1,19.08,1380.0,858.53,92.68,14820.0,4170.44,18.62,1530.0,837.77,21970.0,6951.84,482.03
2019-03-27,17.9,4240.0,1074.08,16.52,1170.0,743.23,91.02,14670.0,4096.09,23.74,1110.0,1068.37,21190.0,6981.77,469.53
2019-03-28,17.92,4120.0,1075.08,13.45,1110.0,605.09,91.18,14460.0,4102.99,17.3,1290.0,778.35,20980.0,6561.51,459.03
2019-03-29,17.42,3880.0,1045.44,13.39,1080.0,602.76,88.55,14160.0,3984.53,20.21,1170.0,909.34,20290.0,6542.06,447.2
2019-03-30,16.51,3760.0,990.34,13.15,1470.0,591.95,86.64,14190.0,3898.66,18.59,1230.0,836.53,20650.0,6317.49,449.46
2019-03-31,15.91,3600.0,954.73,18.01,1770.0,810.5,86.91,14190.0,3910.86,19.97,1050.0,898.5,20610.0,6574.59,453.08
2019-04-01,15.25,3440.0,914.99,21.97,1620.0,988.72,80.97,14370.0,3643.57,16.96,1050.0,763.26,20480.0,6310.54,446.51
2019-04-02,14.53,3760.0,871.82,20.84,1830.0,937.71,82.62,14010.0,3718.09,16.66,1050.0,749.78,20650.0,6277.41,448.79
2019-04-03,15.96,3680.0,957.86,22.49,1410.0,1011.85,80.81,13800.0,3636.31,16.53,840.0,743.77,19730.0,6349.78,434.66
2019-04-04,15.63,3760.0,937.9,18.63,1530.0,838.56,79.66,13860.0,3584.54,13.4,840.0,602.98,19990.0,5963.99,432.57
2019-04-05,15.86,3720.0,951.8,19.7,1380.0,886.66,78.73,13800.0,3542.72,13.4,1050.0,603.09,19950.0,5984.26,432.24
2019-04-06,15.72,3480.0,943.03,17.52,1290.0,788.6,78.77,13860.0,3544.59,17.26,1170.0,776.57,19800.0,6052.79,430.88
2019-04-07,14.75,3440.0,884.96,16.44,1650.0,739.84,80.14,13680.0,3606.2,19.23,1170.0,865.41,19940.0,6096.4,433.94
2019-04-08,14.62,3280.0,877.35,21.39,1320.0,962.65,79.94,13710.0,3597.14,19.0,1110.0,854.88,19420.0,6292.03,428.53
2019-04-09,13.84,3400.0,830.39,16.68,1320.0,750.78,79.79,14610.0,3590.57,18.12,870.0,815.27,20200.0,5987.01,436.45
2019-04-10,14.37,3480.0,862.49,16.07,1260.0,723.2,84.64,14280.0,3808.71,14.88,810.0,669.47,19830.0,6063.86,431.56
2019-04-11,14.65,3520.0,879.0,15.32,1200.0,689.51,84.31,14310.0,3793.93,14.06,780.0,632.77,19810.0,5995.21,430.09
2019-04-12,14.88,3680.0,892.71,15.14,1410.0,681.09,82.55,14370.0,3714.81,13.56,1050.0,610.07,20510.0,5898.68,440.14
2019-04-13,15.58,3800.0,934.58,17.21,1470.0,774.26,83.56,13860.0,3760.32,18.19,1170.0,818.6,20300.0,6287.77,443.13
2019-04-14,16.16,3720.0,969.36,18.25,1260.0,821.42,80.83,14190.0,3637.53,19.77,960.0,889.64,20130.0,6317.95,440.8
2019-04-15,15.79,3600.0,947.46,15.49,1410.0,696.95,82.91,14010.0,3731.06,16.62,930.0,747.85,19950.0,6123.32,434.56
2019-04-16,15.32,3480.0,919.11,16.98,1440.0,764.13,82.82,14100.0,3727.0,15.79,900.0,710.52,19920.0,6120.75,434.01
2019-04-17,14.76,3440.0,885.4,17.99,1380.0,809.4,82.26,13650.0,3701.58,15.05,900.0,677.16,19370.0,6073.54,424.06
2019-04-18,14.63,3600.0,877.71,17.11,1260.0,769.83,79.46,13500.0,3575.72,15.03,1020.0,676.33,19380.0,5899.59,421.33
2019-04-19,15.2,3840.0,911.96,15.13,1260.0,680.71,78.02,13710.0,3510.71,16.6,990.0,747.21,19800.0,5850.59,427.51
2019-04-20,16.18,3760.0,970.88,15.5,1320.0,697.46,77.84,13980.0,3502.94,16.53,1110.0,744.02,20170.0,5915.31,434.76
2019-04-21,15.98,3800.0,958.88,16.25,1380.0,731.4,80.19,14310.0,3608.39,18.42,1110.0,828.92,20600.0,6127.59,445.46
2019-04-22,16.15,3920.0,969.23,16.27,1470.0,732.22,81.13,14250.0,3650.7,18.61,1020.0,837.23,20660.0,6189.38,447.49
2019-04-23,16.64,3720.0,998.14,17.11,1620.0,770.02,82.63,14220.0,3718.13,16.46,1140.0,740.5,20700.0,6226.8,448.78
2019-04-24,15.68,3920.0,940.89,19.11,1680.0,859.99,82.65,14430.0,3719.03,18.63,1080.0,838.16,21110.0,6358.07,457.8
2019-04-25,16.58,3840.0,994.92,19.86,1500.0,893.68,82.78,14160.0,3725.25,17.42,1110.0,784.1,20610.0,6397.95,450.13
2019-04-26,16.31,3520.0,978.85,17.6,1410.0,792.09,81.12,14490.0,3650.45,18.23,960.0,820.53,20380.0,6241.92,443.7
2019-04-27,14.91,3280.0,894.39,17.17,1500.0,772.86,83.13,14580.0,3740.87,15.25,870.0,686.14,20230.0,6094.27,438.74
2019-04-28,13.91,3280.0,834.4,18.03,1770.0,811.17,85.24,15180.0,3836.0,13.94,1140.0,627.48,21370.0,6109.04,457.98
2019-04-29,13.92,3440.0,835.34,21.96,1500.0,988.31,88.31,14670.0,3973.89,17.78,1080.0,800.14,20690.0,6597.68,454.79
2019-04-30,14.61,3520.0,876.76,18.42,1170.0,829.04,83.84,14430.0,3773.0,17.34,960.0,780.32,20080.0,6259.12,438.99
2019-05-01,14.85,3480.0,890.86,14.01,1080.0,630.3,77.77,14730.0,3499.7,15.3,840.0,688.62,20130.0,5709.48,430.66
2019-05-02,14.7,3520.0,882.25,12.6,1350.0,567.17,78.43,14670.0,3529.39,13.91,900.0,625.82,20440.0,5604.62,434.08
2019-05-03,14.92,3440.0,895.41,16.24,1260.0,730.66,78.9,14700.0,3550.32,15.17,750.0,682.57,20150.0,5858.96,433.48
2019-05-04,14.6,3520.0,875.87,15.08,1470.0,678.43,76.99,14730.0,3464.61,12.65,720.0,569.47,20440.0,5588.38,433.81
2019-05-05,14.84,3480.0,890.11,17.78,1650.0,800.1,76.69,14670.0,3450.95,12.05,780.0,542.47,20580.0,5683.64,437.73
2019-05-06,14.69,3840.0,881.63,20.16,1470.0,907.15,76.76,14700.0,3454.15,13.65,780.0,614.03,20790.0,5856.95,444.12
2019-05-07,16.27,3520.0,976.16,18.16,1380.0,817.42,77.1,14700.0,3469.67,13.52,720.0,608.34,20320.0,5871.59,436.53
2019-05-08,14.87,3440.0,892.16,17.32,1470.0,779.44,76.22,14970.0,3429.83,12.87,690.0,579.07,20570.0,5680.5,437.51
2019-05-09,14.55,3480.0,873.17,18.92,1440.0,851.49,78.38,14310.0,3526.91,12.12,750.0,545.38,19980.0,5796.95,429.62
2019-05-10,14.8,3560.0,887.87,17.98,1170.0,808.92,74.45,14640.0,3350.1,12.94,810.0,582.35,20180.0,5629.24,430.15
2019-05-11,15.0,3360.0,900.08,14.67,1260.0,660.06,76.03,14070.0,3421.25,13.99,720.0,629.44,19410.0,5610.84,417.01
2019-05-12,14.15,3360.0,849.28,15.32,1110.0,689.36,72.85,13500.0,3278.39,12.24,720.0,551.02,18690.0,5368.05,400.97
2019-05-13,14.3,3480.0,857.87,13.49,1080.0,607.23,70.03,13410.0,3151.4,12.42,720.0,559.05,18690.0,5175.55,397.76
2019-05-14,14.76,3600.0,885.32,13.01,1020.0,585.26,71.04,13740.0,3196.61,11.88,960.0,534.72,19320.0,5201.91,408.7
2019-05-15,15.3,3560.0,918.28,12.25,1230.0,551.45,72.65,13740.0,3269.28,15.89,930.0,714.9,19460.0,5453.91,415.23
2019-05-16,15.08,3440.0,905.02,13.78,1200.0,620.15,72.97,13500.0,3283.56,15.85,990.0,713.25,19130.0,5521.98,410.87
2019-05-17,14.56,3680.0,873.7,13.59,1140.0,611.39,72.06,13650.0,3242.53,16.85,750.0,758.39,19220.0,5486.01,411.77
2019-05-18,15.65,3760.0,939.1,13.6,1170.0,611.79,71.95,14070.0,3237.68,12.61,510.0,567.33,19510.0,5355.9,414.43
2019-05-19,15.88,3840.0,952.8,13.67,1380.0,615.26,75.61,14430.0,3402.64,8.21,690.0,369.37,20340.0,5340.07,428.0
2019-05-20,16.24,3760.0,974.33,16.14,1260.0,726.26,76.76,14370.0,3454.21,11.59,570.0,521.74,19960.0,5676.54,427.28
2019-05-21,15.86,3800.0,951.59,14.99,1530.0,674.43,76.91,13680.0,3460.99,9.1,810.0,409.66,19820.0,5496.68,421.94
2019-05-22,16.05,3520.0,963.17,17.68,1260.0,795.58,70.2,13740.0,3158.89,13.1,810.0,589.67,19330.0,5507.32,413.96
2019-05-23,14.86,3520.0,891.53,14.73,1020.0,663.03,72.52,13980.0,3263.3,12.67,840.0,570.28,19360.0,5388.15,412.47
2019-05-24,14.88,3480.0,892.96,11.99,1020.0,539.61,73.48,14310.0,3306.61,13.42,1020.0,603.72,19830.0,5342.9,419.55
2019-05-25,14.73,3400.0,884.0,11.81,1200.0,531.32,76.55,14340.0,3444.85,16.28,870.0,732.39,19810.0,5592.56,423.38
2019-05-26,14.44,3160.0,866.39,14.0,1230.0,630.01,76.97,13860.0,3463.71,14.01,750.0,630.56,19000.0,5590.67,409.84
2019-05-27,13.35,3320.0,800.97,14.43,1170.0,649.36,73.18,14340.0,3293.18,11.9,840.0,535.59,19670.0,5279.11,415.82
2019-05-28,13.97,3360.0,838.06,13.8,1110.0,620.91,76.55,14370.0,3444.86,13.57,870.0,610.72,19710.0,5514.55,420.41
2019-05-29,14.14,3400.0,848.54,12.6,1110.0,566.85,75.45,14250.0,3395.41,13.95,810.0,627.56,19570.0,5438.36,416.81
2019-05-30,14.46,3280.0,867.41,12.6,1170.0,566.99,72.88,14190.0,3279.73,13.08,840.0,588.55,19480.0,5302.68,413.04
2019-05-31,13.87,3280.0,832.3,13.6,990.0,612.1,72.95,14250.0,3282.79,13.41,750.0,603.62,19270.0,5330.8,410.01
2019-06-01,13.89,2920.0,833.6,11.47,1020.0,516.01,77.8,14040.0,3501.2,13.05,630.0,587.04,18610.0,5437.85,400.8
2019-06-02,12.39,2920.0,743.26,12.42,1110.0,558.78,77.76,14280.0,3499.03,11.12,870.0,500.19,19180.0,5301.27,408.02
2019-06-03,12.32,3000.0,739.32,13.34,1050.0,600.18,80.13,14460.0,3605.8,15.18,840.0,683.0,19350.0,5628.31,416.31
2019-06-04,12.78,3080.0,766.53,12.92,1230.0,581.26,80.45,14340.0,3620.43,14.64,960.0,658.58,19610.0,5626.79,420.61
2019-06-05,12.98,3280.0,778.97,14.9,1230.0,670.57,80.51,13980.0,3622.75,15.7,1020.0,706.57,19510.0,5778.85,421.48
2019-06-06,13.83,3200.0,829.93,15.14,1530.0,681.44,77.39,14370.0,3482.76,16.33,960.0,734.86,20060.0,5728.99,429.82
2019-06-07,13.52,3200.0,811.32,18.65,1410.0,839.47,81.2,14340.0,3654.02,15.99,960.0,719.46,19910.0,6024.27,432.24
2019-06-08,13.6,3280.0,816.18,17.44,1530.0,784.63,80.7,14340.0,3631.64,15.41,1050.0,693.39,20200.0,5925.83,435.43
2019-06-09,13.84,3560.0,830.37,19.15,1440.0,861.88,80.4,14100.0,3618.05,16.71,930.0,752.02,20030.0,6062.32,434.87
2019-06-10,15.05,3520.0,903.1,18.46,1200.0,830.78,78.99,14520.0,3554.66,14.57,870.0,655.84,20110.0,5944.38,434.24
2019-06-11,14.87,3560.0,892.42,15.32,1290.0,689.31,81.74,14190.0,3678.09,13.82,810.0,622.0,19850.0,5881.82,428.86
2019-06-12,15.06,3360.0,903.86,16.76,1290.0,754.4,79.88,14730.0,3594.4,12.88,900.0,579.81,20280.0,5832.47,435.21
2019-06-13,14.21,3360.0,852.42,16.55,1140.0,744.81,82.4,14220.0,3707.8,14.32,990.0,644.42,19710.0,5949.45,427.66
2019-06-14,14.17,3320.0,850.32,14.76,1140.0,664.34,79.86,13950.0,3593.67,15.46,960.0,695.85,19370.0,5804.18,419.57
2019-06-15,13.97,3240.0,838.41,14.43,1140.0,649.55,78.29,13650.0,3523.03,15.69,930.0,706.26,18960.0,5717.25,411.29
2019-06-16,13.64,3000.0,818.36,14.35,1350.0,645.85,78.19,13710.0,3518.41,15.16,870.0,682.08,18930.0,5664.71,409.91
2019-06-17,12.68,3000.0,761.08,16.59,1350.0,746.44,80.22,13590.0,3609.86,14.87,1020.0,669.09,18960.0,5786.47,412.44
2019-06-18,12.74,3320.0,764.28,16.85,1500.0,758.35,77.93,13770.0,3506.81,17.25,1020.0,776.33,19610.0,5805.77,423.6
2019-06-19,13.97,3600.0,838.05,18.28,1230.0,822.79,79.68,13560.0,3585.77,16.87,930.0,759.07,19320.0,6005.68,422.09
2019-06-20,15.16,3600.0,909.48,14.94,1200.0,672.2,77.01,13320.0,3465.28,15.48,900.0,696.65,19020.0,5743.62,412.73
2019-06-21,15.3,3760.0,918.04,14.2,1170.0,638.94,75.96,13650.0,3418.06,15.18,1020.0,683.21,19600.0,5658.26,420.97
2019-06-22,15.93,3920.0,955.62,13.99,1260.0,629.73,78.27,14070.0,3522.19,17.04,930.0,766.95,20180.0,5874.48,434.24
2019-06-23,16.62,4080.0,996.99,15.15,1200.0,681.72,79.37,14280.0,3571.68,15.62,1140.0,703.06,20700.0,5953.45,444.22
2019-06-24,17.19,4000.0,1031.36,14.59,1170.0,656.55,79.07,14490.0,3557.95,19.43,1050.0,874.46,20710.0,6120.32,447.17
2019-06-25,16.99,3920.0,1019.28,14.11,1380.0,634.8,80.68,14400.0,3630.59,16.77,990.0,754.66,20690.0,6039.33,445.49
2019-06-26,16.65,3840.0,999.08,16.33,1470.0,734.65,81.86,14100.0,3683.71,16.28,870.0,732.61,20280.0,6150.05,440.5
2019-06-27,16.2,4000.0,972.15,17.47,1590.0,786.12,79.07,13920.0,3558.26,14.66,840.0,659.9,20350.0,5976.43,438.77
2019-06-28,16.85,3920.0,1010.73,18.96,1440.0,852.99,77.99,13680.0,3509.4,14.01,750.0,630.64,19790.0,6003.76,429.9
2019-06-29,16.53,4040.0,991.98,17.14,1380.0,771.29,75.36,14010.0,3391.39,12.25,690.0,551.11,20120.0,5705.77,430.43
2019-06-30,17.12,3800.0,1027.2,16.05,1410.0,722.23,77.22,13800.0,3474.86,11.2,660.0,504.08,19670.0,5728.36,423.31
2019-07-01,16.08,3720.0,965.03,16.14,1440.0,726.18,80.39,14070.0,3617.64,11.05,810.0,497.11,20040.0,5805.97,430.77
2019-07-02,15.73,3520.0,943.86,16.43,1410.0,739.55,81.83,13920.0,3682.19,13.7,870.0,616.53,19720.0,5982.14,428.37
2019-07-03,14.93,3360.0,895.81,16.14,1350.0,726.21,81.11,13860.0,3649.87,14.37,750.0,646.43,19320.0,5918.33,420.64
2019-07-04,14.26,3120.0,855.88,15.51,1380.0,698.13,80.49,13680.0,3622.0,12.3,780.0,553.38,18960.0,5729.39,411.49
2019-07-05,13.2,3040.0,792.25,15.72,1440.0,707.23,79.17,13860.0,3562.85,13.28,720.0,597.4,19060.0,5659.72,412.0
2019-07-06,12.83,3240.0,769.86,16.59,1560.0,746.71,80.8,14100.0,3635.84,12.04,810.0,541.63,19710.0,5694.04,423.4
2019-07-07,13.71,3240.0,822.36,18.22,1290.0,819.85,82.51,13890.0,3712.73,13.02,960.0,586.0,19380.0,5940.94,422.02
2019-07-08,13.76,3160.0,825.35,14.96,1380.0,673.05,80.43,13620.0,3619.18,15.73,900.0,707.94,19060.0,5825.52,414.76
2019-07-09,13.46,3360.0,807.51,16.35,1350.0,735.72,79.91,13440.0,3595.82,15.12,1140.0,680.41,19290.0,5819.47,418.49
2019-07-10,14.23,3120.0,853.65,16.18,1320.0,728.24,79.48,13530.0,3576.44,18.12,1170.0,815.51,19140.0,5973.84,418.56
2019-07-11,13.17,3120.0,790.39,16.27,1320.0,732.04,81.17,13680.0,3652.85,18.95,990.0,852.75,19110.0,6028.03,418.97
2019-07-12,13.14,3080.0,788.63,16.56,1440.0,745.02,82.31,13830.0,3703.75,16.11,1110.0,724.96,19460.0,5962.36,423.71
2019-07-13,13.12,3200.0,787.17,17.61,1470.0,792.62,83.6,14070.0,3761.87,17.81,990.0,801.24,19730.0,6142.9,431.21
2019-07-14,13.61,3280.0,816.43,18.04,1290.0,811.58,85.11,14190.0,3830.16,16.37,1170.0,736.43,19930.0,6194.6,435.41
2019-07-15,13.84,3320.0,830.58,15.91,1290.0,715.87,87.25,14010.0,3926.07,20.03,780.0,901.36,19400.0,6373.88,429.56
2019-07-16,14.04,3080.0,842.33,15.89,1320.0,715.19,86.7,14220.0,3901.59,13.53,990.0,608.75,19610.0,6067.86,427.96
2019-07-17,13.02,3080.0,780.99,16.16,1260.0,727.07,87.45,14190.0,3935.24,16.26,1110.0,731.77,19640.0,6175.07,430.25
2019-07-18,13.01,3200.0,780.82,15.28,1410.0,687.64,86.84,13920.0,3908.0,17.65,1260.0,794.29,19790.0,6170.74,432.68
2019-07-19,13.52,3160.0,811.16,17.14,1230.0,771.1,85.72,13470.0,3857.51,20.54,1200.0,924.15,19060.0,6363.92,423.73
2019-07-20,13.43,3120.0,805.88,14.64,1290.0,658.9,81.81,13290.0,3681.6,21.05,1110.0,947.29,18810.0,6093.67,415.06
2019-07-21,13.19,3720.0,791.34,15.79,1440.0,710.49,81.57,13020.0,3670.52,17.91,1290.0,806.09,19470.0,5978.44,424.14
2019-07-22,15.7,3880.0,941.79,17.6,1290.0,791.9,79.21,12690.0,3564.63,20.51,1110.0,923.07,18970.0,6221.4,419.86
2019-07-23,16.43,3680.0,985.5,15.48,1200.0,696.51,76.22,12780.0,3429.84,17.13,1020.0,770.95,18680.0,5882.81,409.38
2019-07-24,15.51,3920.0,930.4,14.68,1320.0,660.61,76.5,13710.0,3442.56,15.97,1170.0,718.64,20120.0,5752.21,431.2
2019-07-25,16.61,3960.0,996.36,16.23,1320.0,730.3,81.79,13710.0,3680.6,18.07,1200.0,813.24,20190.0,6220.49,440.17
2019-07-26,16.84,3640.0,1010.52,16.76,1320.0,754.39,81.73,13710.0,3677.91,18.63,1110.0,838.53,19780.0,6281.34,434.36
2019-07-27,15.35,3480.0,920.7,16.38,1470.0,737.3,82.08,13230.0,3693.71,18.15,990.0,816.94,19170.0,6168.65,422.31
2019-07-28,14.78,3360.0,886.72,18.24,1350.0,820.66,79.83,13380.0,3592.53,16.35,1080.0,735.61,19170.0,6035.51,420.09
2019-07-29,14.14,3360.0,848.34,16.57,1320.0,745.76,80.75,13200.0,3633.73,17.95,1020.0,807.86,18900.0,6035.69,415.59
2019-07-30,14.28,3400.0,857.09,15.84,1440.0,712.6,79.83,12870.0,3592.13,17.01,1050.0,765.23,18760.0,5927.05,411.45
2019-07-31,14.41,3800.0,864.35,17.35,1470.0,780.87,77.54,12750.0,3489.41,17.74,840.0,798.49,18860.0,5933.12,413.22
2019-08-01,16.03,3680.0,961.81,18.08,1350.0,813.74,74.68,13020.0,3360.45,14.31,840.0,644.0,18890.0,5780.0,411.17
2019-08-02,15.52,3720.0,931.03,17.3,1260.0,778.44,75.64,13260.0,3403.8,13.95,1080.0,627.88,19320.0,5741.15,417.69
2019-08-03,15.77,3600.0,946.09,15.99,1380.0,719.44,76.27,13650.0,3432.04,17.84,870.0,802.86,19500.0,5900.43,423.34
2019-08-04,15.3,3720.0,917.97,17.39,1410.0,782.35,77.26,14070.0,3476.6,14.41,870.0,648.59,20070.0,5825.51,431.59
2019-08-05,15.76,3800.0,945.4,16.97,1440.0,763.54,79.35,13440.0,3570.81,14.69,1080.0,660.83,19760.0,5940.58,428.34
2019-08-06,16.14,3680.0,968.19,16.99,1380.0,764.46,75.14,13620.0,3381.19,17.97,900.0,808.46,19580.0,5922.31,425.04
2019-08-07,15.61,3520.0,936.33,16.28,1320.0,732.39,76.38,13710.0,3437.22,14.42,870.0,648.92,19420.0,5754.87,419.58
2019-08-08,14.83,3560.0,889.55,15.85,1290.0,713.09,75.75,13770.0,3408.88,14.08,930.0,633.63,19550.0,5645.15,419.92
2019-08-09,15.02,3440.0,901.47,15.43,1410.0,694.57,76.96,13590.0,3463.24,14.77,810.0,664.76,19250.0,5724.05,416.23
2019-08-10,14.51,3520.0,870.75,17.0,1140.0,765.15,76.61,13500.0,3447.41,13.05,780.0,587.03,18940.0,5670.33,410.17
2019-08-11,14.93,3440.0,896.02,13.47,1380.0,606.09,76.4,13830.0,3437.98,12.52,900.0,563.23,19550.0,5503.32,417.56
2019-08-12,14.61,3320.0,876.38,15.7,1410.0,706.51,77.11,13560.0,3469.86,14.13,990.0,635.92,19280.0,5688.67,416.14
2019-08-13,14.0,3080.0,839.74,16.16,1230.0,727.19,74.31,14010.0,3343.9,15.74,900.0,708.08,19220.0,5618.92,413.98
2019-08-14,12.98,3040.0,778.84,14.23,1050.0,640.47,76.37,14040.0,3436.85,14.7,1050.0,661.63,19180.0,5517.79,411.63
2019-08-15,12.81,2960.0,768.88,12.12,1020.0,545.24,76.25,13890.0,3431.36,17.14,1050.0,771.2,18920.0,5516.68,407.28
2019-08-16,12.51,2840.0,750.45,12.32,1170.0,554.53,76.59,14100.0,3446.75,17.3,900.0,778.48,19010.0,5530.21,409.0
2019-08-17,12.08,3160.0,724.98,13.86,1050.0,623.66,78.65,14010.0,3539.17,14.74,1050.0,663.52,19270.0,5551.32,413.69
2019-08-18,13.42,3240.0,805.4,12.56,1290.0,565.34,77.28,13830.0,3477.55,16.89,990.0,759.85,19350.0,5608.15,415.97
2019-08-19,13.69,3400.0,821.41,15.34,1350.0,690.46,77.43,14160.0,3484.14,16.31,780.0,733.85,19690.0,5729.86,423.66
2019-08-20,14.42,3280.0,865.19,16.78,1290.0,755.23,79.11,14460.0,3560.13,12.63,810.0,568.34,19840.0,5748.9,426.48
2019-08-21,13.84,3200.0,830.45,15.65,1260.0,704.16,80.02,14700.0,3601.02,13.55,720.0,609.79,19880.0,5745.42,427.09
2019-08-22,13.53,3200.0,811.75,15.38,1140.0,691.9,80.15,14700.0,3606.66,11.9,810.0,535.66,19850.0,5645.97,424.93
2019-08-23,13.61,3280.0,816.54,14.3,1020.0,643.58,80.15,14790.0,3606.55,13.23,750.0,595.56,19840.0,5662.23,425.04
2019-08-24,13.84,3360.0,830.67,12.93,1230.0,581.81,80.04,14790.0,3601.88,12.21,1110.0,549.41,20490.0,5563.77,434.23
2019-08-25,14.21,3440.0,852.56,15.71,1200.0,706.83,80.28,14730.0,3612.62,19.31,780.0,869.04,20150.0,6041.05,436.52
2019-08-26,14.51,3480.0,870.75,14.97,1320.0,673.47,80.51,15060.0,3623.05,13.93,750.0,626.84,20610.0,5794.11,440.07
2019-08-27,14.76,3960.0,885.86,16.15,1290.0,726.76,82.41,15270.0,3708.38,13.24,660.0,595.9,21180.0,5916.9,451.62
2019-08-28,16.84,4160.0,1010.15,16.13,1380.0,725.96,85.64,15060.0,3853.6,11.31,660.0,508.74,21260.0,6098.45,455.97
2019-08-29,17.54,4240.0,1052.45,16.98,1380.0,764.16,83.66,15150.0,3764.69,10.86,780.0,488.86,21550.0,6070.16,460.34
2019-08-30,17.96,3920.0,1077.43,16.63,1260.0,748.31,84.66,14820.0,3809.89,12.84,690.0,577.89,20690.0,6213.52,448.39
2019-08-31,16.61,3800.0,996.6,14.75,1230.0,663.87,81.45,14820.0,3665.04,11.73,930.0,527.77,20780.0,5853.28,443.89
2019-09-01,16.0,3960.0,959.93,14.38,1380.0,647.11,100.29,14730.0,4512.86,15.06,990.0,677.65,21060.0,6797.55,464.29
2019-09-02,16.68,3960.0,1000.57,15.68,1170.0,705.6,101.19,14340.0,4553.48,16.07,1020.0,723.04,20490.0,6982.69,457.88
2019-09-03,16.73,4040.0,1003.86,13.49,1260.0,607.22,98.4,13680.0,4428.06,16.58,930.0,746.15,19910.0,6785.3,444.92
2019-09-04,17.12,3840.0,1026.91,15.01,1320.0,675.67,93.6,13620.0,4211.83,15.26,900.0,686.82,19680.0,6601.22,438.02
2019-09-05,16.25,3440.0,974.95,16.58,1740.0,746.24,91.63,13470.0,4123.14,14.75,1110.0,663.82,19760.0,6508.15,437.8
2019-09-06,14.51,3200.0,870.84,21.54,1530.0,969.35,88.96,13410.0,4003.39,17.21,1140.0,774.67,19280.0,6618.25,431.64
2019-09-07,13.58,3040.0,814.83,19.15,1590.0,861.63,87.49,13890.0,3936.93,18.08,1140.0,813.77,19660.0,6427.16,434.79
2019-09-08,12.81,3280.0,768.3,20.26,1410.0,911.49,92.67,14010.0,4170.12,18.13,1020.0,815.81,19720.0,6665.72,439.76
2019-09-09,13.85,3400.0,831.23,17.63,1320.0,793.22,91.73,13950.0,4127.66,16.56,930.0,745.25,19600.0,6497.35,434.96
2019-09-10,14.39,3600.0,863.19,16.09,1470.0,723.98,91.76,13530.0,4129.19,15.02,780.0,676.01,19380.0,6392.37,429.54
2019-09-11,15.17,3560.0,910.05,17.35,1470.0,780.94,88.48,13260.0,3981.44,13.22,690.0,594.99,18980.0,6267.42,420.79
2019-09-12,15.14,3640.0,908.35,18.16,1500.0,817.21,85.68,12990.0,3855.41,11.69,840.0,526.13,18970.0,6107.1,417.95
2019-09-13,15.45,3600.0,927.25,18.23,1590.0,820.5,83.65,13050.0,3764.13,13.72,960.0,617.48,19200.0,6129.35,422.16
2019-09-14,15.21,3440.0,912.48,19.1,1560.0,859.47,83.86,13560.0,3773.6,15.86,1110.0,713.81,19670.0,6259.37,432.16
2019-09-15,14.5,3240.0,869.74,19.25,1860.0,866.33,87.25,14130.0,3926.31,17.97,1140.0,808.87,20370.0,6471.26,447.35
2019-09-16,13.73,3440.0,824.07,21.82,1800.0,981.94,91.14,13710.0,4101.31,18.2,1050.0,818.99,20000.0,6726.31,445.44
2019-09-17,14.63,3400.0,877.56,21.13,1530.0,950.74,86.35,13710.0,3885.85,16.78,870.0,755.24,19510.0,6469.38,432.99
2019-09-18,14.35,3160.0,861.04,17.99,1590.0,809.68,85.99,13770.0,3869.39,13.86,810.0,623.59,19330.0,6163.7,424.9
2019-09-19,13.44,3160.0,806.69,18.78,1620.0,844.99,87.46,13800.0,3935.91,12.94,1020.0,582.25,19600.0,6169.84,429.5
2019-09-20,13.37,3280.0,802.17,18.27,1740.0,822.19,87.96,13770.0,3958.19,16.83,1110.0,757.46,19900.0,6340.0,437.33
2019-09-21,13.81,3280.0,828.89,19.95,1710.0,897.89,87.18,13980.0,3923.01,18.88,1020.0,849.47,19990.0,6499.26,441.49
2019-09-22,13.85,3160.0,830.77,20.11,1530.0,905.02,88.0,13650.0,3960.13,17.73,1200.0,798.04,19540.0,6493.96,433.9
2019-09-23,13.36,3160.0,801.86,18.53,1290.0,833.94,87.34,14130.0,3930.3,20.48,1170.0,921.47,19750.0,6487.56,437.29
2019-09-24,13.3,3040.0,798.16,16.2,1350.0,728.83,90.42,14400.0,4068.84,20.16,1230.0,907.2,20020.0,6503.03,442.05
2019-09-25,12.91,3240.0,774.77,16.52,1470.0,743.37,92.08,14430.0,4143.58,20.55,1140.0,924.76,20280.0,6586.48,447.77
2019-09-26,13.77,3400.0,826.44,17.51,1320.0,787.74,92.96,13800.0,4183.07,18.43,1290.0,829.21,19810.0,6626.47,440.61
2019-09-27,14.32,3360.0,859.21,15.92,1260.0,716.18,89.93,14280.0,4046.91,21.36,1290.0,961.33,20190.0,6583.63,446.23
2019-09-28,14.27,3480.0,855.96,15.38,1410.0,692.31,92.8,14040.0,4176.06,22.02,1500.0,991.01,20430.0,6715.34,452.42
2019-09-29,14.73,3240.0,883.73,16.92,1380.0,761.4,93.37,13890.0,4201.58,25.45,1290.0,1145.08,19800.0,6991.79,446.53
2019-09-30,13.76,3320.0,825.54,16.61,1470.0,747.4,90.95,13980.0,4092.77,21.83,1350.0,982.48,20120.0,6648.19,446.14
2019-10-01,13.97,3600.0,838.14,17.89,1440.0,804.99,86.33,14010.0,3884.87,22.32,990.0,1004.52,20040.0,6532.52,442.88
2019-10-02,15.16,3720.0,909.56,17.46,1230.0,785.58,86.6,14040.0,3896.79,16.63,960.0,748.49,19950.0,6340.43,438.17
2019-10-03,15.81,3920.0,948.58,15.06,1140.0,677.76,85.72,13980.0,3857.62,16.11,810.0,724.85,19850.0,6208.81,434.31
2019-10-04,16.52,3760.0,991.14,14.17,1140.0,637.52,87.19,13800.0,3923.52,14.28,930.0,642.68,19630.0,6194.87,430.41
2019-10-05,15.92,3600.0,955.4,14.06,1290.0,632.48,84.65,13800.0,3809.35,16.34,900.0,735.21,19590.0,6132.44,428.71
2019-10-06,15.26,3800.0,915.54,15.93,1380.0,716.97,87.76,13410.0,3949.26,15.98,1050.0,719.32,19640.0,6301.1,432.35
2019-10-07,16.06,3680.0,963.7,17.2,1200.0,773.86,84.17,13470.0,3787.72,17.72,1170.0,797.52,19520.0,6322.79,430.71
2019-10-08,15.54,3720.0,932.6,14.72,1380.0,662.47,84.67,13680.0,3810.29,19.96,1350.0,898.07,20130.0,6303.44,440.56
2019-10-09,15.79,3520.0,947.4,17.42,1320.0,783.99,86.39,13860.0,3887.33,23.39,1260.0,1052.42,19960.0,6671.14,443.85
2019-10-10,14.98,3480.0,898.74,16.73,1440.0,752.64,89.66,14370.0,4034.56,21.65,1320.0,974.29,20610.0,6660.23,454.5
2019-10-11,14.81,3240.0,888.8,18.18,1380.0,818.18,93.67,14610.0,4215.36,22.53,1200.0,1013.7,20430.0,6936.03,456.1
2019-10-12,13.66,3200.0,819.59,17.38,1530.0,782.3,94.64,14760.0,4258.79,20.11,1020.0,905.05,20510.0,6765.73,454.6
2019-10-13,13.55,3160.0,812.89,19.33,1440.0,869.78,94.82,14790.0,4266.96,17.53,1170.0,788.8,20560.0,6738.43,454.97
2019-10-14,13.46,3280.0,807.32,18.01,1590.0,810.66,95.51,14730.0,4298.03,19.37,1260.0,871.82,20860.0,6787.83,460.8
2019-10-15,13.89,3280.0,833.17,20.31,1530.0,913.97,93.88,14460.0,4224.39,20.4,1140.0,918.07,20410.0,6889.6,454.99
2019-10-16,13.91,3400.0,834.32,19.23,1380.0,865.56,91.37,14580.0,4111.75,18.72,1170.0,842.62,20530.0,6654.25,453.07
2019-10-17,14.43,3440.0,865.76,17.79,1320.0,800.58,92.66,14220.0,4169.69,19.2,1050.0,864.1,20030.0,6700.12,445.5
2019-10-18,14.53,3600.0,871.56,16.61,1290.0,747.55,90.08,14190.0,4053.73,17.14,990.0,771.41,20070.0,6444.25,441.9
2019-10-19,15.28,3880.0,917.0,16.33,1380.0,734.85,91.62,14130.0,4123.1,15.7,990.0,706.68,20380.0,6481.64,447.69
2019-10-20,16.42,3960.0,985.23,17.34,1320.0,780.45,90.15,13650.0,4056.69,16.03,930.0,721.54,19860.0,6543.91,440.07
2019-10-21,16.69,3680.0,1001.27,16.51,1530.0,743.07,86.56,13620.0,3895.35,15.33,870.0,689.84,19700.0,6329.54,433.83
2019-10-22,15.56,3680.0,933.34,19.28,1590.0,867.48,86.39,13170.0,3887.38,14.17,1140.0,637.73,19580.0,6325.92,431.77
2019-10-23,15.63,3520.0,937.85,19.74,1620.0,888.23,84.21,12930.0,3789.56,18.63,870.0,838.32,18940.0,6453.96,423.23
2019-10-24,14.85,3600.0,890.81,19.6,1350.0,881.82,81.28,12570.0,3657.45,14.15,1050.0,636.59,18570.0,6066.67,410.61
2019-10-25,15.21,3880.0,912.68,15.89,1440.0,715.25,78.17,13020.0,3517.53,17.08,1140.0,768.73,19480.0,5914.19,423.24
2019-10-26,16.36,3720.0,981.64,17.21,1590.0,774.43,81.0,13140.0,3644.92,18.13,1110.0,815.65,19560.0,6216.64,429.61
2019-10-27,15.79,3840.0,947.5,18.55,1530.0,834.83,80.82,13350.0,3637.11,17.69,1170.0,795.94,19890.0,6215.38,435.09
2019-10-28,16.33,3720.0,980.09,18.43,1560.0,829.27,82.56,13110.0,3715.09,19.05,1020.0,857.37,19410.0,6381.82,429.86
2019-10-29,15.77,3680.0,946.22,18.54,1380.0,834.31,80.58,13410.0,3626.29,16.83,1020.0,757.44,19490.0,6164.26,427.57
2019-10-30,15.64,3760.0,938.39,16.09,1230.0,723.9,82.74,13170.0,3723.41,16.88,1140.0,759.47,19300.0,6145.16,424.09
2019-10-31,15.87,3920.0,952.21,14.43,1320.0,649.37,81.73,13560.0,3677.84,18.79,1080.0,845.33,19880.0,6124.75,433.41
2019-11-01,16.57,4040.0,994.16,15.66,1440.0,704.56,89.92,13500.0,4046.27,17.87,1080.0,803.97,20060.0,6548.96,443.48
2019-11-02,17.15,4240.0,1029.01,17.62,1380.0,792.89,89.43,13110.0,4024.32,17.87,1020.0,804.22,19750.0,6650.44,440.01
2019-11-03,17.97,4080.0,1078.27,17.15,1530.0,771.73,86.13,13380.0,3875.95,17.22,1110.0,774.78,20100.0,6500.73,443.35
2019-11-04,17.3,4040.0,1037.93,18.92,1560.0,851.45,89.55,13590.0,4029.84,18.25,900.0,821.18,20090.0,6740.41,447.17
2019-11-05,17.08,4280.0,1024.74,19.21,1560.0,864.45,90.91,13710.0,4090.95,15.35,1110.0,690.96,20660.0,6671.09,455.52
2019-11-06,18.08,4120.0,1084.88,19.48,1560.0,876.45,93.8,13680.0,4220.78,18.83,1050.0,847.31,20410.0,7029.43,457.32
2019-11-07,17.39,3800.0,1043.43,18.42,1470.0,828.86,92.8,13740.0,4176.19,18.0,1020.0,809.79,20030.0,6858.27,448.14
2019-11-08,16.14,3640.0,968.35,17.47,1560.0,786.35,91.23,14160.0,4105.33,17.38,960.0,782.24,20320.0,6642.27,449.37
2019-11-09,15.44,3760.0,926.31,18.79,1500.0,845.63,92.28,13890.0,4152.57,16.23,870.0,730.23,20020.0,6654.75,444.58
2019-11-10,15.87,3880.0,952.33,18.69,1590.0,840.92,92.07,14070.0,4143.01,15.09,930.0,679.04,20470.0,6615.29,451.42
2019-11-11,16.4,3880.0,984.1,19.07,1500.0,858.31,92.7,14010.0,4171.29,15.63,930.0,703.23,20320.0,6716.93,450.62
2019-11-12,16.5,3520.0,990.18,18.66,1500.0,839.65,92.04,14100.0,4141.93,15.61,990.0,702.51,20110.0,6674.27,446.4
2019-11-13,14.89,3440.0,893.65,17.97,1440.0,808.43,94.07,13860.0,4233.14,16.76,900.0,754.19,19640.0,6689.4,438.82
2019-11-14,14.57,3680.0,874.41,17.62,1410.0,792.81,92.23,13440.0,4150.2,14.87,1380.0,669.1,19910.0,6486.52,439.94
2019-11-15,15.49,3520.0,929.53,16.85,1440.0,758.22,90.06,13890.0,4052.72,22.23,1170.0,1000.51,20020.0,6740.99,446.02
2019-11-16,14.9,3560.0,894.06,17.02,1290.0,766.01,91.45,13950.0,4115.3,19.54,1320.0,879.51,20120.0,6654.88,446.25
2019-11-17,15.09,3400.0,905.22,15.66,1500.0,704.7,92.71,13200.0,4172.08,21.11,1380.0,950.03,19480.0,6732.04,436.87
2019-11-18,14.4,3280.0,863.71,17.71,1560.0,797.03,88.12,13320.0,3965.2,22.29,1050.0,1002.92,19210.0,6628.85,430.65
2019-11-19,13.82,3240.0,829.22,19.04,1710.0,857.01,87.1,13440.0,3919.65,16.61,1140.0,747.28,19530.0,6353.15,431.39
2019-11-20,13.68,3320.0,820.89,20.3,1440.0,913.51,88.55,13320.0,3984.9,18.06,1320.0,812.66,19400.0,6531.96,432.2
2019-11-21,14.07,3160.0,844.44,17.32,1650.0,779.28,88.65,13590.0,3989.22,20.87,1350.0,939.07,19750.0,6552.01,438.37
2019-11-22,13.38,3440.0,803.05,19.77,1500.0,889.72,90.48,12840.0,4071.79,21.09,1110.0,949.27,18890.0,6713.84,426.73
2019-11-23,14.5,3680.0,870.26,17.87,1470.0,804.32,85.59,13260.0,3851.77,17.31,1350.0,779.01,19760.0,6305.35,434.42
2019-11-24,15.6,3920.0,936.24,17.86,1530.0,803.89,87.41,13740.0,3933.62,21.44,1290.0,964.99,20480.0,6638.74,451.98
2019-11-25,16.52,4120.0,991.05,18.65,1530.0,839.3,90.44,13410.0,4069.68,21.2,1200.0,954.15,20260.0,6854.18,451.9
2019-11-26,17.45,3920.0,1046.74,19.11,1680.0,859.85,88.95,13500.0,4002.9,20.1,990.0,904.45,20090.0,6813.94,448.4
2019-11-27,16.52,3800.0,991.43,20.49,1740.0,921.91,89.6,13440.0,4031.92,16.53,1200.0,744.05,20180.0,6689.3,447.82
2019-11-28,16.1,3640.0,965.79,19.55,1620.0,879.63,88.89,13350.0,4000.25,20.79,1020.0,935.38,19630.0,6781.04,440.18
2019-11-29,15.4,3640.0,924.18,18.29,1560.0,822.89,88.65,13590.0,3989.03,17.37,990.0,781.75,19780.0,6517.85,438.3
2019-11-30,15.33,4000.0,920.08,17.23,1380.0,775.45,88.49,13530.0,3982.17,17.01,1050.0,765.23,19960.0,6442.92,440.05
2019-12-01,16.97,4200.0,1018.26,16.07,1530.0,723.13,85.12,13170.0,3830.29,17.82,930.0,801.91,19830.0,6373.59,436.73
2019-12-02,17.82,4240.0,1069.35,18.2,1560.0,818.85,83.27,13440.0,3747.11,15.91,1050.0,715.75,20290.0,6351.06,444.02
2019-12-03,18.02,4280.0,1081.31,18.34,1650.0,825.09,85.39,13920.0,3842.36,17.58,1050.0,791.13,20900.0,6539.9,457.33
2019-12-04,18.19,4240.0,1091.24,19.09,1680.0,859.27,89.57,13530.0,4030.46,17.34,1080.0,780.32,20530.0,6761.3,454.85
2019-12-05,17.99,4120.0,1079.18,19.47,1680.0,876.12,86.92,13560.0,3911.45,17.87,1320.0,804.16,20680.0,6670.91,455.85
2019-12-06,17.48,3840.0,1048.85,19.53,1860.0,878.8,87.43,13440.0,3934.56,20.96,990.0,943.14,20130.0,6805.35,448.92
2019-12-07,16.21,3680.0,972.86,21.64,1770.0,973.85,87.31,13170.0,3928.99,15.87,870.0,713.93,19490.0,6589.62,434.66
2019-12-08,15.5,3760.0,930.05,20.83,1620.0,937.42,84.29,12750.0,3793.07,13.83,1110.0,622.36,19240.0,6282.9,425.38
2019-12-09,15.92,3480.0,955.44,19.5,1770.0,877.52,81.59,13230.0,3671.43,17.48,1290.0,786.82,19770.0,6291.21,434.35
2019-12-10,14.75,3800.0,885.1,21.75,1860.0,978.72,83.51,12930.0,3757.86,21.09,1110.0,949.16,19700.0,6570.84,437.85
2019-12-11,16.15,3720.0,968.89,23.37,1830.0,1051.79,81.22,12780.0,3654.7,18.3,1380.0,823.39,19710.0,6498.78,436.81
2019-12-12,15.78,3920.0,947.07,22.62,1590.0,1018.01,80.61,13560.0,3627.27,22.5,1260.0,1012.52,20330.0,6604.87,448.91
2019-12-13,16.67,4000.0,1000.05,19.73,1410.0,887.64,86.14,13620.0,3876.13,20.12,1260.0,905.5,20290.0,6669.32,449.32
2019-12-14,16.89,3960.0,1013.58,17.5,1320.0,787.3,85.61,14280.0,3852.38,20.75,1230.0,933.76,20790.0,6587.03,456.28
2019-12-15,16.74,3880.0,1004.51,15.91,1440.0,716.03,91.51,13710.0,4118.01,20.86,1290.0,938.58,20320.0,6777.13,451.62
2019-12-16,16.45,4000.0,986.82,17.71,1260.0,797.07,87.77,13470.0,3949.79,22.45,1410.0,1010.24,20140.0,6743.91,448.07
2019-12-17,16.88,4080.0,1012.75,15.85,1290.0,713.33,86.83,14010.0,3907.31,24.57,1350.0,1105.77,20730.0,6739.16,457.82
2019-12-18,17.24,4120.0,1034.29,16.1,1200.0,724.34,90.04,14520.0,4051.84,23.28,1500.0,1047.52,21340.0,6857.99,469.97
2019-12-19,17.37,3800.0,1042.03,14.87,1320.0,669.21,93.08,14790.0,4188.78,25.19,1380.0,1133.58,21290.0,7033.61,472.06
2019-12-20,16.12,3760.0,967.2,16.24,1350.0,730.95,94.93,14340.0,4271.95,23.95,1200.0,1077.74,20650.0,7047.84,461.63
2019-12-21,15.93,3720.0,955.82,16.95,1500.0,762.85,93.96,13890.0,4228.07,21.09,1140.0,949.25,20250.0,6895.99,452.43
2019-12-22,15.77,3760.0,946.37,18.94,1410.0,852.09,91.61,14100.0,4122.4,20.05,1170.0,902.13,20440.0,6822.98,454.38
2019-12-23,15.98,3760.0,958.84,18.23,1710.0,820.34,91.48,13800.0,4116.61,20.14,1080.0,906.42,20350.0,6802.2,452.54
2019-12-24,15.98,3800.0,959.03,21.61,1470.0,972.54,88.47,13320.0,3981.14,18.36,1050.0,826.19,19640.0,6738.9,439.65
2019-12-25,16.16,3840.0,969.35,18.64,1230.0,838.7,86.83,13440.0,3907.4,17.34,960.0,780.32,19470.0,6495.78,432.76
2019-12-26,16.3,3880.0,977.93,15.22,1320.0,685.09,87.63,13680.0,3943.5,16.26,1110.0,731.64,19990.0,6338.16,438.8
2019-12-27,16.42,3880.0,985.05,16.28,1290.0,732.6,89.01,14490.0,4005.3,18.71,1050.0,841.76,20710.0,6564.71,454.58
2019-12-28,16.35,3960.0,980.81,16.19,1440.0,728.66,94.6,14820.0,4257.03,18.05,930.0,812.14,21150.0,6778.64,465.48
2019-12-29,16.8,3720.0,1007.76,18.04,1410.0,812.01,95.85,14640.0,4313.16,16.35,930.0,735.54,20700.0,6868.46,459.47
2019-12-30,15.81,3680.0,948.89,17.63,1410.0,793.14,94.26,14130.0,4241.89,16.24,960.0,730.74,20180.0,6714.66,448.24
2019-12-31,15.51,3360.0,930.45,17.8,1380.0,800.81,89.17,14670.0,4012.46,16.56,1170.0,745.41,20580.0,6489.14,451.15
2020-01-01,14.24,3760.0,854.19,16.91,1260.0,760.96,105.73,17220.0,4757.63,20.37,1110.0,916.87,23350.0,7289.65,510.66
2020-01-02,15.89,3760.0,953.37,15.62,1110.0,703.01,99.61,16800.0,4482.37,18.46,990.0,830.56,22660.0,6969.31,493.82
2020-01-03,15.91,3560.0,954.49,13.88,1080.0,624.47,96.69,16230.0,4351.21,16.19,840.0,728.33,21710.0,6658.5,472.81
2020-01-04,15.08,3240.0,904.63,13.58,990.0,610.95,93.05,16440.0,4187.45,13.41,840.0,603.41,21510.0,6306.44,463.61
2020-01-05,13.71,3360.0,822.59,12.07,1050.0,543.12,94.36,16080.0,4246.23,13.32,930.0,599.3,21420.0,6211.23,460.52
2020-01-06,14.27,3200.0,856.01,12.77,1170.0,574.71,93.91,15540.0,4225.81,15.27,750.0,686.95,20660.0,6343.48,450.06
2020-01-07,13.54,3360.0,812.67,14.71,1290.0,661.86,89.69,16020.0,4036.19,12.9,1020.0,580.5,21690.0,6091.22,463.02
2020-01-08,14.3,3760.0,857.93,16.01,1320.0,720.5,91.95,15750.0,4137.74,17.34,930.0,780.15,21760.0,6496.32,470.94
2020-01-09,15.94,4080.0,956.47,16.6,1530.0,746.88,90.61,16020.0,4077.57,15.58,750.0,701.24,22380.0,6482.16,481.04
2020-01-10,17.31,3960.0,1038.33,18.76,1290.0,844.39,92.21,16410.0,4149.5,12.98,720.0,584.1,22380.0,6616.32,483.27
2020-01-11,16.75,3640.0,1004.75,15.89,1260.0,714.87,95.05,16260.0,4277.42,12.15,720.0,546.83,21880.0,6543.88,473.73
2020-01-12,15.43,3960.0,926.07,15.65,1050.0,704.46,94.89,16140.0,4270.23,12.24,870.0,550.63,22020.0,6451.4,474.52
2020-01-13,16.72,3720.0,1002.92,13.56,1110.0,609.98,94.86,16140.0,4268.6,14.74,900.0,663.08,21870.0,6544.57,473.58
2020-01-14,15.75,3800.0,944.86,14.17,1350.0,637.49,95.33,16200.0,4290.07,15.81,1110.0,711.27,22460.0,6583.69,484.06
2020-01-15,16.13,3800.0,967.74,17.13,1320.0,770.78,94.68,15720.0,4260.52,18.4,900.0,827.88,21740.0,6826.92,476.12
2020-01-16,16.11,3680.0,966.43,17.33,1380.0,779.65,91.27,15210.0,4107.26,15.7,870.0,706.48,21140.0,6559.83,461.66
2020-01-17,15.58,3480.0,934.87,18.0,1380.0,809.94,89.64,15120.0,4033.72,14.93,960.0,672.0,20940.0,6450.53,456.51
2020-01-18,14.81,3600.0,888.33,17.67,1590.0,795.34,88.88,15180.0,3999.49,15.69,960.0,706.11,21330.0,6389.28,461.99
2020-01-19,15.18,3560.0,910.63,19.95,1560.0,897.56,88.42,15330.0,3979.08,15.77,870.0,709.67,21320.0,6496.93,463.62
2020-01-20,15.15,3640.0,908.83,19.17,1380.0,862.84,90.82,15540.0,4086.82,13.87,870.0,624.07,21430.0,6482.56,465.21
2020-01-21,15.46,3400.0,927.65,16.8,1350.0,755.97,91.02,15960.0,4095.75,14.03,870.0,631.33,21580.0,6410.7,466.51
2020-01-22,14.37,3320.0,862.02,16.31,1470.0,733.93,92.92,15600.0,4181.45,14.78,930.0,665.14,21320.0,6442.54,462.71
2020-01-23,14.14,3440.0,848.13,17.79,1200.0,800.71,90.8,15210.0,4086.12,15.27,810.0,687.12,20660.0,6422.09,451.37
2020-01-24,14.62,3480.0,877.23,14.22,1200.0,639.84,88.48,15300.0,3981.79,13.44,690.0,604.68,20670.0,6103.55,446.23
2020-01-25,14.68,3280.0,881.09,14.1,1290.0,634.46,89.07,15030.0,4008.21,10.84,840.0,487.65,20440.0,6011.4,440.86
2020-01-26,13.89,3240.0,833.5,15.17,1290.0,682.82,87.47,15120.0,3936.37,13.31,810.0,598.84,20460.0,6051.53,441.86
2020-01-27,13.74,3080.0,824.44,15.17,1260.0,682.78,87.4,14100.0,3932.87,12.89,780.0,579.99,19220.0,6020.08,420.67
2020-01-28,13.11,3400.0,786.44,14.8,1260.0,666.02,79.88,14130.0,3594.78,12.32,720.0,554.39,19510.0,5601.63,418.53
2020-01-29,14.44,3600.0,866.62,15.17,1290.0,682.87,79.08,14640.0,3558.46,11.18,780.0,503.18,20310.0,5611.13,432.02
2020-01-30,15.21,3880.0,912.9,15.77,990.0,709.65,82.64,14940.0,3718.84,12.79,990.0,575.71,20800.0,5917.09,445.28
2020-01-31,16.36,3880.0,981.82,12.55,990.0,564.83,84.55,14730.0,3804.54,16.79,1020.0,755.54,20620.0,6106.73,445.45
2020-02-01,16.47,4000.0,988.28,12.65,960.0,569.3,81.58,14580.0,3671.23,16.8,1050.0,755.97,20590.0,5984.78,442.91
2020-02-02,16.9,4000.0,1013.97,12.17,1020.0,547.43,81.17,15390.0,3652.72,17.58,810.0,791.23,21220.0,6005.34,453.76
2020-02-03,16.92,4160.0,1014.99,12.78,930.0,575.07,85.85,15480.0,3863.3,14.12,720.0,635.42,21290.0,6088.78,456.31
2020-02-04,17.61,4000.0,1056.47,11.81,930.0,531.29,85.92,15000.0,3866.27,12.74,930.0,573.52,20860.0,6027.55,448.13
2020-02-05,17.0,4040.0,1019.82,11.59,1020.0,521.39,84.67,15360.0,3810.05,16.21,990.0,729.59,21410.0,6080.86,458.18
2020-02-06,17.17,3800.0,1030.01,12.77,1050.0,574.67,85.39,15090.0,3842.55,16.74,660.0,753.13,20600.0,6200.35,446.67
2020-02-07,16.12,3920.0,967.37,12.66,1170.0,569.91,83.13,15480.0,3740.74,10.97,660.0,493.84,21230.0,5771.86,450.03
2020-02-08,16.61,4080.0,996.59,14.0,1170.0,629.86,86.52,15480.0,3893.32,11.08,630.0,498.66,21360.0,6018.44,456.31
2020-02-09,17.18,3720.0,1031.03,14.09,1200.0,634.14,87.01,15570.0,3915.23,10.64,690.0,478.78,21180.0,6059.17,453.99
2020-02-10,15.8,3760.0,947.9,14.6,1080.0,657.17,86.03,15540.0,3871.24,11.19,630.0,503.57,21010.0,5979.88,449.83
2020-02-11,15.83,4040.0,949.95,13.72,1140.0,617.4,85.88,15270.0,3864.62,10.28,750.0,462.43,21200.0,5894.39,451.57
2020-02-12,17.05,4240.0,1022.76,14.15,1320.0,636.75,85.13,14760.0,3830.87,11.8,840.0,530.82,21160.0,6021.19,453.02
2020-02-13,17.88,4000.0,1073.08,16.41,1290.0,738.31,82.1,14310.0,3694.28,13.37,1050.0,601.57,20650.0,6107.24,445.95
2020-02-14,16.89,3720.0,1013.3,16.21,1170.0,729.57,79.91,14280.0,3596.0,17.1,1020.0,769.65,20190.0,6108.52,438.31
2020-02-15,15.72,3760.0,943.33,14.37,1440.0,646.49,79.69,14430.0,3586.2,16.4,900.0,738.1,20530.0,5914.12,440.74
2020-02-16,15.94,3760.0,956.31,17.63,1290.0,793.56,81.33,14640.0,3660.01,14.56,840.0,655.11,20530.0,6064.98,443.25
2020-02-17,15.95,3800.0,956.94,15.02,1230.0,675.78,82.65,14070.0,3719.44,13.99,720.0,629.77,19820.0,5981.92,430.03
2020-02-18,16.13,3800.0,967.61,14.47,1470.0,651.05,77.8,14430.0,3501.16,12.21,780.0,549.26,20480.0,5669.09,435.82
2020-02-19,16.11,3640.0,966.32,17.44,1590.0,784.79,80.35,14220.0,3615.86,13.22,930.0,594.99,20380.0,5961.96,439.03
2020-02-20,15.41,3960.0,924.62,18.59,1590.0,836.35,80.7,13860.0,3631.61,15.51,690.0,697.81,20100.0,6090.39,436.51
2020-02-21,16.7,3840.0,1001.72,18.66,1440.0,839.9,78.74,14760.0,3543.45,11.9,600.0,535.52,20640.0,5920.59,442.68
2020-02-22,16.24,3800.0,974.34,17.05,1410.0,767.43,83.24,14250.0,3745.62,10.13,660.0,456.01,20120.0,5943.4,434.39
2020-02-23,16.03,3600.0,961.75,16.14,1380.0,726.34,79.25,14850.0,3566.38,11.07,600.0,498.11,20430.0,5752.57,436.38
2020-02-24,15.18,3720.0,910.67,16.6,1110.0,746.83,84.24,15210.0,3790.72,10.01,720.0,450.25,20760.0,5898.47,444.31
2020-02-25,15.82,3800.0,949.49,13.1,1140.0,589.32,86.89,15690.0,3910.24,11.84,930.0,532.93,21560.0,5981.98,459.03
2020-02-26,16.02,3600.0,961.43,13.81,1320.0,621.26,90.54,15390.0,4074.29,15.61,930.0,702.28,21240.0,6359.26,459.99
2020-02-27,15.17,3600.0,910.4,16.33,1320.0,734.65,88.27,15300.0,3972.17,15.44,1260.0,694.83,21480.0,6312.06,463.2
2020-02-28,15.31,3720.0,918.8,16.5,1020.0,742.58,86.88,15660.0,3909.74,20.03,1050.0,901.22,21450.0,6472.34,465.37
2020-02-29,15.77,3880.0,946.09,12.95,1140.0,582.59,89.31,15480.0,4018.91,16.63,870.0,748.24,21370.0,6295.82,461.1
2020-03-01,16.48,3760.0,989.07,15.33,990.0,689.93,79.46,14880.0,3575.55,15.32,720.0,689.58,20350.0,5944.14,438.24
2020-03-02,15.89,3600.0,953.68,13.18,930.0,593.18,76.3,14670.0,3433.35,12.53,750.0,563.86,19950.0,5544.07,424.9
2020-03-03,15.24,3560.0,914.12,12.18,870.0,548.13,74.16,14340.0,3337.18,12.7,690.0,571.68,19460.0,5371.11,413.85
2020-03-04,15.03,3520.0,901.57,11.66,990.0,524.8,72.55,14490.0,3264.83,11.74,600.0,528.32,19600.0,5219.52,413.66
2020-03-05,14.85,3560.0,891.15,13.06,870.0,587.75,73.87,14070.0,3324.32,10.21,690.0,459.64,19190.0,5262.86,407.55
2020-03-06,15.05,3280.0,902.8,11.37,900.0,511.48,71.15,14040.0,3201.96,11.48,570.0,516.57,18790.0,5132.82,398.71
2020-03-07,13.85,3480.0,831.22,12.18,780.0,548.15,70.86,14160.0,3188.65,9.86,540.0,443.5,18960.0,5011.52,399.53
2020-03-08,14.72,3520.0,883.5,10.42,870.0,469.0,70.88,13680.0,3189.67,8.89,690.0,400.04,18760.0,4942.21,395.04
2020-03-09,14.94,3600.0,896.45,11.19,960.0,503.66,68.38,13320.0,3076.92,11.33,750.0,509.91,18630.0,4986.93,393.62
2020-03-10,15.29,3480.0,917.37,12.14,1050.0,546.29,66.01,13200.0,2970.38,13.09,780.0,589.03,18510.0,5023.08,392.22
2020-03-11,14.73,3320.0,883.95,13.45,1110.0,605.23,65.4,13230.0,2942.92,13.76,750.0,619.29,18410.0,5051.39,391.02
2020-03-12,14.1,3120.0,846.04,13.66,1050.0,614.66,65.6,13680.0,2951.96,13.53,540.0,608.75,18390.0,5021.41,390.19
2020-03-13,13.24,3360.0,794.23,13.29,960.0,597.85,69.83,13320.0,3142.29,9.72,390.0,437.34,18030.0,4971.71,383.36
2020-03-14,14.21,3720.0,852.77,12.09,840.0,543.94,67.35,13320.0,3030.97,7.23,510.0,325.34,18390.0,4753.01,385.72
2020-03-15,15.7,3680.0,942.03,10.36,780.0,466.35,68.14,14160.0,3066.29,9.16,480.0,412.25,19100.0,4886.91,399.78
2020-03-16,15.58,3520.0,934.91,9.68,750.0,435.43,73.18,14100.0,3293.2,8.76,480.0,394.02,18850.0,5057.56,398.46
2020-03-17,14.98,3280.0,898.53,9.43,780.0,424.5,73.17,14250.0,3292.48,8.97,450.0,403.62,18760.0,5019.13,396.32
2020-03-18,13.96,3480.0,837.83,9.93,840.0,446.76,74.97,13890.0,3373.78,8.35,690.0,375.86,18900.0,5034.23,398.9
2020-03-19,14.65,3640.0,878.83,10.22,750.0,459.87,71.0,14310.0,3195.09,12.39,510.0,557.48,19210.0,5091.27,405.02
2020-03-20,15.38,3800.0,923.04,9.39,780.0,422.74,72.23,14100.0,3250.23,9.4,510.0,423.0,19190.0,5019.01,403.48
2020-03-21,16.17,3960.0,969.93,9.54,720.0,429.34,71.42,14040.0,3213.84,9.18,1020.0,413.07,19740.0,5026.18,412.77
2020-03-22,16.81,3880.0,1008.88,9.12,840.0,410.27,71.8,14130.0,3231.16,18.27,750.0,822.02,19600.0,5472.33,417.87
2020-03-23,16.34,3720.0,980.29,10.76,750.0,484.25,71.71,14490.0,3226.95,13.23,690.0,595.33,19650.0,5286.82,415.61
2020-03-24,15.77,3400.0,946.38,9.44,810.0,424.84,74.34,14040.0,3345.25,12.11,660.0,544.97,18910.0,5261.44,402.86
2020-03-25,14.46,3560.0,867.42,10.65,780.0,479.43,72.51,13740.0,3262.76,11.56,750.0,520.06,18830.0,5129.68,399.33
2020-03-26,15.06,3720.0,903.41,10.07,750.0,453.19,70.61,13710.0,3177.67,12.82,780.0,576.71,18960.0,5110.97,401.18
2020-03-27,15.72,3640.0,943.47,9.53,870.0,428.69,70.12,13800.0,3155.38,13.62,750.0,612.9,19060.0,5140.44,403.34
2020-03-28,15.43,3880.0,925.95,10.59,690.0,476.72,70.92,13470.0,3191.46,13.14,690.0,591.32,18730.0,5185.44,398.59
2020-03-29,16.38,3760.0,982.5,8.46,630.0,380.85,70.29,13290.0,3163.12,12.29,600.0,553.27,18280.0,5079.75,389.33
2020-03-30,15.97,3800.0,958.38,7.74,600.0,348.3,68.36,13410.0,3076.36,10.69,450.0,481.14,18260.0,4864.18,385.4
2020-03-31,16.15,3920.0,968.81,7.46,690.0,335.65,69.27,13290.0,3117.02,8.26,780.0,371.52,18680.0,4793.0,391.22
2020-04-01,16.63,3880.0,997.79,8.95,630.0,402.55,60.42,12720.0,2718.73,15.2,570.0,683.98,17800.0,4803.06,376.72
2020-04-02,16.35,3680.0,981.24,8.24,540.0,370.79,57.13,12570.0,2570.78,10.08,450.0,453.58,17240.0,4376.39,360.27
2020-04-03,15.62,3720.0,937.01,7.31,480.0,329.17,56.21,12180.0,2529.48,7.94,540.0,357.36,16920.0,4153.01,351.22
2020-04-04,15.68,3760.0,940.9,6.51,540.0,292.92,53.26,12000.0,2396.72,9.87,390.0,443.98,16690.0,4074.52,346.08
2020-04-05,15.9,3640.0,954.29,7.32,390.0,329.31,52.17,11640.0,2347.46,7.03,450.0,316.52,16120.0,3947.58,334.46
2020-04-06,15.41,3680.0,924.79,5.65,480.0,254.08,51.13,11850.0,2300.75,8.34,270.0,375.37,16280.0,3854.98,335.58
2020-04-07,15.51,3440.0,930.75,6.56,480.0,295.28,52.56,11700.0,2365.19,5.36,450.0,241.38,16070.0,3832.6,331.71
2020-04-08,14.58,3440.0,874.75,6.6,480.0,296.94,50.75,11220.0,2283.62,8.76,450.0,394.36,15590.0,3849.66,323.99
2020-04-09,14.48,3160.0,868.87,6.62,510.0,297.99,49.33,11250.0,2219.65,8.83,330.0,397.47,15250.0,3783.98,317.23
2020-04-10,13.38,3120.0,803.03,6.86,450.0,308.69,48.44,11580.0,2179.84,6.6,270.0,296.83,15420.0,3588.4,316.81
2020-04-11,13.15,3040.0,788.98,6.07,420.0,273.16,49.24,11670.0,2215.72,5.19,450.0,233.36,15580.0,3511.22,318.19
2020-04-12,12.79,3080.0,767.14,5.49,450.0,247.08,49.87,11580.0,2244.03,8.64,510.0,388.83,15620.0,3647.09,321.12
2020-04-13,12.99,3320.0,779.48,6.1,480.0,274.34,50.12,11730.0,2255.42,9.88,600.0,444.73,16130.0,3753.96,331.4
2020-04-14,14.01,3280.0,840.51,6.48,600.0,291.48,50.81,12210.0,2286.49,11.39,600.0,512.46,16690.0,3930.94,343.68
2020-04-15,13.84,3360.0,830.27,8.02,390.0,360.68,53.42,11640.0,2404.03,11.22,570.0,505.06,15960.0,4100.04,334.33
2020-04-16,14.2,3160.0,852.23,5.16,480.0,232.29,50.15,11430.0,2256.72,11.31,450.0,508.76,15520.0,3850.01,322.83
2020-04-17,13.32,3240.0,799.37,6.4,600.0,287.98,48.49,11490.0,2181.9,8.79,390.0,395.6,15720.0,3664.86,323.08
2020-04-18,13.78,3000.0,826.56,8.52,540.0,383.49,48.74,11490.0,2193.17,7.72,420.0,347.57,15450.0,3750.79,320.01
2020-04-19,12.63,3200.0,757.73,7.46,570.0,335.72,48.47,11460.0,2181.33,7.57,450.0,340.75,15680.0,3615.53,321.59
2020-04-20,13.54,3440.0,812.29,8.14,600.0,366.13,47.66,11610.0,2144.65,8.84,360.0,397.67,16010.0,3720.74,328.85
2020-04-21,14.63,3400.0,877.93,8.41,660.0,378.66,48.29,11370.0,2172.83,6.96,450.0,313.01,15880.0,3742.44,327.04
2020-04-22,14.36,3320.0,861.35,9.01,540.0,405.24,47.25,11430.0,2126.08,8.26,480.0,371.71,15770.0,3764.39,325.57
2020-04-23,14.13,3320.0,847.58,7.39,600.0,332.37,48.0,11280.0,2159.8,8.87,630.0,399.02,15830.0,3738.76,326.15
2020-04-24,14.1,3320.0,846.3,8.54,660.0,384.24,47.42,11610.0,2133.99,11.64,540.0,523.92,16130.0,3888.45,333.64
2020-04-25,14.09,3200.0,845.23,9.29,690.0,417.96,48.78,11670.0,2195.01,10.55,510.0,474.6,16070.0,3932.81,333.38
2020-04-26,13.56,3280.0,813.87,10.27,750.0,462.01,49.11,11400.0,2209.88,9.69,480.0,436.09,15910.0,3921.85,330.53
2020-04-27,13.81,3320.0,828.45,11.23,660.0,505.45,48.2,11280.0,2168.89,8.84,420.0,397.94,15680.0,3900.73,326.35
2020-04-28,14.01,3240.0,840.57,9.35,510.0,420.8,47.47,11220.0,2136.08,8.42,510.0,378.83,15480.0,3776.27,320.94
2020-04-29,13.67,3240.0,820.15,7.13,780.0,320.93,46.52,10860.0,2093.2,10.41,510.0,468.49,15390.0,3702.77,318.21
2020-04-30,13.73,3240.0,823.51,10.61,780.0,477.6,45.43,11070.0,2044.42,9.72,570.0,437.54,15660.0,3783.07,324.05
2020-05-01,13.77,3240.0,826.3,10.37,630.0,466.45,48.65,11340.0,2189.16,10.71,480.0,481.93,15690.0,3963.84,327.56
2020-05-02,13.64,3360.0,818.47,8.34,570.0,375.52,49.81,10980.0,2241.53,9.0,510.0,405.0,15420.0,3840.51,321.01
2020-05-03,14.21,3440.0,852.59,7.81,510.0,351.48,48.19,10980.0,2168.75,9.56,510.0,429.98,15440.0,3802.8,320.71
2020-05-04,14.51,3720.0,870.77,7.07,420.0,318.2,48.06,11040.0,2162.82,9.31,360.0,419.15,15540.0,3770.93,321.85
2020-05-05,15.78,3720.0,946.82,5.97,480.0,268.84,48.51,11760.0,2183.03,6.92,570.0,311.41,16530.0,3710.1,337.34
2020-05-06,15.82,3760.0,949.05,6.74,690.0,303.29,51.32,12150.0,2309.58,10.65,600.0,479.36,17200.0,4041.28,354.02
2020-05-07,15.85,3600.0,950.91,9.3,720.0,418.54,52.72,12000.0,2372.38,11.05,540.0,497.29,16860.0,4239.12,351.65
2020-05-08,15.2,3720.0,911.82,10.1,900.0,454.66,52.11,12030.0,2344.91,9.56,450.0,430.16,17100.0,4141.55,354.03
2020-05-09,15.67,3600.0,940.29,12.57,840.0,565.58,52.61,12090.0,2367.56,8.12,480.0,365.18,17010.0,4238.62,354.14
2020-05-10,15.22,3640.0,913.15,11.61,840.0,522.62,53.04,11910.0,2386.83,8.69,420.0,390.94,16810.0,4213.54,350.39
2020-05-11,15.35,3480.0,921.08,11.57,690.0,520.8,51.97,12090.0,2338.87,7.75,480.0,348.65,16740.0,4129.39,347.82
2020-05-12,14.78,3680.0,887.04,9.21,570.0,414.6,52.72,12540.0,2372.22,8.19,450.0,368.61,17240.0,4042.47,354.71
2020-05-13,15.5,3560.0,929.87,7.69,720.0,345.98,54.52,12300.0,2453.22,8.28,390.0,372.45,16970.0,4101.51,351.19
2020-05-14,15.07,3640.0,904.49,9.35,750.0,420.8,54.13,11940.0,2435.8,7.25,360.0,326.35,16690.0,4087.45,346.29
2020-05-15,15.4,3680.0,924.05,9.81,750.0,441.25,53.09,11700.0,2389.07,6.81,510.0,306.66,16640.0,4061.03,345.02
2020-05-16,15.5,4040.0,930.14,9.99,660.0,449.44,51.32,11970.0,2309.26,9.82,510.0,441.82,17180.0,4130.66,355.18
2020-05-17,17.11,4040.0,1026.61,8.93,720.0,401.96,52.58,12360.0,2365.94,10.03,540.0,451.56,17660.0,4246.07,365.1
2020-05-18,17.09,3880.0,1025.49,9.58,780.0,431.14,53.25,12630.0,2396.33,10.73,720.0,483.03,18010.0,4336.0,372.43
2020-05-19,16.4,3960.0,983.93,9.97,810.0,448.46,53.68,13170.0,2415.56,14.13,570.0,635.85,18510.0,4483.79,383.23
2020-05-20,16.84,3800.0,1010.35,10.21,870.0,459.49,56.44,13500.0,2539.7,11.08,690.0,498.55,18860.0,4508.09,389.47
2020-05-21,16.02,3720.0,961.2,11.06,810.0,497.81,58.7,13650.0,2641.53,13.06,570.0,587.86,18750.0,4688.4,390.64
2020-05-22,15.68,3880.0,940.68,10.16,900.0,456.99,58.82,13500.0,2646.91,11.23,600.0,505.3,18880.0,4549.88,390.5
2020-05-23,16.41,3960.0,984.58,11.76,690.0,529.02,58.2,13320.0,2619.0,11.46,540.0,515.86,18510.0,4648.46,385.97
2020-05-24,16.68,3920.0,1000.74,8.77,630.0,394.87,57.3,13350.0,2578.72,10.34,600.0,465.45,18500.0,4439.78,382.33
2020-05-25,16.56,3880.0,993.84,8.15,570.0,366.57,57.48,13080.0,2586.67,11.5,510.0,517.34,18040.0,4464.41,375.07
2020-05-26,16.47,3920.0,988.11,7.26,630.0,326.63,56.92,12780.0,2561.55,9.14,570.0,411.09,17900.0,4287.38,369.79
2020-05-27,16.56,3760.0,993.51,7.98,570.0,359.32,55.8,12690.0,2510.86,10.49,510.0,472.19,17530.0,4335.88,364.43
2020-05-28,15.96,3800.0,957.36,7.27,630.0,327.19,55.54,12660.0,2499.42,9.78,330.0,439.93,17420.0,4223.9,360.73
2020-05-29,16.13,3960.0,967.97,8.3,570.0,373.56,55.09,12750.0,2478.88,6.24,630.0,280.79,17910.0,4101.19,366.85
2020-05-30,16.79,4200.0,1007.25,7.37,750.0,331.48,55.06,12810.0,2477.54,11.35,630.0,510.7,18390.0,4326.97,378.62
2020-05-31,17.84,4000.0,1070.36,9.44,810.0,424.85,54.7,13080.0,2461.41,11.02,810.0,496.07,18700.0,4452.68,385.88
2020-06-01,16.85,3840.0,1011.04,10.42,840.0,468.8,64.48,12840.0,2901.82,14.54,690.0,654.24,18210.0,5035.9,387.43
2020-06-02,16.2,3640.0,971.93,11.36,840.0,511.21,63.25,12720.0,2846.17,12.47,570.0,561.17,17770.0,4890.48,377.67
2020-06-03,15.49,3640.0,929.28,11.54,930.0,519.08,62.94,12660.0,2832.51,9.92,630.0,446.34,17860.0,4727.2,376.45
2020-06-04,15.41,3440.0,924.32,12.55,750.0,564.6,63.01,12690.0,2835.32,11.35,570.0,510.66,17450.0,4834.9,371.42
2020-06-05,14.49,3360.0,869.41,10.42,780.0,469.08,62.83,12600.0,2827.57,10.6,420.0,476.87,17160.0,4642.94,363.38
2020-06-06,14.24,3440.0,854.27,10.61,750.0,477.35,62.1,12480.0,2794.55,7.59,570.0,341.74,17240.0,4467.91,361.8
2020-06-07,14.54,3360.0,872.17,9.89,630.0,445.01,60.62,12900.0,2727.78,10.68,540.0,480.43,17430.0,4525.39,365.92
2020-06-08,14.28,3320.0,856.57,8.59,750.0,386.74,63.6,13260.0,2862.09,10.49,720.0,471.84,18050.0,4577.24,377.12
2020-06-09,14.06,3040.0,843.61,9.85,720.0,443.08,65.96,13560.0,2968.3,13.56,570.0,610.34,17890.0,4865.33,379.26
2020-06-10,12.86,3080.0,771.89,9.68,720.0,435.43,68.2,13590.0,3068.82,11.28,720.0,507.71,18110.0,4783.84,381.56
2020-06-11,13.06,3200.0,783.42,9.62,810.0,433.0,67.94,13650.0,3057.48,13.93,570.0,626.84,18230.0,4900.74,385.51
2020-06-12,13.56,3280.0,813.32,10.41,750.0,468.5,67.78,13860.0,3050.24,10.57,540.0,475.72,18430.0,4807.77,387.3
2020-06-13,13.8,3200.0,827.99,9.85,900.0,443.44,69.17,13920.0,3112.55,9.57,570.0,430.75,18590.0,4814.73,390.08
2020-06-14,13.5,3320.0,809.71,12.46,780.0,560.89,69.32,13770.0,3119.37,10.03,840.0,451.16,18710.0,4941.13,394.19
2020-06-15,14.09,3480.0,845.31,10.91,720.0,490.94,68.52,14040.0,3083.19,15.02,630.0,676.11,18870.0,5095.55,399.43
2020-06-16,14.75,3440.0,885.04,10.0,600.0,450.21,69.04,14220.0,3106.76,11.61,660.0,522.59,18920.0,4964.61,398.08
2020-06-17,14.62,3440.0,877.42,8.18,750.0,368.3,69.46,13980.0,3125.8,12.39,510.0,557.73,18680.0,4929.25,393.49
2020-06-18,14.52,3560.0,871.08,10.23,990.0,460.32,68.25,14310.0,3071.46,9.54,570.0,429.25,19430.0,4832.12,404.37
2020-06-19,15.11,3480.0,906.45,13.32,900.0,599.6,70.54,14160.0,3174.22,11.26,630.0,506.51,19170.0,5186.78,405.95
2020-06-20,14.75,3600.0,885.04,12.05,1050.0,542.32,69.49,14460.0,3127.01,12.22,600.0,549.92,19710.0,5104.3,413.57
2020-06-21,15.3,3840.0,918.05,13.82,1050.0,621.92,71.3,14460.0,3208.57,11.35,630.0,510.94,19980.0,5259.48,420.66
2020-06-22,16.27,3880.0,975.94,13.65,840.0,614.06,72.38,14040.0,3257.01,11.6,690.0,521.81,19450.0,5368.82,413.65
2020-06-23,16.39,3840.0,983.4,10.57,840.0,475.6,69.63,14070.0,3133.13,12.76,480.0,574.12,19230.0,5166.25,406.6
2020-06-24,16.32,3520.0,979.44,10.57,990.0,475.68,69.77,13830.0,3139.5,9.03,630.0,406.21,18970.0,5000.83,399.51
2020-06-25,14.91,3840.0,894.88,12.78,1050.0,575.29,67.45,13320.0,3035.05,11.67,540.0,525.06,18750.0,5030.29,396.34
2020-06-26,16.28,3600.0,977.01,13.22,870.0,594.75,65.46,13590.0,2945.73,9.64,420.0,433.71,18480.0,4951.2,390.52
2020-06-27,15.22,3800.0,913.19,11.08,750.0,498.75,67.11,13560.0,3020.02,8.01,420.0,360.27,18530.0,4792.23,388.7
2020-06-28,16.03,3680.0,961.74,9.53,840.0,428.67,67.94,13350.0,3057.47,8.4,510.0,377.92,18380.0,4825.81,386.76
2020-06-29,15.52,3680.0,930.97,11.17,840.0,502.46,67.13,13260.0,3020.94,9.56,750.0,430.41,18530.0,4884.79,390.25
2020-06-30,15.6,3600.0,935.89,11.47,990.0,516.18,65.79,13590.0,2960.5,14.62,540.0,657.97,18720.0,5070.54,396.51
2020-07-01,15.16,3880.0,909.5,12.97,1020.0,583.68,71.84,13680.0,3232.91,10.17,540.0,457.59,19120.0,5183.67,405.06
2020-07-02,16.49,3760.0,989.15,13.61,1020.0,612.56,72.3,13860.0,3253.35,10.38,720.0,466.99,19360.0,5322.06,411.37
2020-07-03,15.9,3560.0,953.74,13.19,930.0,593.72,74.22,13320.0,3340.07,12.83,570.0,577.51,18380.0,5465.05,397.42
2020-07-04,15.07,3680.0,904.01,12.19,900.0,548.63,70.36,13920.0,3166.41,10.1,540.0,454.69,19040.0,5073.74,401.9
2020-07-05,15.56,3480.0,933.81,11.95,900.0,537.91,73.29,14280.0,3297.98,9.9,390.0,445.69,19050.0,5215.38,404.42
2020-07-06,14.79,3200.0,887.45,11.82,1020.0,532.01,75.56,14160.0,3400.29,7.34,540.0,330.15,18920.0,5149.9,401.17
2020-07-07,13.47,3240.0,808.31,12.69,990.0,571.06,74.92,14160.0,3371.44,9.82,540.0,441.71,18930.0,5192.53,402.04
2020-07-08,13.73,3320.0,823.84,12.45,930.0,560.03,75.02,14190.0,3375.79,9.81,630.0,441.66,19070.0,5201.31,404.52
2020-07-09,14.11,3320.0,846.89,12.2,1170.0,548.94,76.09,13950.0,3423.89,11.79,750.0,530.75,19190.0,5350.47,409.01
2020-07-10,14.1,3800.0,845.72,15.09,960.0,679.16,73.46,14100.0,3305.71,14.12,600.0,635.48,19460.0,5466.07,415.43
2020-07-11,16.11,3720.0,966.65,12.55,960.0,564.65,74.75,14070.0,3363.7,11.39,570.0,512.61,19320.0,5407.6,412.13
2020-07-12,15.75,3680.0,945.21,12.39,1110.0,557.57,74.69,13920.0,3361.09,10.39,900.0,467.36,19610.0,5331.23,415.69
2020-07-13,15.63,3480.0,937.55,14.82,1080.0,666.82,73.14,14250.0,3291.17,16.74,720.0,753.46,19530.0,5649.0,419.65
2020-07-14,14.67,3600.0,880.41,14.35,1110.0,645.88,74.42,13950.0,3348.89,13.16,780.0,592.32,19440.0,5467.49,415.12
2020-07-15,15.24,3400.0,914.2,14.98,1050.0,674.04,74.17,13770.0,3337.64,13.98,540.0,629.17,18760.0,5555.04,405.25
2020-07-16,14.35,3600.0,861.0,14.53,1050.0,653.76,72.4,13440.0,3258.12,9.95,570.0,447.94,18660.0,5220.83,398.01
2020-07-17,15.31,3560.0,918.4,14.54,1170.0,654.09,70.43,13680.0,3169.23,10.52,600.0,473.3,19010.0,5215.02,403.75
2020-07-18,15.09,3520.0,905.12,16.14,1200.0,726.5,71.99,13980.0,3239.42,11.06,600.0,497.48,19300.0,5368.52,411.14
2020-07-19,14.9,3680.0,894.1,16.44,1260.0,739.72,73.76,13560.0,3319.38,11.24,720.0,505.96,19220.0,5459.16,411.32
2020-07-20,15.6,3520.0,935.73,17.13,1200.0,770.73,70.74,14370.0,3183.33,13.48,600.0,606.59,19690.0,5496.37,419.77
2020-07-21,14.82,3480.0,889.05,15.92,960.0,716.42,74.63,14460.0,3358.3,11.28,510.0,507.78,19410.0,5471.55,414.69
2020-07-22,14.68,3440.0,880.74,13.34,1080.0,600.52,76.62,14310.0,3447.71,9.09,630.0,408.89,19460.0,5337.87,413.3
2020-07-23,14.56,3400.0,873.85,14.46,1080.0,650.56,74.26,14370.0,3341.75,11.22,360.0,504.86,19210.0,5371.02,409.68
2020-07-24,14.47,3560.0,868.12,14.1,1080.0,634.68,73.95,14460.0,3327.56,6.05,390.0,272.46,19490.0,5102.82,409.88
2020-07-25,15.07,3520.0,903.99,13.93,870.0,626.89,74.97,14430.0,3373.63,6.92,720.0,311.52,19540.0,5216.03,412.6
2020-07-26,14.89,3480.0,893.15,11.33,900.0,509.88,75.22,14490.0,3384.85,12.74,690.0,573.39,19560.0,5361.27,415.35
2020-07-27,14.74,4040.0,884.16,11.85,870.0,533.14,77.13,14580.0,3470.99,12.82,600.0,576.99,20090.0,5465.28,425.92
2020-07-28,17.15,3880.0,1029.05,11.47,780.0,516.28,76.31,14250.0,3433.77,11.59,420.0,521.68,19330.0,5500.78,413.85
2020-07-29,16.45,3600.0,986.89,9.73,720.0,437.97,75.66,14910.0,3404.56,8.26,750.0,371.84,19980.0,5201.26,419.69
2020-07-30,15.19,3600.0,911.23,9.01,690.0,405.52,78.7,15300.0,3541.32,15.0,780.0,674.79,20370.0,5532.86,431.71
2020-07-31,15.16,3600.0,909.33,8.68,870.0,390.66,81.28,14940.0,3657.55,15.61,690.0,702.56,20100.0,5660.1,429.34
2020-08-01,15.3,3440.0,917.91,10.72,930.0,482.3,79.99,15120.0,3599.61,12.15,630.0,546.95,20120.0,5546.77,427.78
2020-08-02,14.57,3440.0,874.24,11.92,840.0,536.59,81.45,14820.0,3665.12,11.41,840.0,513.32,19940.0,5589.27,425.49
2020-08-03,14.64,3280.0,878.6,10.59,990.0,476.37,78.95,14250.0,3552.9,14.94,900.0,672.11,19420.0,5579.98,416.67
2020-08-04,13.86,3520.0,831.44,12.31,960.0,553.93,75.91,14280.0,3416.09,15.92,810.0,716.23,19570.0,5517.69,418.13
2020-08-05,14.9,3560.0,893.83,12.12,780.0,545.51,77.05,14730.0,3467.47,14.46,810.0,650.77,19880.0,5557.59,423.96
2020-08-06,15.08,3800.0,905.04,9.67,930.0,435.26,79.12,14640.0,3560.57,14.24,900.0,640.81,20270.0,5541.67,430.19
2020-08-07,16.09,3680.0,965.13,11.56,1140.0,520.22,78.54,14730.0,3534.42,16.53,750.0,743.71,20300.0,5763.49,434.39
2020-08-08,15.56,3720.0,933.79,14.13,990.0,635.93,79.97,13920.0,3598.52,13.65,600.0,614.07,19230.0,5782.31,416.87
2020-08-09,15.81,4040.0,948.38,12.92,990.0,581.45,75.98,14310.0,3419.01,10.99,660.0,494.38,20000.0,5443.22,424.05
2020-08-10,17.02,4160.0,1021.46,13.15,990.0,591.93,77.96,13950.0,3508.32,11.86,690.0,533.9,19790.0,5655.62,424.09
2020-08-11,17.53,4120.0,1051.68,13.78,1080.0,620.02,75.19,13830.0,3383.69,12.68,930.0,570.56,19960.0,5625.96,426.43
2020-08-12,17.44,3880.0,1046.32,14.26,1110.0,641.6,74.72,13470.0,3362.46,16.79,750.0,755.44,19210.0,5805.82,416.93
2020-08-13,16.35,3760.0,980.92,15.24,1110.0,685.95,72.82,13380.0,3276.97,13.16,660.0,592.23,18910.0,5536.07,407.43
2020-08-14,15.95,3640.0,957.06,14.6,990.0,656.96,73.52,13440.0,3308.25,12.17,720.0,547.63,18790.0,5469.9,404.33
2020-08-15,15.45,3880.0,927.08,12.87,1110.0,579.28,73.64,13590.0,3313.93,12.56,630.0,565.33,19210.0,5385.62,409.93
2020-08-16,16.39,3640.0,983.45,14.61,960.0,657.58,73.77,14010.0,3319.54,12.1,630.0,544.39,19240.0,5504.96,412.42
2020-08-17,15.48,3440.0,928.69,12.99,870.0,584.68,75.31,13740.0,3389.05,11.99,570.0,539.49,18620.0,5441.9,401.03
2020-08-18,14.55,3320.0,873.04,11.53,810.0,518.88,73.17,14130.0,3292.45,10.81,480.0,486.57,18740.0,5170.95,398.52
2020-08-19,14.12,3520.0,847.13,10.39,990.0,467.51,75.23,14160.0,3385.37,9.19,660.0,413.63,19330.0,5113.65,407.39
2020-08-20,14.95,3720.0,896.71,12.51,840.0,563.06,75.3,14310.0,3388.4,12.78,750.0,575.04,19620.0,5423.21,417.39
2020-08-21,15.8,3640.0,948.06,10.42,810.0,468.91,76.16,14520.0,3427.1,14.3,630.0,643.41,19600.0,5487.48,418.12
2020-08-22,15.33,3720.0,919.61,10.27,1200.0,462.03,78.56,14580.0,3535.2,12.04,720.0,541.69,20220.0,5458.54,427.98
2020-08-23,15.78,4000.0,946.76,15.48,1050.0,696.77,78.32,14910.0,3524.55,13.4,660.0,602.99,20620.0,5771.08,439.85
2020-08-24,17.0,3880.0,1020.11,13.5,1080.0,607.57,80.3,14400.0,3613.38,12.66,810.0,569.62,20170.0,5810.68,433.01
2020-08-25,16.49,4080.0,989.62,13.68,990.0,615.51,77.13,14310.0,3470.9,15.23,600.0,685.33,19980.0,5761.36,429.02
2020-08-26,17.26,4040.0,1035.39,13.06,990.0,587.48,77.65,14520.0,3494.34,10.93,960.0,491.67,20510.0,5608.88,435.31
2020-08-27,17.04,3920.0,1022.63,13.27,1080.0,597.01,79.23,14760.0,3565.37,17.63,780.0,793.48,20540.0,5978.49,441.97
2020-08-28,16.53,3800.0,991.71,14.33,1020.0,645.04,81.63,14700.0,3673.15,14.45,870.0,650.26,20390.0,5960.16,439.17
2020-08-29,16.1,3680.0,966.03,13.35,930.0,600.58,81.37,14550.0,3661.48,15.0,750.0,675.11,19910.0,5903.2,430.22
2020-08-30,15.58,3520.0,934.53,12.5,900.0,562.5,81.04,14550.0,3646.81,13.15,690.0,591.83,19660.0,5735.68,423.26
2020-08-31,14.97,3600.0,898.21,11.87,900.0,534.07,79.83,14700.0,3592.32,12.87,660.0,578.96,19860.0,5603.56,424.39
2020-09-01,15.31,3800.0,918.83,11.87,870.0,534.07,88.45,14580.0,3980.29,12.25,870.0,551.07,20120.0,5984.26,435.07
2020-09-02,16.11,3640.0,966.43,11.79,960.0,530.66,88.04,15120.0,3961.75,16.52,720.0,743.41,20440.0,6202.25,444.04
2020-09-03,15.41,3560.0,924.71,13.07,870.0,588.35,88.59,15300.0,3986.5,13.11,780.0,589.84,20510.0,6089.41,443.32
2020-09-04,15.0,3560.0,900.21,11.37,900.0,511.52,89.71,15030.0,4037.16,14.34,750.0,645.28,20240.0,6094.17,438.9
2020-09-05,15.0,3680.0,900.18,11.38,1020.0,512.19,87.56,14910.0,3940.38,13.57,660.0,610.79,20270.0,5963.54,437.23
2020-09-06,15.51,3560.0,930.62,13.18,1050.0,593.21,85.62,15150.0,3852.81,11.87,690.0,534.19,20450.0,5910.83,439.35
2020-09-07,15.09,3480.0,905.12,13.66,1110.0,614.86,87.77,14430.0,3949.68,11.53,780.0,518.84,19800.0,5988.5,429.81
2020-09-08,14.73,3400.0,883.94,13.94,1140.0,627.49,84.01,14640.0,3780.34,13.96,930.0,628.35,20110.0,5920.11,433.84
2020-09-09,14.44,3040.0,866.34,14.5,990.0,652.48,84.23,14910.0,3790.35,17.43,990.0,784.21,19930.0,6093.37,433.72
2020-09-10,12.84,3160.0,770.46,12.51,1110.0,563.07,84.72,14280.0,3812.62,18.63,1170.0,838.43,19720.0,5984.58,428.41
2020-09-11,13.38,3240.0,802.55,13.53,1140.0,608.86,81.63,14370.0,3673.51,21.22,1170.0,954.93,19920.0,6039.85,432.66
2020-09-12,13.65,3600.0,819.05,14.19,1050.0,638.39,81.88,14520.0,3684.57,21.54,990.0,969.22,20160.0,6111.23,437.85
2020-09-13,15.23,3600.0,914.02,12.98,960.0,584.25,82.51,14790.0,3713.09,18.39,900.0,827.74,20250.0,6039.1,438.15
2020-09-14,15.19,3520.0,911.64,11.97,810.0,538.76,84.6,14610.0,3807.01,16.86,750.0,758.91,19690.0,6016.32,428.44
2020-09-15,14.82,3400.0,889.36,10.07,990.0,453.25,81.92,15480.0,3686.19,13.58,570.0,610.9,20440.0,5639.7,434.66
2020-09-16,14.34,3480.0,860.68,12.41,1140.0,558.28,88.3,15270.0,3973.51,10.57,510.0,475.82,20400.0,5868.3,437.81
2020-09-17,14.79,3200.0,887.66,14.68,1110.0,660.79,87.28,14760.0,3927.8,9.65,510.0,434.23,19580.0,5910.47,424.84
2020-09-18,13.47,3280.0,808.48,13.84,1020.0,622.93,83.03,14730.0,3736.34,8.75,600.0,393.64,19630.0,5561.38,419.86
2020-09-19,13.9,3280.0,834.13,12.49,1020.0,562.27,84.27,15000.0,3791.96,10.9,630.0,490.61,19930.0,5678.97,426.82
2020-09-20,13.92,3360.0,835.13,13.19,1200.0,593.64,86.51,14850.0,3893.15,11.87,570.0,534.22,19980.0,5856.14,430.6
2020-09-21,14.27,3320.0,856.27,15.44,1260.0,694.85,83.63,14430.0,3763.27,10.27,630.0,462.01,19640.0,5776.4,423.61
2020-09-22,14.06,3160.0,843.36,16.36,1260.0,736.11,81.03,14400.0,3646.36,11.33,840.0,510.03,19660.0,5735.86,423.26
2020-09-23,13.37,3200.0,802.16,16.51,1230.0,742.95,82.64,14700.0,3719.0,15.39,750.0,692.59,19880.0,5956.7,430.61
2020-09-24,13.48,3520.0,808.56,15.63,1140.0,703.39,84.9,14850.0,3820.68,13.85,660.0,623.03,20170.0,5955.66,435.43
2020-09-25,14.92,3440.0,895.15,14.94,1020.0,672.17,84.71,14850.0,3811.88,11.78,750.0,530.0,20060.0,5909.2,432.82
2020-09-26,14.59,3560.0,875.65,13.39,1080.0,602.66,84.5,14670.0,3802.65,13.07,630.0,588.28,19940.0,5869.24,430.15
2020-09-27,15.0,3440.0,900.09,14.28,1020.0,642.8,83.7,14040.0,3766.36,11.23,630.0,505.57,19130.0,5814.81,415.75
2020-09-28,14.49,3320.0,869.6,13.8,1230.0,620.9,80.02,14460.0,3600.72,11.3,810.0,508.52,19820.0,5599.75,423.66
2020-09-29,14.07,3320.0,844.27,16.77,1170.0,754.62,82.13,14130.0,3695.81,14.83,780.0,667.43,19400.0,5962.13,422.7
2020-09-30,14.06,3240.0,843.55,15.84,870.0,712.76,79.27,13920.0,3566.99,14.59,600.0,656.45,18630.0,5779.75,406.83
2020-10-01,13.71,3200.0,822.63,11.7,780.0,526.68,72.01,14160.0,3240.57,11.63,720.0,523.3,18860.0,5113.18,399.55
2020-10-02,13.59,3400.0,815.42,9.85,840.0,443.37,75.63,14490.0,3403.2,13.52,810.0,608.53,19540.0,5270.51,413.51
2020-10-03,14.34,3320.0,860.21,10.63,690.0,478.21,75.59,14940.0,3401.57,15.31,870.0,688.82,19820.0,5428.8,420.81
2020-10-04,14.11,3160.0,846.63,8.96,1110.0,403.32,78.58,15060.0,3536.11,15.5,780.0,697.63,20110.0,5483.68,426.56
2020-10-05,13.41,3200.0,804.88,13.77,930.0,619.43,78.66,15210.0,3539.56,14.74,900.0,663.4,20240.0,5627.27,431.12
2020-10-06,13.51,3560.0,810.82,11.57,990.0,520.87,79.18,15120.0,3563.29,16.65,720.0,749.41,20390.0,5644.39,433.91
2020-10-07,15.12,3760.0,907.18,12.22,1110.0,550.07,78.44,15120.0,3529.87,13.04,660.0,586.59,20650.0,5573.72,437.06
2020-10-08,15.95,3880.0,956.76,14.76,960.0,663.98,79.77,15300.0,3589.8,11.66,630.0,524.68,20770.0,5735.22,441.75
2020-10-09,16.46,4080.0,987.78,12.61,930.0,567.27,80.48,15180.0,3621.77,11.89,630.0,535.22,20820.0,5712.04,442.2
2020-10-10,17.23,4080.0,1033.87,12.52,930.0,563.21,79.83,15240.0,3592.26,11.57,510.0,520.51,20760.0,5709.85,441.16
2020-10-11,17.19,4000.0,1031.52,12.08,990.0,543.81,79.88,15450.0,3594.47,8.83,600.0,397.34,21040.0,5567.14,443.45
2020-10-12,16.99,3880.0,1019.41,12.85,990.0,578.18,79.87,15450.0,3594.07,10.45,660.0,470.45,20980.0,5662.11,444.04
2020-10-13,16.48,3640.0,989.04,12.63,1110.0,568.17,80.23,15660.0,3610.28,11.37,630.0,511.64,21040.0,5679.13,445.32
2020-10-14,15.39,3720.0,923.17,13.74,1020.0,618.23,82.0,15330.0,3690.08,11.56,870.0,520.27,20940.0,5751.75,444.86
2020-10-15,15.83,3560.0,949.72,12.77,1020.0,574.47,80.48,14880.0,3621.58,15.17,690.0,682.62,20150.0,5828.4,432.97
2020-10-16,15.01,3760.0,900.67,12.83,1230.0,577.33,77.83,15030.0,3502.38,12.76,690.0,574.19,20710.0,5554.57,437.74
2020-10-17,15.86,3760.0,951.35,16.06,1230.0,722.78,79.09,14700.0,3559.26,12.41,720.0,558.34,20410.0,5791.74,436.7
2020-10-18,15.88,3680.0,952.81,15.61,1230.0,702.61,78.02,15330.0,3510.91,13.47,840.0,606.04,21080.0,5772.37,447.54
2020-10-19,15.56,3520.0,933.71,15.67,960.0,705.16,79.99,15150.0,3599.65,15.61,840.0,702.31,20470.0,5940.84,440.18
2020-10-20,14.96,3320.0,897.53,12.26,900.0,551.77,80.24,14880.0,3610.85,15.45,720.0,695.16,19820.0,5755.32,426.26
2020-10-21,14.12,3320.0,847.16,11.17,1050.0,502.76,78.39,15480.0,3527.37,13.24,780.0,595.64,20630.0,5472.93,435.05
2020-10-22,14.1,3640.0,845.95,13.14,1230.0,591.15,81.56,15540.0,3670.3,13.8,600.0,621.09,21010.0,5728.49,445.64
2020-10-23,15.44,3680.0,926.21,15.63,1080.0,703.27,82.14,15330.0,3696.09,11.03,720.0,496.31,20810.0,5821.88,443.86
2020-10-24,15.53,3560.0,931.93,14.09,930.0,634.15,81.08,15600.0,3648.81,13.08,840.0,588.67,20930.0,5803.56,445.56
2020-10-25,15.1,3560.0,906.21,11.53,960.0,518.97,82.73,15600.0,3722.76,15.69,900.0,706.0,21020.0,5853.94,447.9
2020-10-26,15.09,3520.0,905.15,11.85,1020.0,533.04,83.53,15300.0,3758.74,17.12,540.0,770.6,20380.0,5967.54,439.13
2020-10-27,14.9,3360.0,894.12,12.3,840.0,553.38,81.46,15510.0,3665.76,9.91,720.0,446.04,20430.0,5559.31,433.16
2020-10-28,14.24,3520.0,854.49,10.6,690.0,476.82,81.5,15450.0,3667.64,12.39,780.0,557.56,20440.0,5556.51,433.28
2020-10-29,14.88,3560.0,892.67,8.3,870.0,373.44,81.06,16020.0,3647.81,13.74,690.0,618.33,21140.0,5532.25,444.54
2020-10-30,15.07,3840.0,904.07,10.34,1080.0,465.34,83.09,15870.0,3739.1,11.6,510.0,521.78,21300.0,5630.28,448.84
2020-10-31,16.24,3760.0,974.48,13.68,840.0,615.38,82.13,15270.0,3695.77,9.46,570.0,425.61,20440.0,5711.24,435.85
2020-11-01,15.86,3600.0,951.72,10.66,900.0,479.61,74.38,15420.0,3347.23,10.21,810.0,459.48,20730.0,5238.04,432.8
2020-11-02,15.21,3680.0,912.49,11.31,1080.0,509.06,76.0,15540.0,3419.86,14.56,810.0,655.24,21110.0,5496.64,443.44
2020-11-03,15.51,3720.0,930.69,13.5,1020.0,607.34,75.91,16050.0,3416.14,14.63,750.0,658.34,21540.0,5612.5,452.54
2020-11-04,15.76,3880.0,945.81,12.58,1050.0,566.22,78.51,16230.0,3533.01,13.93,630.0,626.88,21790.0,5671.92,457.7
2020-11-05,16.48,3960.0,988.84,12.71,1170.0,572.17,79.52,16350.0,3578.46,11.53,630.0,518.71,22110.0,5658.18,462.8
2020-11-06,16.74,4120.0,1004.28,14.34,1110.0,645.23,80.13,16380.0,3605.65,10.96,720.0,493.41,22330.0,5748.56,467.98
2020-11-07,17.46,3880.0,1047.57,13.75,1200.0,618.57,80.05,16020.0,3602.17,12.51,720.0,562.86,21820.0,5831.16,460.85
2020-11-08,16.37,3960.0,981.95,14.73,1110.0,663.07,78.46,15960.0,3530.76,12.48,600.0,561.8,21630.0,5737.59,456.13
2020-11-09,16.81,3680.0,1008.71,13.67,1020.0,615.29,77.05,15990.0,3467.09,10.34,600.0,465.17,21290.0,5556.25,447.44
2020-11-10,15.66,3640.0,939.52,12.92,840.0,581.43,77.79,15810.0,3500.73,10.36,450.0,466.05,20740.0,5487.73,437.13
2020-11-11,15.38,3640.0,922.67,10.93,1110.0,491.94,77.1,15780.0,3469.61,7.98,480.0,359.29,21010.0,5243.52,437.56
2020-11-12,15.48,3800.0,928.99,14.46,1200.0,650.78,77.29,15630.0,3477.85,8.45,480.0,380.23,21110.0,5437.85,442.46
2020-11-13,16.08,3680.0,964.71,15.33,1140.0,690.04,75.76,15540.0,3409.38,8.48,720.0,381.4,21080.0,5445.54,442.09
2020-11-14,15.56,3800.0,933.44,14.56,780.0,655.28,75.29,15630.0,3388.18,12.95,660.0,582.83,20870.0,5559.74,440.5
2020-11-15,16.14,3840.0,968.41,9.93,630.0,446.63,76.27,15360.0,3432.0,11.82,690.0,532.03,20520.0,5379.07,431.65
2020-11-16,16.29,3720.0,977.15,8.12,630.0,365.53,74.24,15150.0,3341.02,12.28,630.0,552.39,20130.0,5236.08,422.77
2020-11-17,15.73,3760.0,943.77,7.71,750.0,347.14,74.47,15000.0,3351.29,11.21,690.0,504.55,20200.0,5146.74,422.45
2020-11-18,15.94,3520.0,956.67,9.24,990.0,415.61,74.03,14940.0,3331.52,12.01,660.0,540.62,20110.0,5244.43,422.57
2020-11-19,14.94,3360.0,896.29,11.94,1020.0,537.19,72.93,14640.0,3281.78,11.81,600.0,531.57,19620.0,5246.83,414.45
2020-11-20,14.27,3440.0,856.29,12.65,990.0,569.45,71.7,14520.0,3226.56,10.79,480.0,485.61,19430.0,5137.9,409.47
2020-11-21,14.56,3520.0,873.85,12.36,870.0,556.07,70.13,14910.0,3155.84,8.78,690.0,394.99,19990.0,4980.74,416.18
2020-11-22,14.98,3560.0,898.59,11.34,810.0,510.16,73.52,15150.0,3308.55,12.48,720.0,561.54,20240.0,5278.85,425.31
2020-11-23,15.15,3480.0,908.99,10.8,780.0,485.88,74.91,14790.0,3370.85,13.75,660.0,618.56,19710.0,5384.27,418.24
2020-11-24,14.79,3560.0,887.15,10.37,870.0,466.43,73.47,14850.0,3305.97,12.91,720.0,580.89,20000.0,5240.43,420.67
2020-11-25,14.99,3520.0,899.48,11.31,660.0,508.99,74.23,14940.0,3340.37,13.62,750.0,612.96,19870.0,5361.81,420.53
2020-11-26,14.82,3320.0,889.41,8.38,750.0,376.97,74.73,14820.0,3362.7,13.73,810.0,617.87,19700.0,5246.95,415.78
2020-11-27,14.01,3360.0,840.41,9.84,810.0,442.64,73.93,15030.0,3326.68,14.88,750.0,669.82,19950.0,5279.55,420.49
2020-11-28,14.18,3400.0,850.5,10.59,1110.0,476.56,75.45,14700.0,3395.04,13.76,720.0,619.25,19930.0,5341.35,421.19
2020-11-29,14.31,3520.0,858.88,14.39,960.0,647.38,74.28,14880.0,3342.42,12.38,960.0,557.25,20320.0,5405.94,428.77
2020-11-30,14.94,3440.0,896.32,12.94,930.0,582.09,75.1,14940.0,3379.59,16.52,900.0,743.18,20210.0,5601.18,430.19
2020-12-01,14.61,3520.0,876.62,11.66,990.0,524.8,76.55,14790.0,3444.96,15.78,780.0,710.24,20080.0,5556.63,427.28
2020-12-02,14.85,3840.0,890.74,12.23,900.0,550.35,74.72,14310.0,3362.31,13.46,810.0,605.67,19860.0,5409.07,421.15
2020-12-03,16.23,3880.0,973.57,11.89,1170.0,534.85,71.45,13950.0,3215.44,14.22,810.0,640.1,19810.0,5363.96,419.57
2020-12-04,16.36,4000.0,981.43,15.08,990.0,678.77,69.64,14100.0,3133.76,14.07,780.0,632.94,19870.0,5426.91,421.62
2020-12-05,16.97,3960.0,1018.43,12.65,840.0,569.26,69.37,13710.0,3121.54,13.4,690.0,603.17,19200.0,5312.4,408.54
2020-12-06,16.81,3680.0,1008.54,10.87,840.0,489.1,68.38,13590.0,3077.3,11.79,780.0,530.39,18890.0,5105.33,399.92
2020-12-07,15.66,3640.0,939.38,10.97,900.0,493.79,67.17,13680.0,3022.53,13.99,630.0,629.74,18850.0,5085.44,398.92
2020-12-08,15.38,3920.0,922.55,11.29,870.0,508.14,67.16,14220.0,3022.19,11.41,540.0,513.59,19550.0,4966.47,408.61
2020-12-09,16.67,3920.0,1000.0,10.6,930.0,476.83,70.17,14280.0,3157.52,10.29,690.0,463.03,19820.0,5097.39,415.29
2020-12-10,16.55,3800.0,993.23,12.11,1050.0,545.16,70.05,13950.0,3152.35,13.1,720.0,589.28,19520.0,5280.01,413.33
2020-12-11,16.12,3760.0,967.28,13.78,1140.0,620.15,69.0,13920.0,3104.93,13.48,810.0,606.46,19630.0,5298.83,415.48
2020-12-12,15.93,3840.0,955.89,14.72,1080.0,662.41,67.77,13890.0,3049.63,14.9,660.0,670.43,19470.0,5338.36,413.47
2020-12-13,16.28,3640.0,976.9,13.77,1050.0,619.45,67.41,14220.0,3033.53,12.25,600.0,551.32,19510.0,5181.2,411.52
2020-12-14,15.39,3760.0,923.25,12.88,960.0,579.49,69.94,14640.0,3147.21,11.4,540.0,512.97,19900.0,5162.92,417.72
2020-12-15,15.83,3920.0,949.79,11.81,960.0,531.31,71.34,14550.0,3210.1,10.0,600.0,450.0,20030.0,5141.2,419.52
2020-12-16,16.54,4120.0,992.15,11.68,990.0,525.6,70.7,14880.0,3181.59,11.28,840.0,507.72,20830.0,5207.05,433.95
2020-12-17,17.46,4200.0,1047.65,12.01,900.0,540.43,71.87,14670.0,3234.21,15.63,810.0,703.52,20580.0,5525.82,435.1
2020-12-18,17.72,4360.0,1063.29,10.76,930.0,484.24,70.86,14940.0,3188.64,15.36,780.0,691.01,21010.0,5427.18,440.62
2020-12-19,18.45,4480.0,1106.75,12.23,960.0,550.19,71.59,14910.0,3221.54,14.79,630.0,665.67,20980.0,5544.15,442.07
2020-12-20,18.88,4320.0,1132.69,12.66,1140.0,569.65,71.95,14730.0,3237.7,11.88,600.0,534.47,20790.0,5474.51,437.74
2020-12-21,18.22,4520.0,1093.3,14.33,960.0,645.0,71.44,14460.0,3214.63,11.21,660.0,504.65,20600.0,5457.58,434.29
2020-12-22,19.2,4800.0,1152.0,12.54,1050.0,564.29,70.09,14670.0,3153.97,12.16,900.0,547.19,21420.0,5417.45,447.29
2020-12-23,20.35,4600.0,1221.07,13.95,1050.0,627.9,71.33,14790.0,3209.91,16.29,720.0,732.95,21160.0,5791.82,449.2
2020-12-24,19.45,4640.0,1166.71,13.61,1410.0,612.34,71.93,14760.0,3237.05,13.28,780.0,597.7,21590.0,5613.8,453.4
2020-12-25,19.71,4440.0,1182.51,17.99,1140.0,809.52,71.18,15150.0,3202.91,14.17,660.0,637.79,21390.0,5832.74,453.71
2020-12-26,18.74,4400.0,1124.52,14.17,1140.0,637.83,74.1,15060.0,3334.28,11.79,810.0,530.46,21410.0,5627.1,450.62
2020-12-27,18.62,4160.0,1116.98,13.74,960.0,618.35,73.65,15000.0,3314.35,14.46,570.0,650.84,20690.0,5700.52,439.84
2020-12-28,17.67,4440.0,1059.93,12.02,1050.0,541.07,74.03,15120.0,3331.39,10.12,780.0,455.42,21390.0,5387.81,446.3
2020-12-29,18.74,4360.0,1124.28,13.3,1050.0,598.72,75.86,14790.0,3413.75,14.22,900.0,640.07,21100.0,5776.82,447.95
2020-12-30,18.44,4120.0,1106.62,13.87,1020.0,624.14,73.44,14670.0,3304.64,16.75,840.0,753.88,20650.0,5789.28,440.65
2020-12-31,17.52,4200.0,1051.33,12.78,1080.0,575.18,72.87,14730.0,3279.07,14.97,720.0,673.71,20730.0,5579.29,438.49
2021-01-01,17.77,4280.0,1066.34,14.47,1230.0,651.34,73.02,14790.0,3286.08,13.55,630.0,609.87,20930.0,5613.63,442.39
2021-01-02,18.15,4120.0,1088.97,15.59,960.0,701.55,73.96,14970.0,3328.01,11.65,540.0,524.12,20590.0,5642.64,437.21
2021-01-03,17.45,4280.0,1046.82,12.26,1170.0,551.92,75.58,15360.0,3401.16,10.06,510.0,452.76,21320.0,5452.65,446.21
2021-01-04,18.05,4600.0,1082.91,15.0,1260.0,675.17,77.43,15690.0,3484.19,9.65,660.0,434.25,22210.0,5676.51,464.78
2021-01-05,19.39,4760.0,1163.68,16.68,1230.0,750.72,79.17,15600.0,3562.63,12.34,750.0,555.47,22340.0,6032.5,472.87
2021-01-06,20.17,4680.0,1210.46,15.95,1290.0,717.79,77.5,16140.0,3487.64,14.11,780.0,635.12,22890.0,6051.0,482.35
2021-01-07,19.81,4720.0,1188.37,16.32,1170.0,734.42,79.88,16020.0,3594.75,15.54,690.0,699.33,22600.0,6216.87,480.28
2021-01-08,20.01,4640.0,1200.5,14.8,1230.0,665.89,79.19,15870.0,3563.45,13.21,660.0,594.66,22400.0,6024.51,473.74
2021-01-09,19.67,4560.0,1180.1,15.46,1110.0,695.84,78.58,15660.0,3536.25,11.8,870.0,531.19,22200.0,5943.38,469.06
2021-01-10,19.22,4440.0,1152.99,13.71,1050.0,617.14,78.24,16050.0,3520.65,15.21,900.0,684.26,22440.0,5975.05,473.58
2021-01-11,18.84,4200.0,1130.48,13.11,1200.0,590.12,79.81,15900.0,3591.47,16.19,750.0,728.61,22050.0,6040.67,468.18
2021-01-12,17.85,4320.0,1071.14,14.68,1020.0,660.81,79.21,16140.0,3564.64,13.82,660.0,621.9,22140.0,5918.5,467.64
2021-01-13,18.22,4120.0,1092.96,12.9,1230.0,580.41,79.73,16020.0,3587.9,12.18,600.0,548.18,21970.0,5809.45,462.99
2021-01-14,17.5,3960.0,1050.13,15.77,1080.0,709.68,79.23,15810.0,3565.2,11.13,720.0,500.94,21570.0,5825.97,456.6
2021-01-15,16.74,3720.0,1004.4,13.55,1170.0,609.59,79.11,15540.0,3560.0,12.49,660.0,562.19,21090.0,5736.17,447.1
2021-01-16,15.77,3920.0,946.09,15.26,1170.0,686.61,78.56,15330.0,3535.06,11.75,900.0,528.93,21320.0,5696.69,450.28
2021-01-17,16.65,4080.0,999.24,15.07,1380.0,678.34,77.29,15660.0,3478.15,16.56,840.0,745.09,21960.0,5900.81,464.35
2021-01-18,17.22,4080.0,1033.23,17.78,1290.0,800.0,79.1,15570.0,3559.63,16.2,570.0,728.82,21510.0,6121.68,460.53
2021-01-19,17.35,4040.0,1041.14,16.71,1020.0,752.05,78.36,15120.0,3526.1,10.58,630.0,475.91,20810.0,5795.2,443.42
2021-01-20,17.12,4120.0,1027.41,13.0,990.0,584.9,76.85,15660.0,3458.28,10.74,570.0,483.43,21340.0,5554.01,448.23
2021-01-21,17.44,4000.0,1046.47,12.66,840.0,569.72,79.13,15810.0,3560.74,10.28,600.0,462.79,21250.0,5639.71,448.16
2021-01-22,16.86,4200.0,1011.51,10.51,900.0,473.02,79.62,15780.0,3582.86,10.45,510.0,470.19,21390.0,5537.59,448.79
2021-01-23,17.73,4240.0,1063.74,11.61,1020.0,522.57,78.38,15420.0,3527.01,9.12,570.0,410.28,21250.0,5523.6,446.23
2021-01-24,17.94,4400.0,1076.65,12.91,1020.0,580.73,75.53,15180.0,3398.92,10.3,600.0,463.72,21200.0,5520.02,445.33
2021-01-25,18.63,4440.0,1117.85,13.13,1170.0,590.97,74.78,15360.0,3365.21,10.82,570.0,487.11,21540.0,5561.14,451.69
2021-01-26,18.86,4360.0,1131.76,15.0,1200.0,675.03,75.91,15300.0,3416.16,10.46,570.0,470.49,21430.0,5693.44,452.06
2021-01-27,18.38,4440.0,1102.68,15.27,1050.0,686.97,76.72,15450.0,3452.32,11.02,720.0,495.98,21660.0,5737.94,456.63
2021-01-28,18.82,4280.0,1129.31,12.79,1080.0,575.54,76.59,15510.0,3446.39,13.88,570.0,624.56,21440.0,5775.8,453.6
2021-01-29,18.17,4080.0,1090.49,12.81,1200.0,576.25,76.8,15630.0,3455.95,10.23,450.0,460.45,21360.0,5583.13,449.05
2021-01-30,17.3,3920.0,1037.93,14.17,1020.0,637.44,78.13,15450.0,3515.86,8.34,540.0,375.18,20930.0,5566.41,441.61
2021-01-31,16.57,4040.0,994.26,12.32,960.0,554.59,76.93,15330.0,3462.04,9.54,750.0,429.42,21080.0,5440.31,442.01
2021-02-01,17.15,4080.0,1029.09,12.45,1080.0,560.22,76.35,15000.0,3435.79,13.47,810.0,606.36,20970.0,5631.46,443.36
2021-02-02,17.3,4160.0,1037.71,13.89,930.0,624.93,75.24,14760.0,3385.77,14.23,900.0,640.22,20750.0,5688.63,440.64
2021-02-03,17.58,3800.0,1055.03,11.9,990.0,535.3,74.05,14670.0,3332.33,16.88,840.0,759.51,20300.0,5682.16,433.04
2021-02-04,16.13,3960.0,967.83,12.89,840.0,579.98,73.83,14790.0,3322.38,15.19,810.0,683.54,20400.0,5553.73,432.56
2021-02-05,16.79,3720.0,1007.14,10.78,930.0,485.16,74.7,14940.0,3361.34,14.25,750.0,641.38,20340.0,5495.01,430.58
2021-02-06,15.81,3760.0,948.37,12.31,990.0,553.97,74.96,15120.0,3373.17,13.97,1020.0,628.57,20890.0,5504.08,439.9
2021-02-07,15.84,3680.0,950.34,13.17,1020.0,592.8,76.7,15090.0,3451.31,19.44,900.0,875.01,20690.0,5869.46,442.66
2021-02-08,15.53,3680.0,931.66,13.23,1170.0,595.43,76.7,14970.0,3451.62,17.55,900.0,789.9,20720.0,5768.62,441.48
2021-02-09,15.61,3680.0,936.46,15.6,1050.0,701.89,76.6,14940.0,3447.1,16.41,810.0,738.37,20480.0,5823.82,438.4
2021-02-10,15.5,3520.0,930.28,14.32,1080.0,644.27,77.28,15210.0,3477.48,14.7,660.0,661.56,20470.0,5713.6,436.39
2021-02-11,14.91,3360.0,894.68,14.62,1110.0,657.9,77.53,15060.0,3488.87,12.67,780.0,570.05,20310.0,5611.5,432.02
2021-02-12,14.25,3800.0,854.95,14.6,1140.0,657.0,76.73,15120.0,3452.98,14.34,900.0,645.47,20960.0,5610.4,442.84
2021-02-13,16.07,4040.0,964.16,14.58,1170.0,656.16,75.44,14760.0,3394.7,16.93,720.0,762.0,20690.0,5777.02,441.12
2021-02-14,17.07,4000.0,1024.4,14.21,990.0,639.38,73.52,14640.0,3308.29,13.27,600.0,597.07,20230.0,5569.14,429.99
2021-02-15,16.89,3920.0,1013.5,12.41,990.0,558.49,72.98,14250.0,3284.01,11.22,480.0,504.84,19640.0,5360.84,416.68
2021-02-16,16.57,3880.0,994.28,12.9,870.0,580.41,71.58,14220.0,3220.98,8.31,480.0,374.03,19450.0,5169.71,410.33
2021-02-17,16.47,3600.0,988.48,10.75,930.0,483.87,71.33,14400.0,3209.75,8.0,600.0,360.03,19530.0,5042.13,409.54
2021-02-18,15.21,3680.0,912.55,11.89,990.0,534.98,71.68,14370.0,3225.58,10.3,630.0,463.54,19670.0,5136.65,413.44
2021-02-19,15.51,3600.0,930.74,12.41,1080.0,558.65,72.7,14370.0,3271.41,11.72,660.0,527.48,19710.0,5288.28,416.64
2021-02-20,15.26,3400.0,915.38,13.18,960.0,593.07,73.3,14700.0,3298.48,11.81,810.0,531.28,19870.0,5338.21,420.14
2021-02-21,14.37,3040.0,861.99,11.89,870.0,534.91,74.19,14880.0,3338.43,15.1,690.0,679.42,19480.0,5414.75,414.91
2021-02-22,12.95,3360.0,777.0,10.86,900.0,488.75,76.09,15270.0,3423.96,12.22,540.0,549.96,20070.0,5239.67,421.83
2021-02-23,14.14,3480.0,848.61,11.8,960.0,530.9,77.66,15330.0,3494.64,10.08,780.0,453.5,20550.0,5327.66,431.29
2021-02-24,14.8,3600.0,887.79,12.61,990.0,567.58,79.52,15510.0,3578.18,14.6,840.0,656.84,20940.0,5690.38,443.84
2021-02-25,15.17,3640.0,910.17,12.36,660.0,556.31,80.16,15570.0,3607.15,15.98,780.0,718.99,20650.0,5792.62,440.71
2021-02-26,15.48,3520.0,928.76,8.47,810.0,381.22,78.91,15240.0,3550.79,14.11,720.0,634.97,20290.0,5495.74,429.76
2021-02-27,14.89,3440.0,893.42,10.04,990.0,451.67,77.78,15510.0,3500.15,12.81,720.0,576.41,20660.0,5421.65,434.69
2021-02-28,14.57,3360.0,874.22,12.32,990.0,554.18,79.18,15210.0,3563.2,12.74,780.0,573.17,20340.0,5564.77,431.75
2021-03-01,14.3,3280.0,858.27,12.25,1230.0,551.19,71.69,14640.0,3226.04,13.39,660.0,602.51,19810.0,5238.01,417.47
2021-03-02,13.91,3240.0,834.86,16.43,1050.0,739.53,66.94,14850.0,3012.27,11.44,570.0,514.96,19710.0,5101.63,413.53
2021-03-03,13.76,3480.0,825.57,13.8,1050.0,621.06,68.15,15060.0,3066.58,10.5,630.0,472.28,20220.0,4985.5,420.09
2021-03-04,14.65,3920.0,878.8,13.62,1050.0,612.89,68.19,15000.0,3068.41,11.31,600.0,508.76,20570.0,5068.87,427.31
2021-03-05,16.57,3560.0,994.13,13.52,1140.0,608.4,67.77,15390.0,3049.52,10.53,600.0,473.82,20690.0,5125.86,430.26
2021-03-06,15.12,3840.0,907.09,14.14,1020.0,636.14,70.57,14940.0,3175.61,10.56,600.0,475.28,20400.0,5194.12,426.57
2021-03-07,16.28,4000.0,976.99,12.46,900.0,560.6,67.03,15090.0,3016.39,10.99,600.0,494.33,20590.0,5048.32,427.31
2021-03-08,16.91,4000.0,1014.75,11.48,690.0,516.57,68.24,15390.0,3070.79,11.08,540.0,498.76,20620.0,5100.87,428.68
2021-03-09,16.93,4040.0,1015.64,8.74,810.0,393.32,70.83,15150.0,3187.26,10.09,600.0,454.16,20600.0,5050.38,427.51
2021-03-10,17.11,3880.0,1026.53,10.5,750.0,472.67,68.48,15030.0,3081.45,11.34,630.0,510.5,20290.0,5091.16,423.02
2021-03-11,16.41,3680.0,984.8,9.19,810.0,413.48,68.19,15390.0,3068.77,11.49,900.0,516.84,20780.0,4983.89,429.4
2021-03-12,15.5,3760.0,929.81,10.27,720.0,462.01,69.12,15570.0,3110.26,16.78,900.0,755.28,20950.0,5257.35,436.79
2021-03-13,15.92,3520.0,955.24,9.13,840.0,410.63,69.22,15870.0,3114.7,16.35,810.0,735.64,21040.0,5216.2,437.6
2021-03-14,14.92,3480.0,895.09,10.55,810.0,474.89,70.55,15660.0,3174.9,15.68,750.0,705.46,20700.0,5250.34,432.51
2021-03-15,14.76,3280.0,885.77,10.36,750.0,466.06,70.05,15780.0,3152.11,14.19,420.0,638.42,20230.0,5142.36,422.87
2021-03-16,13.96,3440.0,837.39,9.4,930.0,423.16,71.14,15660.0,3201.2,8.34,630.0,375.13,20660.0,4836.88,424.95
2021-03-17,14.64,3240.0,878.46,11.31,840.0,508.77,71.44,15960.0,3214.8,11.55,540.0,519.79,20580.0,5121.82,428.36
2021-03-18,13.69,3200.0,821.16,10.91,1020.0,490.94,71.56,15750.0,3220.06,9.76,600.0,439.25,20570.0,4971.4,425.69
2021-03-19,13.57,3080.0,814.19,12.53,930.0,563.83,71.62,16140.0,3222.78,11.28,600.0,507.47,20750.0,5108.27,430.97
2021-03-20,12.97,3240.0,777.93,11.56,990.0,520.1,73.26,15750.0,3296.9,11.17,390.0,502.69,20370.0,5097.62,424.46
2021-03-21,13.65,3080.0,818.91,12.85,810.0,578.03,70.99,15510.0,3194.62,7.72,330.0,347.43,19730.0,4938.99,411.15
2021-03-22,13.03,3280.0,781.85,10.08,780.0,453.65,68.97,15930.0,3103.63,6.03,360.0,271.26,20350.0,4610.39,416.01
2021-03-23,13.87,3160.0,832.33,9.58,750.0,431.07,71.65,15270.0,3224.24,6.44,330.0,289.58,19510.0,4777.22,404.79
2021-03-24,13.39,3160.0,803.15,9.68,750.0,435.45,68.96,15330.0,3103.3,5.97,360.0,268.65,19600.0,4610.55,403.51
2021-03-25,13.32,2960.0,799.23,9.7,780.0,436.28,70.35,14850.0,3165.56,6.47,510.0,291.25,19100.0,4692.31,396.54
2021-03-26,12.59,3280.0,755.34,9.58,720.0,431.2,68.37,15420.0,3076.48,8.99,480.0,404.34,19900.0,4667.37,409.46
2021-03-27,13.84,3160.0,830.62,9.54,750.0,429.18,70.22,15810.0,3159.73,8.61,480.0,387.45,20200.0,4806.99,416.78
2021-03-28,13.36,3520.0,801.74,10.14,870.0,456.35,71.83,15510.0,3232.24,8.84,420.0,397.91,20320.0,4888.24,420.14
2021-03-29,14.82,3440.0,889.48,11.83,1020.0,532.17,71.13,15330.0,3201.0,8.06,600.0,362.68,20390.0,4985.33,422.92
2021-03-30,14.52,3080.0,870.94,14.31,990.0,643.8,70.23,14970.0,3160.24,11.26,720.0,506.78,19760.0,5181.76,415.7
2021-03-31,13.07,3280.0,784.44,13.55,1050.0,609.93,69.33,15060.0,3119.69,12.76,660.0,574.21,20050.0,5088.28,418.97
2021-04-01,13.91,3200.0,834.48,13.74,960.0,618.32,80.1,15150.0,3604.7,11.98,630.0,539.32,19940.0,5596.83,425.61
2021-04-02,13.58,3560.0,815.1,12.91,1020.0,581.13,80.77,14730.0,3634.5,11.31,630.0,508.96,19940.0,5539.69,424.66
2021-04-03,15.01,3240.0,900.58,13.71,840.0,617.04,80.74,14550.0,3633.12,11.22,690.0,504.99,19320.0,5655.73,416.26
2021-04-04,13.65,3080.0,819.22,10.95,810.0,492.83,78.32,14730.0,3524.29,12.38,720.0,557.02,19340.0,5393.35,412.22
2021-04-05,13.04,3200.0,782.1,10.81,930.0,486.46,79.18,14370.0,3562.95,13.41,630.0,603.36,19130.0,5434.86,409.41
2021-04-06,13.54,3160.0,812.22,12.31,900.0,553.83,78.48,14820.0,3531.7,11.28,720.0,507.82,19600.0,5405.57,416.76
2021-04-07,13.45,3320.0,806.77,11.99,900.0,539.4,79.2,14550.0,3563.88,12.8,690.0,576.14,19460.0,5486.19,415.77
2021-04-08,14.05,3560.0,842.87,12.06,1020.0,542.7,76.65,14610.0,3449.1,12.41,540.0,558.32,19730.0,5393.0,418.72
2021-04-09,15.06,3720.0,903.33,13.36,960.0,600.99,77.07,14610.0,3467.99,9.75,720.0,438.9,20010.0,5411.21,423.69
2021-04-10,15.72,3880.0,943.4,12.5,960.0,562.3,75.66,14490.0,3404.68,12.74,840.0,573.34,20170.0,5483.71,427.56
2021-04-11,16.45,4000.0,986.84,11.99,900.0,539.51,75.62,14520.0,3402.95,15.09,630.0,678.98,20050.0,5608.27,427.64
2021-04-12,16.88,3800.0,1012.77,11.26,1140.0,506.72,75.62,14370.0,3402.8,11.12,570.0,500.26,19880.0,5422.54,421.71
2021-04-13,16.05,4080.0,963.2,14.67,1050.0,659.95,75.22,14280.0,3385.0,9.78,570.0,439.94,19980.0,5448.09,423.8
2021-04-14,17.23,3920.0,1033.77,13.68,1050.0,615.77,74.72,14130.0,3362.24,9.9,570.0,445.55,19670.0,5457.32,418.79
2021-04-15,16.51,3920.0,990.8,12.99,990.0,584.74,73.93,13890.0,3327.05,10.06,510.0,452.7,19310.0,5355.29,411.09
2021-04-16,16.6,3960.0,995.75,12.44,1020.0,560.01,73.35,13590.0,3300.78,8.81,600.0,396.64,19170.0,5253.17,407.05
2021-04-17,16.83,3720.0,1010.01,12.74,960.0,573.33,71.64,13560.0,3223.89,10.76,630.0,484.21,18870.0,5291.44,402.69
2021-04-18,15.68,3800.0,940.6,12.54,1140.0,564.33,70.78,13740.0,3184.94,11.63,720.0,523.18,19400.0,5213.04,410.22
2021-04-19,16.07,3840.0,964.2,14.56,1110.0,655.31,72.35,13590.0,3255.95,12.77,720.0,574.57,19260.0,5450.02,411.83
2021-04-20,16.23,4000.0,973.64,14.06,1020.0,632.61,71.83,13410.0,3232.46,13.55,540.0,609.81,18970.0,5448.52,406.98
2021-04-21,16.87,3760.0,1011.97,12.89,1080.0,579.83,70.94,13230.0,3192.51,10.59,600.0,476.36,18670.0,5260.67,398.84
2021-04-22,15.87,3680.0,952.38,14.27,1140.0,642.33,69.88,12810.0,3144.67,11.28,570.0,507.64,18200.0,5247.02,390.78
2021-04-23,15.56,4040.0,933.35,14.62,1140.0,657.93,67.08,12750.0,3018.61,10.41,360.0,468.43,18290.0,5078.32,389.47
2021-04-24,17.15,4000.0,1029.29,14.33,1110.0,644.63,66.36,13170.0,2986.14,6.79,420.0,305.75,18700.0,4965.8,394.43
2021-04-25,16.96,3960.0,1017.56,13.7,1140.0,616.38,69.46,13200.0,3125.78,7.99,480.0,359.75,18780.0,5119.46,398.32
2021-04-26,16.8,3840.0,1007.81,13.98,1140.0,629.11,69.25,13380.0,3116.4,9.22,540.0,414.71,18900.0,5168.02,401.13
2021-04-27,16.32,4080.0,979.4,13.46,1500.0,605.53,70.14,13410.0,3156.16,10.27,420.0,462.14,19410.0,5203.23,410.22
2021-04-28,17.28,3960.0,1037.06,18.41,1170.0,828.47,71.45,13890.0,3215.37,7.94,570.0,357.35,19590.0,5438.26,417.14
2021-04-29,16.73,3960.0,1003.7,14.54,1410.0,654.16,74.52,14190.0,3353.32,10.9,750.0,490.65,20310.0,5501.83,430.2
2021-04-30,16.77,3920.0,1006.46,17.86,1290.0,803.6,76.18,13950.0,3427.89,14.41,870.0,648.56,20030.0,5886.51,431.94
2021-05-01,16.64,3920.0,998.6,15.84,1260.0,712.69,73.97,13740.0,3328.87,16.1,780.0,724.4,19700.0,5764.56,424.41
2021-05-02,16.53,3760.0,992.06,15.79,1260.0,710.67,72.58,13590.0,3265.93,14.52,660.0,653.45,19270.0,5622.12,414.87
2021-05-03,15.94,3840.0,956.16,15.28,1050.0,687.78,71.47,13710.0,3216.07,12.58,600.0,566.27,19200.0,5426.27,410.44
2021-05-04,16.29,3880.0,977.13,13.09,1020.0,588.95,72.53,14280.0,3263.79,11.69,690.0,526.19,19870.0,5356.06,420.43
2021-05-05,16.41,3840.0,984.38,12.69,840.0,571.07,74.45,14460.0,3350.33,13.01,540.0,585.32,19680.0,5491.1,419.52
2021-05-06,16.17,3640.0,970.1,10.72,1140.0,482.28,76.25,13920.0,3431.13,10.06,480.0,452.83,19180.0,5336.34,408.61
2021-05-07,15.46,3520.0,927.76,14.36,1080.0,646.24,72.01,13920.0,3240.67,8.76,660.0,394.07,19180.0,5208.73,406.48
2021-05-08,14.88,3480.0,892.58,13.54,1110.0,609.37,71.85,14040.0,3233.07,12.06,810.0,542.52,19440.0,5277.54,411.96
2021-05-09,14.73,3440.0,883.68,14.07,1020.0,633.03,73.26,14340.0,3296.7,14.7,630.0,661.53,19430.0,5474.95,415.08
2021-05-10,14.6,3640.0,876.29,12.56,960.0,565.29,75.32,14550.0,3389.25,11.58,810.0,521.32,19960.0,5352.15,421.87
2021-05-11,15.35,3400.0,920.93,12.33,960.0,554.72,76.62,14100.0,3448.0,14.58,690.0,656.09,19150.0,5579.75,412.16
2021-05-12,14.44,3320.0,866.6,12.16,1080.0,547.36,73.52,14130.0,3308.42,12.57,630.0,565.86,19160.0,5288.24,407.47
2021-05-13,14.03,3400.0,841.78,13.33,1050.0,599.64,72.37,13800.0,3256.55,11.8,840.0,531.14,19090.0,5229.11,405.32
2021-05-14,14.36,3600.0,861.79,13.07,990.0,588.18,70.11,14010.0,3154.99,15.06,840.0,677.85,19440.0,5282.82,412.05
2021-05-15,15.32,3560.0,919.05,12.27,930.0,552.35,71.35,14310.0,3210.86,14.82,840.0,667.03,19640.0,5349.29,416.49
2021-05-16,15.09,4000.0,905.67,10.97,1260.0,493.62,73.01,14400.0,3285.55,14.68,1050.0,660.62,20710.0,5345.46,434.26
2021-05-17,16.94,3960.0,1016.45,15.02,1020.0,675.9,73.12,14790.0,3290.61,18.49,810.0,831.89,20580.0,5814.85,439.91
2021-05-18,16.78,4000.0,1006.89,12.25,1050.0,551.31,75.39,14280.0,3392.48,14.22,810.0,640.01,20140.0,5590.69,428.84
2021-05-19,16.99,3680.0,1019.27,13.01,1080.0,585.52,73.55,14250.0,3309.89,14.58,750.0,656.27,19760.0,5570.95,422.18
2021-05-20,15.64,3920.0,938.13,13.08,1020.0,588.6,73.85,14130.0,3323.12,13.49,630.0,607.2,19700.0,5457.04,419.28
2021-05-21,16.54,3800.0,992.62,13.1,960.0,589.5,73.13,14490.0,3291.03,11.71,750.0,526.8,20000.0,5399.96,423.33
2021-05-22,16.11,3680.0,966.78,12.07,990.0,542.96,75.59,14670.0,3401.76,13.53,750.0,608.78,20090.0,5520.28,426.84
2021-05-23,15.59,3600.0,935.16,12.34,1050.0,555.16,76.76,15150.0,3454.02,13.51,750.0,607.82,20550.0,5552.16,435.04
2021-05-24,15.32,3400.0,919.05,13.52,1020.0,608.58,78.76,14820.0,3544.34,13.27,630.0,597.12,19870.0,5669.1,425.65
2021-05-25,14.42,3560.0,865.03,13.27,930.0,597.35,76.59,14910.0,3446.72,11.36,750.0,511.24,20150.0,5420.34,426.17
2021-05-26,15.02,3480.0,901.43,11.88,1050.0,534.58,76.65,14910.0,3449.2,13.38,570.0,602.25,20010.0,5487.46,424.96
2021-05-27,14.68,3320.0,880.87,13.9,960.0,625.65,76.46,14430.0,3440.63,9.79,780.0,440.39,19490.0,5387.54,414.63
2021-05-28,14.06,3080.0,843.48,12.61,1020.0,567.48,74.25,14610.0,3341.35,13.28,810.0,597.6,19520.0,5349.9,414.5
2021-05-29,13.03,3200.0,781.94,13.13,870.0,590.96,75.55,14580.0,3399.67,14.28,960.0,642.74,19610.0,5415.31,417.09
2021-05-30,13.53,3280.0,812.09,11.01,900.0,495.65,75.43,14340.0,3394.49,16.5,900.0,742.57,19420.0,5444.79,414.41
2021-05-31,13.95,3320.0,837.13,11.11,990.0,499.76,73.51,13740.0,3307.8,15.38,810.0,692.24,18860.0,5336.92,403.28
2021-06-01,14.13,3120.0,847.77,13.23,930.0,595.28,68.44,14490.0,3079.91,14.05,780.0,632.16,19320.0,5155.12,407.92
2021-06-02,13.26,3160.0,795.67,12.27,870.0,551.95,71.92,14610.0,3236.41,14.11,660.0,634.99,19300.0,5219.02,408.65
2021-06-03,13.39,3240.0,803.17,11.96,930.0,538.39,72.29,14550.0,3253.13,11.83,570.0,532.35,19290.0,5127.05,406.95
2021-06-04,13.66,3440.0,819.57,11.87,1020.0,534.1,72.67,14550.0,3270.2,10.44,450.0,469.91,19460.0,5093.77,409.23
2021-06-05,14.56,3400.0,873.81,12.57,1080.0,565.78,71.38,14610.0,3211.98,8.23,690.0,370.21,19780.0,5021.79,413.36
2021-06-06,14.47,3200.0,868.09,13.66,1080.0,614.71,71.51,14340.0,3217.76,12.64,450.0,569.02,19070.0,5269.58,405.66
2021-06-07,13.54,3480.0,812.54,13.74,930.0,618.27,70.47,13950.0,3171.05,8.09,570.0,364.17,18930.0,4966.04,398.27
2021-06-08,14.8,3560.0,888.3,11.7,840.0,526.66,68.08,14100.0,3063.48,10.32,450.0,464.33,18950.0,4942.77,398.21
2021-06-09,15.01,3280.0,900.44,10.88,930.0,489.53,69.63,14370.0,3133.42,7.69,480.0,346.1,19060.0,4869.49,398.82
2021-06-10,13.82,3360.0,829.26,12.19,870.0,548.67,70.69,14340.0,3180.96,8.44,450.0,379.83,19020.0,4938.72,399.31
2021-06-11,14.19,3240.0,851.39,11.02,870.0,495.99,69.85,14460.0,3143.46,8.07,540.0,363.27,19110.0,4854.12,399.4
2021-06-12,13.65,3240.0,818.99,10.88,930.0,489.5,69.38,14430.0,3122.17,9.65,870.0,434.39,19470.0,4865.04,405.58
2021-06-13,13.71,3240.0,822.55,11.89,1050.0,535.27,70.29,14700.0,3163.1,15.31,660.0,689.08,19650.0,5210.0,414.33
2021-06-14,13.76,3280.0,825.5,13.55,870.0,609.96,71.55,14730.0,3219.89,12.48,780.0,561.44,19660.0,5216.78,414.61
2021-06-15,13.8,3400.0,827.96,10.85,1050.0,488.4,71.25,15150.0,3206.26,14.34,750.0,645.08,20350.0,5167.7,425.3
2021-06-16,14.34,3440.0,860.47,12.69,1050.0,571.0,73.74,15090.0,3318.51,13.87,540.0,623.98,20120.0,5373.96,424.9
2021-06-17,14.62,3280.0,877.32,13.09,1170.0,588.91,74.86,14790.0,3368.66,10.31,750.0,463.83,19990.0,5298.72,421.48
2021-06-18,13.84,3240.0,830.37,14.68,1020.0,660.75,73.93,15030.0,3326.73,14.63,810.0,658.14,20100.0,5475.99,426.27
2021-06-19,13.7,3040.0,821.84,12.32,870.0,554.33,74.83,14790.0,3367.16,15.02,780.0,675.91,19480.0,5419.24,414.99
2021-06-20,12.9,2960.0,774.13,10.65,1110.0,479.1,74.01,14640.0,3330.48,14.27,690.0,642.1,19400.0,5225.8,410.43
2021-06-21,12.58,3040.0,754.81,13.88,1140.0,624.61,73.18,14430.0,3293.0,13.06,750.0,587.53,19360.0,5259.95,410.33
2021-06-22,12.82,2800.0,769.23,14.12,930.0,635.3,71.21,14580.0,3204.44,14.12,750.0,635.38,19060.0,5244.35,405.07
2021-06-23,11.84,2920.0,710.1,11.65,1080.0,524.38,71.85,14580.0,3233.24,14.06,540.0,632.81,19120.0,5100.53,403.68
2021-06-24,12.37,3040.0,742.25,13.29,1110.0,598.05,72.44,14940.0,3259.82,10.75,450.0,483.57,19540.0,5083.7,410.39
2021-06-25,12.82,2880.0,768.96,13.33,960.0,599.79,73.14,15060.0,3291.31,8.11,450.0,364.9,19350.0,5024.96,406.25
2021-06-26,12.17,2960.0,730.2,11.67,810.0,525.0,74.7,14820.0,3361.59,8.63,390.0,388.19,18980.0,5004.99,399.75
2021-06-27,12.48,3040.0,748.79,10.25,810.0,461.47,74.08,14580.0,3333.47,7.1,480.0,319.62,18910.0,4863.35,396.22
2021-06-28,12.91,3040.0,774.39,10.31,840.0,464.03,71.31,14700.0,3208.96,8.69,750.0,391.04,19330.0,4838.42,402.81
2021-06-29,12.92,2960.0,775.34,10.88,960.0,489.52,73.1,14010.0,3289.43,13.73,780.0,617.95,18710.0,5172.25,398.04
2021-06-30,12.6,3080.0,755.81,12.13,900.0,545.82,68.49,14700.0,3081.83,14.46,630.0,650.78,19310.0,5034.24,405.74
2021-07-01,13.0,3080.0,780.22,10.96,930.0,493.21,75.8,15090.0,3411.2,11.05,510.0,497.1,19610.0,5181.73,413.2
2021-07-02,13.0,3240.0,780.18,11.53,960.0,518.69,76.67,15030.0,3450.22,9.15,690.0,411.93,19920.0,5161.03,418.02
2021-07-03,13.68,3320.0,820.78,11.74,870.0,528.25,76.98,14790.0,3464.21,12.05,750.0,542.26,19730.0,5355.51,418.09
2021-07-04,14.07,3160.0,844.35,10.98,660.0,494.13,75.94,14970.0,3417.18,13.37,900.0,601.45,19690.0,5357.11,417.45
2021-07-05,13.38,3360.0,802.98,8.08,870.0,363.75,76.84,14970.0,3458.01,16.96,840.0,763.19,20040.0,5387.94,423.8
2021-07-06,14.16,3480.0,849.88,10.81,840.0,486.23,77.27,14940.0,3476.96,16.06,600.0,722.8,19860.0,5535.87,423.26
2021-07-07,14.64,3600.0,878.68,10.66,840.0,479.77,76.41,15180.0,3438.66,11.68,600.0,525.44,20220.0,5322.55,425.71
2021-07-08,15.21,3560.0,912.77,10.92,960.0,491.33,77.08,15030.0,3468.61,11.33,690.0,509.94,20240.0,5382.64,427.04
2021-07-09,15.01,3640.0,900.45,13.06,930.0,587.75,76.79,14490.0,3455.67,12.72,840.0,572.47,19900.0,5516.33,423.61
2021-07-10,15.34,3560.0,920.69,12.45,1080.0,560.19,73.39,14190.0,3302.43,15.37,990.0,691.77,19820.0,5475.08,421.58
2021-07-11,15.12,3440.0,907.03,13.96,1110.0,628.14,72.36,14310.0,3256.14,18.11,870.0,815.02,19730.0,5606.32,422.27
2021-07-12,14.59,3560.0,875.36,14.48,840.0,651.68,74.1,15060.0,3334.42,16.1,750.0,724.29,20210.0,5585.75,429.93
2021-07-13,15.0,3560.0,899.85,10.87,990.0,489.32,77.12,14520.0,3470.42,13.57,840.0,610.74,19910.0,5470.32,423.01
2021-07-14,15.0,3400.0,899.88,12.24,1110.0,550.9,74.16,14700.0,3337.07,14.72,750.0,662.22,19960.0,5450.07,423.5
2021-07-15,14.32,3720.0,859.27,13.56,960.0,610.03,74.98,14520.0,3374.24,12.59,780.0,566.49,19980.0,5410.02,423.17
2021-07-16,15.79,3800.0,947.42,12.0,1050.0,539.96,74.15,14820.0,3336.88,13.77,750.0,619.63,20420.0,5443.9,431.06
2021-07-17,16.16,3640.0,969.87,13.31,1140.0,598.93,75.82,15030.0,3412.08,13.78,750.0,619.9,20560.0,5600.78,436.01
2021-07-18,15.46,3800.0,927.57,14.19,1110.0,638.52,77.16,15360.0,3472.0,13.35,630.0,600.66,20900.0,5638.74,442.31
2021-07-19,16.06,4000.0,963.53,13.53,960.0,608.86,79.84,15840.0,3592.77,10.82,480.0,486.86,21280.0,5652.02,448.87
2021-07-20,16.9,3960.0,1013.72,11.82,1080.0,531.84,82.36,16140.0,3706.04,8.69,780.0,390.88,21960.0,5642.49,460.04
2021-07-21,16.74,3800.0,1004.63,13.3,1050.0,598.42,82.99,15930.0,3734.62,13.26,840.0,596.72,21620.0,5934.4,459.24
2021-07-22,16.11,3920.0,966.6,12.89,960.0,579.92,82.03,15840.0,3691.18,15.04,840.0,676.82,21560.0,5914.52,457.91
2021-07-23,16.6,3800.0,995.96,12.24,930.0,551.0,79.51,15990.0,3578.11,14.9,660.0,670.6,21380.0,5795.67,452.93
2021-07-24,16.16,3760.0,969.55,11.81,1200.0,531.52,82.04,15690.0,3691.97,11.94,960.0,537.27,21610.0,5730.32,455.67
2021-07-25,15.96,3760.0,957.78,15.1,1080.0,679.38,79.93,15750.0,3597.07,16.86,1080.0,758.91,21670.0,5993.13,461.05
2021-07-26,15.97,3560.0,958.15,13.78,1140.0,619.96,79.91,15570.0,3595.91,18.49,1170.0,831.97,21440.0,6005.99,457.43
2021-07-27,15.13,3600.0,907.68,15.06,900.0,677.76,80.18,15930.0,3607.93,20.66,930.0,929.68,21360.0,6123.05,458.05
2021-07-28,15.28,3520.0,916.53,11.49,870.0,516.93,82.08,15840.0,3693.63,17.64,720.0,793.95,20950.0,5921.05,447.85
2021-07-29,14.89,3400.0,893.42,11.02,990.0,495.92,80.51,15660.0,3622.79,12.89,690.0,580.13,20740.0,5592.26,438.87
2021-07-30,14.4,3440.0,864.06,12.4,960.0,557.84,79.75,15690.0,3588.72,11.98,780.0,539.03,20870.0,5549.65,440.33
2021-07-31,14.5,3160.0,870.14,12.0,840.0,539.93,80.43,15870.0,3619.42,13.76,810.0,619.23,20680.0,5648.72,438.81
2021-08-01,13.4,3160.0,804.09,10.65,930.0,479.16,81.6,15990.0,3671.97,14.36,630.0,645.98,20710.0,5601.2,438.52
2021-08-02,13.33,3160.0,800.01,11.71,870.0,526.73,81.32,15900.0,3659.31,11.23,750.0,505.31,20680.0,5491.36,436.19
2021-08-03,13.45,3320.0,806.78,11.05,1050.0,497.08,78.74,15780.0,3543.19,13.18,510.0,593.28,20660.0,5440.33,435.01
2021-08-04,14.05,3240.0,842.88,13.16,1080.0,592.16,77.96,15780.0,3508.35,9.57,750.0,430.82,20850.0,5374.21,437.07
2021-08-05,13.7,3440.0,822.08,13.54,1050.0,609.49,77.98,15960.0,3508.98,13.09,1110.0,589.26,21560.0,5529.81,451.5
2021-08-06,14.6,3560.0,875.9,13.47,1140.0,606.22,78.69,15930.0,3541.26,20.41,900.0,918.43,21530.0,5941.82,457.86
2021-08-07,15.0,3520.0,900.3,14.61,1050.0,657.31,78.92,15810.0,3551.55,17.41,660.0,783.33,21040.0,5892.49,448.87
2021-08-08,14.83,3560.0,890.09,13.76,1050.0,619.34,78.88,15900.0,3549.61,12.29,600.0,553.1,21110.0,5612.13,445.37
2021-08-09,15.03,3800.0,901.92,13.31,900.0,599.04,78.16,15870.0,3517.41,11.16,510.0,502.26,21080.0,5520.64,443.34
2021-08-10,16.04,3920.0,962.55,11.63,1170.0,523.38,77.88,16170.0,3504.73,9.76,690.0,439.06,21950.0,5429.73,456.33
2021-08-11,16.54,3880.0,992.59,15.0,1020.0,675.13,80.8,15900.0,3636.22,12.76,600.0,574.07,21400.0,5878.01,454.63
2021-08-12,16.45,3560.0,987.07,13.19,1020.0,593.42,78.77,15720.0,3544.66,11.03,570.0,496.17,20870.0,5621.33,441.52
2021-08-13,15.02,3600.0,901.23,13.55,1050.0,609.7,78.54,15420.0,3534.09,10.45,750.0,470.28,20820.0,5515.3,438.92
2021-08-14,15.19,3760.0,911.18,13.55,1170.0,609.79,76.32,15780.0,3434.39,13.61,690.0,612.67,21400.0,5568.02,449.47
2021-08-15,15.83,3720.0,949.92,14.99,1140.0,674.45,78.15,15450.0,3516.89,12.08,900.0,543.74,21210.0,5684.98,448.25
2021-08-16,15.69,3720.0,941.46,14.9,1110.0,670.7,75.37,15360.0,3391.58,16.19,750.0,728.49,20940.0,5732.24,444.54
2021-08-17,15.74,3680.0,944.6,14.79,960.0,665.56,76.18,15720.0,3428.25,12.81,840.0,576.59,21200.0,5615.01,446.92
2021-08-18,15.62,3840.0,937.05,12.16,870.0,547.22,79.12,15450.0,3560.61,14.42,900.0,649.05,21060.0,5693.93,445.9
2021-08-19,16.19,3760.0,971.41,11.23,990.0,505.34,77.47,15900.0,3486.04,15.34,930.0,690.25,21580.0,5653.05,453.88
2021-08-20,15.99,3680.0,959.32,12.9,930.0,580.4,79.45,15570.0,3575.24,16.37,720.0,736.61,20900.0,5851.57,445.86
2021-08-21,15.65,3880.0,939.12,11.89,1140.0,535.17,78.57,15570.0,3535.7,12.29,690.0,553.08,21280.0,5563.08,447.38
2021-08-22,16.39,3560.0,983.29,14.19,1050.0,638.37,77.64,15300.0,3493.97,12.82,720.0,576.81,20630.0,5692.44,438.71
2021-08-23,15.14,3800.0,908.24,12.78,960.0,575.3,76.57,15000.0,3445.57,13.09,780.0,588.94,20540.0,5518.05,434.3
2021-08-24,16.13,4120.0,967.79,11.73,930.0,527.95,75.33,15510.0,3389.68,14.24,600.0,640.75,21160.0,5526.18,444.77
2021-08-25,17.46,4040.0,1047.74,11.2,900.0,504.05,78.93,15360.0,3552.04,10.82,540.0,487.06,20840.0,5590.89,440.51
2021-08-26,17.05,3960.0,1022.72,10.64,960.0,478.86,78.4,15540.0,3527.88,9.82,660.0,441.92,21120.0,5471.38,443.19
2021-08-27,16.7,4040.0,1001.95,11.44,1020.0,514.62,78.87,15420.0,3549.02,11.66,540.0,524.54,21020.0,5590.13,443.5
2021-08-28,17.09,3840.0,1025.32,12.55,990.0,564.61,79.54,15630.0,3579.44,9.83,510.0,442.52,20970.0,5611.89,443.03
2021-08-29,16.23,3920.0,973.63,11.94,1050.0,537.31,80.38,15330.0,3617.22,9.37,570.0,421.53,20870.0,5549.69,440.33
2021-08-30,16.53,3880.0,991.64,12.68,1080.0,570.57,78.93,15120.0,3551.96,10.47,810.0,471.04,20890.0,5585.2,441.25
2021-08-31,16.44,3720.0,986.28,13.26,1080.0,596.54,76.67,14940.0,3450.26,15.33,750.0,690.02,20490.0,5723.1,436.88
2021-09-01,15.69,3640.0,941.2,13.42,1320.0,604.07,73.45,14790.0,3305.45,13.71,690.0,617.16,20440.0,5467.88,431.8
2021-09-02,15.4,3840.0,924.07,16.31,1110.0,734.09,72.96,15240.0,3283.32,12.88,570.0,579.67,20760.0,5521.15,438.02
2021-09-03,16.18,3760.0,970.78,13.98,960.0,629.15,73.47,15300.0,3306.12,10.53,690.0,473.67,20710.0,5379.73,434.83
2021-09-04,15.98,3560.0,958.8,12.08,1050.0,543.45,73.68,15360.0,3315.69,12.29,570.0,552.83,20540.0,5370.76,431.85
2021-09-05,15.14,3800.0,908.21,13.49,1260.0,607.13,75.9,15780.0,3415.6,10.39,570.0,467.67,21410.0,5398.62,446.81
2021-09-06,16.13,3640.0,967.77,15.69,1260.0,706.08,78.4,16050.0,3528.07,10.17,630.0,457.45,21580.0,5659.37,453.99
2021-09-07,15.43,3480.0,925.82,15.65,1260.0,704.38,79.77,16320.0,3589.78,11.15,720.0,501.9,21780.0,5721.88,458.36
2021-09-08,14.68,3720.0,880.82,15.74,1140.0,708.3,81.54,16800.0,3669.27,12.65,660.0,569.13,22320.0,5827.52,469.13
2021-09-09,15.75,4120.0,945.01,14.24,1350.0,640.73,83.59,17070.0,3761.75,11.61,750.0,522.57,23290.0,5870.06,486.0
2021-09-10,17.49,4200.0,1049.13,16.9,1200.0,760.66,84.66,16920.0,3809.53,13.5,750.0,607.72,23070.0,6227.03,488.28
2021-09-11,17.74,4120.0,1064.51,14.46,1380.0,650.63,84.63,16740.0,3808.5,13.29,750.0,597.91,22990.0,6121.55,485.19
2021-09-12,17.45,4120.0,1046.82,17.34,1290.0,780.3,84.15,16500.0,3786.67,12.87,930.0,579.14,22840.0,6192.94,483.88
2021-09-13,17.37,4080.0,1042.28,16.04,1170.0,721.98,82.74,16350.0,3723.21,16.18,840.0,728.3,22440.0,6215.77,477.6
2021-09-14,17.31,4120.0,1038.51,14.42,1290.0,648.85,83.96,16530.0,3778.07,14.61,930.0,657.49,22870.0,6122.92,483.22
2021-09-15,17.43,3960.0,1045.53,16.29,1260.0,732.85,84.78,16200.0,3815.11,16.82,1020.0,756.7,22440.0,6350.19,479.84
2021-09-16,16.68,4000.0,1000.58,15.3,1260.0,688.47,82.7,16080.0,3721.65,18.46,690.0,830.87,22030.0,6241.57,471.19
2021-09-17,16.9,4200.0,1014.02,14.94,1110.0,672.43,81.82,16140.0,3682.1,12.33,750.0,554.9,22200.0,5923.45,468.72
2021-09-18,17.76,4040.0,1065.83,13.49,1050.0,606.83,81.25,16170.0,3656.27,13.7,720.0,616.49,21980.0,5945.42,465.42
2021-09-19,17.13,4080.0,1027.59,13.04,1080.0,586.78,81.84,15930.0,3682.85,13.22,540.0,594.89,21630.0,5892.12,458.7
2021-09-20,17.27,3960.0,1036.47,13.54,1110.0,609.51,80.78,16200.0,3635.02,9.91,780.0,445.93,22050.0,5726.92,462.95
2021-09-21,16.72,3800.0,1003.2,13.75,1200.0,618.96,83.0,15600.0,3735.2,14.28,720.0,642.77,21320.0,6000.14,455.34
2021-09-22,16.09,3800.0,965.42,15.4,1050.0,693.08,78.33,16080.0,3524.96,14.13,540.0,635.93,21470.0,5819.39,454.82
2021-09-23,16.07,3800.0,964.5,14.0,1080.0,629.87,80.39,16230.0,3617.46,10.29,540.0,462.89,21650.0,5674.72,455.41
2021-09-24,16.06,3760.0,963.74,14.02,990.0,630.99,79.97,16230.0,3598.86,10.15,900.0,456.77,21880.0,5650.36,458.84
2021-09-25,15.88,3840.0,952.95,13.04,1230.0,586.9,80.37,15840.0,3616.81,16.86,870.0,758.9,21780.0,5915.56,461.59
2021-09-26,16.24,3960.0,974.46,16.39,1140.0,737.35,79.37,15960.0,3571.85,15.82,840.0,711.95,21900.0,5995.6,464.93
2021-09-27,16.71,3960.0,1002.48,14.89,990.0,670.01,80.14,16140.0,3606.33,15.38,870.0,692.08,21960.0,5970.9,465.51
2021-09-28,16.76,3760.0,1005.45,12.71,1110.0,572.1,81.84,16770.0,3682.61,15.76,750.0,709.1,22390.0,5969.26,472.65
2021-09-29,15.95,3480.0,957.12,15.14,990.0,681.27,85.02,16170.0,3826.05,14.5,690.0,652.43,21330.0,6116.87,457.45
2021-09-30,14.78,3720.0,886.5,13.65,1140.0,614.18,82.8,16260.0,3725.8,13.36,630.0,601.11,21750.0,5827.59,459.63
2021-10-01,15.83,3960.0,949.74,13.96,1200.0,628.05,91.64,16050.0,4123.79,11.76,480.0,529.05,21690.0,6230.63,465.34
2021-10-02,16.7,4080.0,1002.26,14.58,1020.0,656.16,90.28,16080.0,4062.56,8.84,570.0,397.86,21750.0,6118.84,464.48
2021-10-03,17.26,4480.0,1035.74,12.35,1200.0,555.78,90.06,15840.0,4052.82,10.55,510.0,474.54,22030.0,6118.88,469.15
2021-10-04,18.91,4200.0,1134.65,15.23,1140.0,685.38,85.84,15900.0,3862.99,9.56,570.0,430.01,21810.0,6113.03,465.38
2021-10-05,17.74,4000.0,1064.45,14.42,1110.0,649.12,86.97,15450.0,3913.59,10.76,780.0,484.4,21340.0,6111.57,457.53
2021-10-06,16.94,4000.0,1016.3,14.12,990.0,635.37,85.18,15210.0,3833.08,14.13,840.0,635.66,21040.0,6120.4,452.67
2021-10-07,16.95,3800.0,1016.92,12.47,1200.0,560.96,82.36,15450.0,3706.06,15.61,930.0,702.37,21380.0,5986.31,456.11
2021-10-08,16.11,3960.0,966.65,15.15,990.0,681.55,83.92,15300.0,3776.46,17.35,930.0,780.91,21180.0,6205.58,456.43
2021-10-09,16.77,4280.0,1006.16,12.67,1170.0,570.18,85.03,15930.0,3826.18,17.55,720.0,789.93,22100.0,6192.46,471.54
2021-10-10,18.16,4000.0,1089.77,14.23,1110.0,640.3,89.3,16110.0,4018.64,13.68,750.0,615.5,21970.0,6364.21,472.24
2021-10-11,16.95,4280.0,1017.01,13.35,1140.0,600.73,90.88,16050.0,4089.61,14.01,510.0,630.67,21980.0,6338.02,471.97
2021-10-12,18.14,4280.0,1088.62,13.83,1230.0,622.38,90.4,15240.0,4067.87,9.59,390.0,431.6,21140.0,6210.46,455.84
2021-10-13,18.12,4120.0,1087.16,15.29,1200.0,687.99,85.14,15300.0,3831.38,7.24,630.0,325.69,21250.0,5932.23,453.04
2021-10-14,17.42,3800.0,1045.32,15.13,1170.0,680.86,84.97,15540.0,3823.58,11.99,900.0,539.68,21410.0,6089.44,458.32
2021-10-15,16.17,3600.0,969.92,14.64,1200.0,658.99,85.68,15600.0,3855.56,16.34,780.0,735.22,21180.0,6219.69,456.66
2021-10-16,15.29,3640.0,917.45,14.79,1050.0,665.72,84.53,15990.0,3803.86,14.36,690.0,646.37,21370.0,6033.41,456.72
2021-10-17,15.41,3480.0,924.66,12.93,900.0,581.86,86.42,15960.0,3888.91,12.46,600.0,560.59,20940.0,5956.02,448.27
2021-10-18,14.66,3520.0,879.85,10.81,1050.0,486.61,86.58,15870.0,3896.06,10.79,600.0,485.6,21040.0,5748.12,446.47
2021-10-19,14.89,3480.0,893.42,12.94,1110.0,582.31,87.82,15630.0,3951.69,11.07,660.0,498.21,20880.0,5925.63,446.76
2021-10-20,14.74,3560.0,884.38,13.17,1140.0,592.66,85.56,15690.0,3850.01,11.64,690.0,523.58,21080.0,5850.62,448.84
2021-10-21,15.12,3680.0,907.34,13.06,1170.0,587.68,85.96,16200.0,3868.39,11.8,570.0,530.98,21620.0,5894.39,458.57
2021-10-22,15.61,3640.0,936.57,14.21,1170.0,639.27,89.14,15840.0,4011.23,10.23,840.0,460.47,21490.0,6047.53,458.96
2021-10-23,15.34,3320.0,920.22,14.79,1080.0,665.46,87.22,15900.0,3924.84,15.3,600.0,688.68,20900.0,6199.2,451.65
2021-10-24,14.09,3280.0,845.69,12.73,1080.0,572.95,87.2,15930.0,3923.97,10.74,690.0,483.38,20980.0,5825.99,446.77
2021-10-25,13.91,3120.0,834.57,13.03,990.0,586.52,87.27,15900.0,3927.35,11.85,810.0,533.22,20820.0,5881.66,445.03
2021-10-26,13.25,3320.0,794.86,12.03,990.0,541.27,87.37,15240.0,3931.87,14.07,810.0,633.22,20360.0,5901.22,437.69
2021-10-27,14.05,3080.0,843.13,11.65,900.0,524.28,84.12,15420.0,3785.35,14.25,690.0,641.39,20090.0,5794.16,431.4
2021-10-28,13.03,3120.0,781.65,10.5,1230.0,472.34,83.83,15690.0,3772.38,11.65,570.0,524.42,20610.0,5550.78,436.01
2021-10-29,13.19,3160.0,791.53,14.42,1260.0,648.9,85.96,15210.0,3868.38,10.01,900.0,450.59,20530.0,5759.4,438.16
2021-10-30,13.33,3120.0,799.74,14.49,1230.0,652.02,82.75,14970.0,3723.64,15.85,720.0,713.34,20040.0,5888.75,432.15
2021-10-31,13.27,3080.0,796.4,14.35,1050.0,645.84,80.96,14520.0,3643.08,12.95,870.0,582.53,19520.0,5667.85,419.8
2021-11-01,13.06,3000.0,783.46,12.31,1140.0,554.09,69.65,14580.0,3134.44,16.14,870.0,726.38,19590.0,5198.38,413.14
2021-11-02,12.71,2880.0,762.56,13.43,1050.0,604.52,68.55,14940.0,3084.93,15.27,660.0,687.21,19530.0,5139.22,411.15
2021-11-03,12.25,2960.0,735.04,12.29,870.0,553.15,70.38,15330.0,3167.12,11.27,600.0,507.19,19760.0,4962.5,412.04
2021-11-04,12.55,3000.0,752.81,10.56,1020.0,475.3,73.14,15300.0,3291.39,10.67,450.0,480.34,19770.0,4999.85,412.83
2021-11-05,12.62,3120.0,757.41,11.77,1200.0,529.58,73.74,15420.0,3318.3,7.88,480.0,354.55,20220.0,4959.85,419.66
2021-11-06,13.2,3320.0,791.71,13.71,1260.0,617.14,74.17,15510.0,3337.43,8.38,570.0,376.99,20660.0,5123.27,429.72
2021-11-07,14.01,3440.0,840.52,15.45,1170.0,695.19,73.96,15360.0,3328.35,10.54,690.0,474.47,20660.0,5338.53,433.31
2021-11-08,14.52,3800.0,870.9,14.48,900.0,651.6,73.59,15420.0,3311.56,12.28,630.0,552.39,20750.0,5386.45,435.61
2021-11-09,16.12,3800.0,967.25,11.53,960.0,518.78,74.69,15210.0,3360.89,11.11,450.0,500.12,20420.0,5347.04,429.45
2021-11-10,16.1,3520.0,966.02,11.96,1080.0,538.2,73.57,15180.0,3310.67,7.6,630.0,342.04,20410.0,5156.94,426.12
2021-11-11,14.9,3280.0,893.9,13.37,960.0,601.72,73.46,15300.0,3305.59,11.12,570.0,500.52,20110.0,5301.74,423.53
2021-11-12,13.9,3440.0,833.98,12.39,780.0,557.35,74.32,15330.0,3344.5,9.86,780.0,443.51,20330.0,5179.35,425.16
2021-11-13,14.59,3560.0,875.63,9.92,840.0,446.24,76.72,15000.0,3452.4,13.51,780.0,607.81,20180.0,5382.08,426.03
2021-11-14,15.0,3480.0,900.07,10.7,720.0,481.62,73.39,14910.0,3302.69,13.77,630.0,619.44,19740.0,5303.83,417.4
2021-11-15,14.66,3360.0,879.75,9.18,960.0,413.27,71.75,15300.0,3228.95,10.68,780.0,480.76,20400.0,5002.73,423.38
2021-11-16,14.21,3520.0,852.7,12.32,840.0,554.34,74.7,15750.0,3361.65,13.71,780.0,616.89,20890.0,5385.58,437.93
2021-11-17,14.85,3720.0,891.18,10.44,870.0,469.95,76.99,15780.0,3464.49,14.05,600.0,632.37,20970.0,5458.0,440.47
2021-11-18,15.72,3560.0,943.47,10.47,810.0,471.01,74.87,15600.0,3369.34,10.54,480.0,474.18,20450.0,5257.99,428.47
2021-11-19,15.09,3520.0,905.63,9.92,870.0,446.28,74.86,15900.0,3368.9,8.31,660.0,373.9,20950.0,5094.71,434.08
2021-11-20,14.91,3480.0,894.52,10.58,1020.0,476.02,76.99,15390.0,3464.59,11.99,690.0,539.65,20580.0,5374.78,432.58
2021-11-21,14.75,3640.0,885.29,12.11,1050.0,544.78,73.98,15360.0,3329.04,12.59,720.0,566.74,20770.0,5325.85,434.93
2021-11-22,15.47,3480.0,928.41,13.1,1080.0,589.58,73.18,15420.0,3293.04,13.14,660.0,591.09,20640.0,5402.13,434.04
2021-11-23,14.72,3600.0,882.97,13.47,1110.0,606.06,74.11,15180.0,3335.07,11.79,990.0,530.34,20880.0,5354.45,437.24
2021-11-24,15.27,3680.0,916.33,13.91,1200.0,625.94,73.87,14880.0,3324.24,19.1,750.0,859.71,20510.0,5726.22,437.27
2021-11-25,15.56,3720.0,933.88,15.07,1260.0,678.33,71.7,15180.0,3226.48,14.26,720.0,641.76,20880.0,5480.45,439.34
2021-11-26,15.81,3800.0,948.46,16.05,1170.0,722.29,73.48,15390.0,3306.58,13.54,600.0,609.46,20960.0,5586.79,442.45
2021-11-27,16.01,3920.0,960.57,14.83,1020.0,667.32,73.56,15540.0,3310.29,10.8,810.0,486.02,21290.0,5424.2,445.24
2021-11-28,16.52,4040.0,990.95,12.73,960.0,572.91,74.15,15180.0,3336.91,14.93,690.0,671.83,20870.0,5572.59,440.71
2021-11-29,17.11,4040.0,1026.34,12.01,900.0,540.39,71.91,15750.0,3236.16,12.81,750.0,576.33,21440.0,5379.23,446.99
2021-11-30,17.09,3840.0,1025.27,11.1,960.0,499.64,74.67,15690.0,3360.26,13.81,660.0,621.29,21150.0,5506.47,444.27
2021-12-01,16.23,3880.0,973.59,11.99,900.0,539.54,78.51,15930.0,3532.73,11.63,570.0,523.13,21280.0,5568.98,447.48
2021-12-02,16.36,3880.0,981.44,11.26,870.0,506.64,78.57,15960.0,3535.87,10.2,690.0,458.96,21400.0,5482.91,448.05
2021-12-03,16.47,3920.0,987.97,10.85,1170.0,488.28,78.37,15510.0,3526.52,12.24,660.0,550.98,21260.0,5553.75,446.9
2021-12-04,16.56,3680.0,993.39,14.89,1020.0,669.96,74.54,15150.0,3354.22,11.35,840.0,510.61,20690.0,5528.18,436.97
2021-12-05,15.62,3760.0,936.95,12.88,1050.0,579.6,72.12,15060.0,3245.57,14.97,540.0,673.53,20410.0,5435.65,430.76
2021-12-06,15.85,3680.0,951.01,13.9,1140.0,625.68,71.53,15090.0,3219.03,9.69,570.0,436.11,20480.0,5231.83,428.53
2021-12-07,15.54,3600.0,932.22,15.17,1230.0,682.44,72.82,14670.0,3276.89,9.56,600.0,430.06,20100.0,5321.6,423.69
2021-12-08,15.28,3680.0,916.6,15.84,960.0,712.77,69.83,14400.0,3142.34,10.4,870.0,467.8,19910.0,5239.51,419.16
2021-12-09,15.57,3920.0,934.11,12.39,1020.0,557.71,69.14,14580.0,3111.16,15.61,690.0,702.5,20210.0,5305.49,425.26
2021-12-10,16.66,4240.0,999.44,12.93,1080.0,581.92,69.58,14820.0,3131.04,12.65,630.0,569.08,20770.0,5281.49,434.19
2021-12-11,17.9,4440.0,1074.03,13.42,1050.0,604.08,70.15,14940.0,3156.53,11.78,720.0,530.08,21150.0,5364.72,441.91
2021-12-12,18.76,4360.0,1125.83,13.14,1140.0,591.24,70.77,15900.0,3184.8,12.61,570.0,567.62,21970.0,5469.5,457.32
2021-12-13,18.47,4200.0,1107.91,14.38,1170.0,647.11,75.46,16440.0,3395.56,9.97,480.0,448.51,22290.0,5599.09,464.82
2021-12-14,17.71,4080.0,1062.55,14.78,1050.0,665.13,79.61,16200.0,3582.59,8.53,720.0,383.66,22050.0,5693.94,462.4
2021-12-15,17.25,3920.0,1035.03,13.9,990.0,625.53,78.42,15930.0,3528.77,12.92,750.0,581.29,21590.0,5770.62,456.01
2021-12-16,16.53,4040.0,991.86,13.24,1020.0,595.75,78.52,15750.0,3533.51,13.15,630.0,591.95,21440.0,5713.06,452.55
2021-12-17,17.12,4360.0,1027.1,13.4,990.0,603.12,77.97,16020.0,3508.7,11.56,780.0,520.1,22150.0,5659.02,463.48
2021-12-18,18.45,4240.0,1107.16,12.33,810.0,555.02,77.43,16080.0,3484.49,14.11,540.0,635.08,21670.0,5781.75,457.53
2021-12-19,17.87,4400.0,1072.09,10.3,930.0,463.56,78.33,16920.0,3524.71,9.96,540.0,448.39,22790.0,5508.75,471.65
2021-12-20,18.57,4280.0,1114.06,11.29,810.0,507.86,82.29,16860.0,3703.08,9.97,660.0,448.56,22610.0,5773.57,473.06
2021-12-21,18.13,4200.0,1087.98,9.91,870.0,446.03,80.91,16740.0,3641.04,12.05,480.0,542.14,22290.0,5717.18,466.79
2021-12-22,17.77,4080.0,1066.31,10.71,1020.0,481.89,80.06,16530.0,3602.5,8.93,540.0,401.73,22170.0,5552.43,462.04
2021-12-23,17.3,4200.0,1038.15,13.01,1020.0,585.51,78.82,16590.0,3546.89,10.27,510.0,462.37,22320.0,5632.91,465.88
2021-12-24,17.76,4200.0,1065.55,13.07,1110.0,588.28,78.69,16350.0,3541.1,9.4,540.0,423.08,22200.0,5618.02,463.63
2021-12-25,17.8,3840.0,1068.0,14.0,1410.0,629.79,76.03,16260.0,3421.54,10.22,660.0,460.04,22170.0,5579.38,462.49
2021-12-26,16.31,3840.0,978.61,17.09,1500.0,769.08,76.01,16260.0,3420.43,12.34,630.0,555.32,22230.0,5723.43,465.89
2021-12-27,16.26,3800.0,975.46,17.72,1320.0,797.59,77.31,16200.0,3478.75,11.49,780.0,517.18,22100.0,5768.98,464.48
2021-12-28,16.04,3880.0,962.68,15.68,1140.0,705.38,76.81,15930.0,3456.48,14.72,720.0,662.4,21670.0,5786.95,457.62
2021-12-29,16.38,3560.0,982.55,13.39,1050.0,602.69,76.87,15990.0,3459.04,13.82,630.0,621.69,21230.0,5665.96,448.27
2021-12-30,15.13,3600.0,907.62,13.14,1140.0,591.26,75.62,16140.0,3402.87,11.56,750.0,520.34,21630.0,5422.09,450.87
2021-12-31,15.27,3880.0,916.49,14.13,1050.0,635.96,75.41,16140.0,3393.39,13.83,720.0,622.16,21790.0,5568.0,455.97
2022-01-01,16.41,4040.0,984.8,13.56,900.0,610.09,69.74,16620.0,3138.28,14.26,750.0,641.75,22310.0,5374.93,461.42
2022-01-02,17.02,3880.0,1021.24,12.07,810.0,543.19,72.34,16350.0,3255.11,14.17,720.0,637.63,21760.0,5457.16,453.62
2022-01-03,16.34,4040.0,980.4,10.78,870.0,484.95,72.06,15990.0,3242.56,13.51,600.0,607.8,21500.0,5315.71,446.93
2022-01-04,17.13,3920.0,1027.73,10.77,720.0,484.59,71.02,16110.0,3195.72,11.27,600.0,507.07,21350.0,5215.11,442.75
2022-01-05,16.6,3680.0,995.95,8.77,960.0,394.82,71.22,15870.0,3204.94,10.9,510.0,490.5,21020.0,5086.21,435.1
2022-01-06,15.65,3920.0,939.07,11.99,960.0,539.72,70.41,15900.0,3168.39,9.17,660.0,412.75,21440.0,5059.93,441.67
2022-01-07,16.56,3920.0,993.41,11.43,960.0,514.48,71.14,16140.0,3201.24,11.63,660.0,523.18,21680.0,5232.31,448.54
2022-01-08,16.63,3920.0,997.91,11.54,960.0,519.24,71.33,16110.0,3209.85,12.04,840.0,541.72,21830.0,5268.72,451.65
2022-01-09,16.52,4120.0,991.49,12.19,900.0,548.75,70.89,15840.0,3190.03,15.4,540.0,693.08,21400.0,5423.35,447.06
2022-01-10,17.45,4320.0,1047.11,11.18,750.0,502.92,71.57,15840.0,3220.72,9.34,600.0,420.25,21510.0,5191.0,445.02
2022-01-11,18.22,4240.0,1093.31,9.51,900.0,427.95,71.78,15900.0,3230.14,11.05,630.0,497.41,21670.0,5248.8,448.65
2022-01-12,18.01,4400.0,1080.9,11.54,870.0,519.33,71.75,16140.0,3228.85,11.54,600.0,519.21,22010.0,5348.29,455.97
2022-01-13,18.69,4680.0,1121.38,11.04,810.0,496.63,74.1,15810.0,3334.44,10.54,660.0,474.52,21960.0,5426.97,456.45
2022-01-14,19.76,4680.0,1185.48,10.3,870.0,463.65,71.49,16230.0,3217.15,12.19,600.0,548.36,22380.0,5414.63,463.24
2022-01-15,19.8,4440.0,1187.94,11.28,750.0,507.59,73.94,16560.0,3327.46,11.21,720.0,504.37,22470.0,5527.36,466.62
2022-01-16,18.82,4200.0,1129.03,9.71,840.0,436.77,74.95,16620.0,3372.96,13.32,600.0,599.58,22260.0,5538.33,463.31
2022-01-17,17.83,4400.0,1069.94,10.73,720.0,482.82,75.01,17040.0,3375.23,10.94,660.0,492.09,22820.0,5420.08,470.67
2022-01-18,18.71,4400.0,1122.43,8.87,690.0,399.24,78.4,16770.0,3528.09,11.69,600.0,526.15,22460.0,5575.92,467.27
2022-01-19,18.59,4160.0,1115.25,8.66,720.0,389.48,77.85,16890.0,3503.45,10.66,930.0,479.88,22700.0,5488.06,469.8
2022-01-20,17.64,4240.0,1058.49,8.9,930.0,400.42,77.23,16650.0,3475.13,17.29,930.0,778.2,22750.0,5712.24,474.37
2022-01-21,17.87,4520.0,1072.29,11.65,1050.0,524.39,76.14,16200.0,3426.15,17.22,900.0,775.1,22670.0,5797.92,474.47
2022-01-22,19.08,4680.0,1144.7,13.15,1080.0,591.71,73.86,16050.0,3323.56,16.19,930.0,728.45,22740.0,5788.42,475.47
2022-01-23,19.74,4520.0,1184.54,13.54,1050.0,609.21,73.43,15960.0,3304.37,16.26,750.0,731.58,22280.0,5829.69,468.49
2022-01-24,19.11,4440.0,1146.52,12.6,990.0,567.09,72.19,16170.0,3248.45,13.88,690.0,624.81,22290.0,5586.87,464.61
2022-01-25,18.75,4280.0,1125.1,11.74,900.0,528.3,72.25,15930.0,3251.14,12.89,660.0,580.22,21770.0,5484.76,454.25
2022-01-26,18.12,4120.0,1086.99,11.04,780.0,496.82,70.94,16080.0,3192.24,11.72,810.0,527.25,21790.0,5303.31,451.56
2022-01-27,17.42,3920.0,1045.18,10.18,690.0,458.07,71.48,16350.0,3216.58,14.48,960.0,651.4,21920.0,5371.22,454.85
2022-01-28,16.67,4040.0,1000.28,9.22,930.0,415.12,71.89,16410.0,3235.19,17.54,810.0,789.28,22190.0,5439.88,460.5
2022-01-29,17.07,4200.0,1023.94,12.1,750.0,544.5,72.53,16230.0,3263.98,14.88,750.0,669.82,21930.0,5502.25,457.2
2022-01-30,17.73,3960.0,1063.9,9.75,810.0,438.96,70.76,16650.0,3184.08,14.25,660.0,641.19,22080.0,5328.14,456.8
2022-01-31,16.76,4000.0,1005.68,10.9,870.0,490.37,73.22,16380.0,3294.88,13.17,480.0,592.47,21730.0,5383.4,451.89
2022-02-01,16.97,3920.0,1018.26,11.47,1080.0,516.26,89.47,16470.0,4026.11,8.48,690.0,381.6,22160.0,5942.24,468.37
2022-02-02,16.64,4040.0,998.24,13.85,1110.0,623.12,90.61,16200.0,4077.41,12.68,510.0,570.61,21860.0,6269.38,468.82
2022-02-03,17.04,4040.0,1022.24,14.06,1170.0,632.48,88.44,16260.0,3979.89,9.32,930.0,419.55,22400.0,6054.15,474.24
2022-02-04,17.03,3840.0,1021.86,14.54,1170.0,654.09,87.28,16020.0,3927.53,17.39,930.0,782.77,21960.0,6386.25,472.44
2022-02-05,16.18,3840.0,970.76,14.32,1170.0,644.2,87.05,15840.0,3917.16,17.05,870.0,767.28,21720.0,6299.4,466.99
2022-02-06,16.32,3840.0,979.09,14.81,1050.0,666.49,85.29,15900.0,3838.13,16.07,750.0,723.32,21540.0,6207.04,462.45
2022-02-07,16.26,4080.0,975.86,13.6,1170.0,611.97,86.02,16080.0,3870.84,14.35,540.0,645.7,21870.0,6104.37,466.24
2022-02-08,17.24,4040.0,1034.12,14.82,1170.0,667.02,87.35,15750.0,3930.58,10.37,690.0,466.59,21650.0,6098.32,462.47
2022-02-09,17.03,3800.0,1021.57,15.23,1260.0,685.48,85.55,15300.0,3849.83,13.02,750.0,585.84,21110.0,6142.73,454.21
2022-02-10,16.01,3760.0,960.36,16.22,1110.0,729.97,82.63,15360.0,3718.53,13.9,750.0,625.62,20980.0,6034.48,450.24
2022-02-11,15.84,3720.0,950.14,14.85,1110.0,668.22,82.49,15150.0,3712.14,13.7,780.0,616.33,20760.0,5946.83,445.11
2022-02-12,15.69,3800.0,941.65,14.92,1200.0,671.44,81.08,15030.0,3648.61,15.07,870.0,678.15,20900.0,5939.85,447.33
2022-02-13,16.08,3760.0,965.07,16.15,1110.0,726.61,80.71,15060.0,3631.79,16.22,690.0,729.79,20620.0,6053.26,444.55
2022-02-14,15.9,3960.0,954.06,14.8,1050.0,665.96,80.79,15120.0,3635.57,12.72,540.0,572.52,20670.0,5828.11,441.64
2022-02-15,16.76,3880.0,1005.85,14.16,1080.0,637.03,80.89,14820.0,3640.24,10.12,540.0,455.5,20320.0,5738.62,434.31
2022-02-16,16.47,3960.0,987.93,13.76,1020.0,619.28,80.81,14940.0,3636.33,9.94,540.0,447.19,20460.0,5690.73,435.85
2022-02-17,16.73,4160.0,1003.52,13.05,1080.0,587.06,81.52,15030.0,3668.44,10.12,450.0,455.3,20720.0,5714.32,440.57
2022-02-18,17.62,4000.0,1057.1,13.81,1170.0,621.36,80.13,15030.0,3605.94,8.12,570.0,365.57,20770.0,5649.97,440.33
2022-02-19,17.01,4360.0,1020.34,14.6,1080.0,657.21,80.72,15510.0,3632.42,9.97,540.0,448.67,21490.0,5758.64,454.14
2022-02-20,18.53,4360.0,1111.71,13.71,1110.0,616.74,82.76,15240.0,3724.13,9.48,570.0,426.5,21280.0,5879.08,452.65
2022-02-21,18.44,4320.0,1106.34,14.09,1200.0,634.21,80.43,15270.0,3619.37,10.66,600.0,479.8,21390.0,5839.72,453.83
2022-02-22,18.36,4240.0,1101.88,15.03,1140.0,676.46,79.52,15240.0,3578.46,10.48,660.0,471.58,21280.0,5828.38,451.81
2022-02-23,17.96,4160.0,1077.86,14.88,1140.0,669.44,79.75,15360.0,3588.84,11.77,570.0,529.82,21230.0,5865.96,451.6
2022-02-24,17.63,4200.0,1057.91,14.18,990.0,638.2,81.1,15780.0,3649.71,9.58,690.0,431.25,21660.0,5777.07,457.28
2022-02-25,17.69,4120.0,1061.65,12.57,960.0,565.57,83.59,15810.0,3761.62,11.92,720.0,536.45,21610.0,5925.3,458.92
2022-02-26,17.41,3840.0,1044.44,12.1,840.0,544.32,85.84,15720.0,3863.01,13.17,900.0,592.77,21300.0,6044.54,455.74
2022-02-27,16.32,3760.0,979.35,10.19,810.0,458.39,85.4,16020.0,3842.88,16.53,750.0,743.66,21340.0,6024.28,456.07
2022-02-28,15.93,3640.0,955.76,9.84,750.0,442.66,87.28,15480.0,3927.61,14.22,660.0,639.74,20530.0,5965.77,441.6
2022-03-01,15.43,3920.0,926.0,8.63,1140.0,388.15,85.0,15240.0,3825.03,12.17,720.0,547.51,21020.0,5686.69,445.11
2022-03-02,16.55,4040.0,992.71,13.57,1050.0,610.73,83.28,15300.0,3747.6,13.2,750.0,594.01,21140.0,5945.05,451.42
2022-03-03,17.13,3640.0,1027.8,12.17,1110.0,547.68,84.14,15210.0,3786.47,13.2,570.0,593.95,20530.0,5955.9,441.43
2022-03-04,15.42,3800.0,924.9,13.26,1170.0,596.51,82.64,14970.0,3718.89,10.1,840.0,454.65,20780.0,5694.95,441.25
2022-03-05,16.02,3920.0,961.32,14.1,1200.0,634.3,80.56,15120.0,3625.14,15.65,690.0,704.29,20930.0,5925.06,447.58
2022-03-06,16.53,3920.0,991.57,14.81,1380.0,666.52,81.15,15600.0,3651.61,12.51,810.0,562.96,21710.0,5872.66,459.71
2022-03-07,16.61,3880.0,996.38,16.73,1530.0,752.71,84.25,15420.0,3791.09,14.77,660.0,664.87,21490.0,6205.05,461.58
2022-03-08,16.5,3640.0,990.22,18.3,1320.0,823.67,82.76,15150.0,3724.3,11.83,900.0,532.38,21010.0,6070.57,451.34
2022-03-09,15.4,3640.0,924.16,15.54,1290.0,699.14,82.48,15480.0,3711.42,16.59,780.0,746.44,21190.0,6081.15,454.52
2022-03-10,15.33,3400.0,920.07,15.79,1290.0,710.68,82.95,15060.0,3732.88,14.37,1050.0,646.45,20800.0,6010.09,446.83
2022-03-11,14.43,3560.0,865.88,15.82,1320.0,712.0,80.58,15000.0,3625.92,19.75,870.0,888.95,20750.0,6092.74,447.38
2022-03-12,15.04,3320.0,902.13,15.85,1200.0,713.28,80.97,15270.0,3643.75,16.42,900.0,738.73,20690.0,5997.88,444.8
2022-03-13,14.01,3320.0,840.82,14.83,1260.0,667.34,82.47,15420.0,3711.01,16.62,750.0,747.73,20750.0,5966.9,445.28
2022-03-14,14.01,3200.0,840.68,16.04,1170.0,721.79,83.82,15150.0,3771.77,14.23,570.0,640.13,20090.0,5974.37,434.41
2022-03-15,13.5,3200.0,810.09,15.72,1320.0,707.4,81.88,15420.0,3684.64,10.74,540.0,483.25,20480.0,5685.39,436.09
2022-03-16,13.59,3320.0,815.16,16.64,1350.0,748.8,82.81,15180.0,3726.38,10.53,720.0,474.01,20570.0,5764.34,438.91
2022-03-17,13.99,3320.0,839.68,17.04,1320.0,766.59,82.41,15150.0,3708.44,14.13,960.0,636.01,20750.0,5950.71,445.01
2022-03-18,14.0,3560.0,839.73,16.58,1170.0,745.94,82.02,15150.0,3690.9,18.4,720.0,828.04,20600.0,6104.61,445.08
2022-03-19,15.01,3480.0,900.73,14.77,1020.0,664.81,82.18,15210.0,3698.08,13.39,840.0,602.57,20550.0,5866.19,440.27
2022-03-20,14.67,3400.0,880.29,12.8,960.0,576.18,82.72,15060.0,3722.28,15.29,780.0,688.25,20200.0,5866.99,434.45
2022-03-21,14.39,3640.0,863.31,12.0,870.0,540.04,82.94,14880.0,3732.33,14.34,750.0,645.15,20140.0,5780.84,432.01
2022-03-22,15.34,3560.0,920.31,10.84,960.0,487.89,81.74,15300.0,3678.33,13.06,720.0,587.59,20540.0,5674.11,436.9
2022-03-23,15.11,3720.0,906.71,11.89,930.0,535.09,84.88,15330.0,3819.68,12.44,990.0,559.9,20970.0,5821.39,446.52
2022-03-24,15.77,3800.0,946.21,11.88,870.0,534.39,85.34,15180.0,3840.23,17.27,1020.0,777.2,20870.0,6098.03,449.47
2022-03-25,16.15,3640.0,968.86,10.98,960.0,494.05,84.88,15150.0,3819.61,18.72,780.0,842.18,20530.0,6124.69,444.24
2022-03-26,15.45,3720.0,926.73,11.99,780.0,539.66,84.01,14910.0,3780.48,14.24,720.0,640.96,20130.0,5887.82,433.63
2022-03-27,15.71,3520.0,942.52,9.68,870.0,435.66,81.06,15000.0,3647.8,12.82,780.0,576.93,20170.0,5602.9,429.55
2022-03-28,14.91,3440.0,894.69,10.63,930.0,478.16,82.55,14700.0,3714.54,14.37,1020.0,646.83,20090.0,5734.22,430.4
2022-03-29,14.59,3560.0,875.27,11.33,1110.0,510.06,81.04,15180.0,3647.01,19.55,810.0,879.73,20660.0,5912.08,442.87
2022-03-30,15.0,3880.0,899.77,13.45,1200.0,605.17,83.68,15030.0,3765.82,15.33,930.0,689.8,21040.0,5960.57,450.01
2022-03-31,16.35,3800.0,981.08,14.49,1230.0,652.04,82.61,15120.0,3717.56,17.37,720.0,781.57,20870.0,6132.25,450.04
2022-04-01,16.12,3520.0,967.35,14.76,1110.0,664.13,86.92,14970.0,3911.62,12.72,720.0,572.4,20320.0,6115.49,440.59
2022-04-02,14.92,3600.0,895.0,13.62,1170.0,613.02,85.46,15360.0,3845.88,13.35,840.0,600.75,20970.0,5954.64,448.74
2022-04-03,15.27,3400.0,916.16,15.12,1200.0,680.57,88.28,15330.0,3972.78,15.2,840.0,684.14,20770.0,6253.66,450.39
2022-04-04,14.38,3400.0,862.64,15.58,1230.0,701.03,87.56,15390.0,3940.17,15.17,660.0,682.65,20680.0,6186.48,447.77
2022-04-05,14.31,3320.0,858.8,16.35,1290.0,735.74,89.17,15780.0,4012.45,11.99,690.0,539.42,21080.0,6146.42,453.77
2022-04-06,14.09,3320.0,845.46,17.37,1260.0,781.84,90.73,15360.0,4083.06,12.64,750.0,568.8,20690.0,6279.16,449.49
2022-04-07,14.08,3160.0,844.54,16.34,1320.0,735.39,87.95,14820.0,3957.86,13.37,660.0,601.46,19960.0,6139.25,434.99
2022-04-08,13.39,3160.0,803.14,17.07,1320.0,768.17,85.16,14490.0,3832.12,12.37,810.0,556.6,19780.0,5960.02,429.0
2022-04-09,13.32,2880.0,799.22,16.5,1260.0,742.53,82.84,14490.0,3727.98,14.65,540.0,659.45,19170.0,5929.18,418.32
2022-04-10,12.25,2920.0,735.02,15.7,1290.0,706.36,83.89,14400.0,3775.05,10.21,660.0,459.41,19270.0,5675.84,415.76
2022-04-11,12.38,3040.0,742.63,16.26,1260.0,731.92,83.43,14340.0,3754.49,12.56,960.0,565.36,19600.0,5794.4,423.24
2022-04-12,12.82,3240.0,769.28,15.41,1170.0,693.48,82.4,14490.0,3707.94,18.81,1050.0,846.42,19950.0,6017.11,432.79
2022-04-13,13.7,3280.0,821.88,14.64,990.0,658.68,83.14,14550.0,3741.08,19.99,1080.0,899.56,19900.0,6121.21,433.69
2022-04-14,13.92,3160.0,835.11,12.49,990.0,562.07,83.0,14550.0,3735.18,20.52,930.0,923.42,19630.0,6055.77,428.1
2022-04-15,13.42,3160.0,805.46,12.56,900.0,565.11,83.76,14340.0,3769.02,17.18,960.0,773.32,19360.0,5912.91,421.22
2022-04-16,13.35,3120.0,801.15,10.99,1110.0,494.45,82.74,14370.0,3723.17,16.99,960.0,764.7,19560.0,5783.47,422.39
2022-04-17,13.12,3120.0,787.41,13.5,1020.0,607.55,83.75,14220.0,3768.69,17.17,870.0,772.75,19230.0,5936.41,419.44
2022-04-18,13.27,3240.0,796.32,12.57,1140.0,565.8,83.45,14610.0,3755.46,15.89,720.0,715.11,19710.0,5832.69,425.71
2022-04-19,13.73,3360.0,824.03,14.04,1050.0,631.65,85.47,14850.0,3846.31,13.36,630.0,601.29,19890.0,5903.28,429.89
2022-04-20,14.29,3160.0,857.2,12.81,1050.0,576.44,85.84,14220.0,3862.76,11.06,570.0,497.68,19000.0,5794.09,413.23
2022-04-21,13.39,2920.0,803.5,12.7,990.0,571.64,81.65,14160.0,3674.4,10.21,870.0,459.57,18940.0,5509.11,407.49
2022-04-22,12.31,2920.0,738.58,12.1,960.0,544.62,81.07,14280.0,3648.08,15.37,840.0,691.59,19000.0,5622.87,410.38
2022-04-23,12.43,3040.0,745.59,11.72,1020.0,527.26,81.79,14490.0,3680.69,14.42,690.0,649.0,19240.0,5602.54,414.04
2022-04-24,12.86,3120.0,771.73,12.62,1140.0,567.81,82.36,14760.0,3706.0,12.26,690.0,551.82,19710.0,5597.36,421.79
2022-04-25,13.22,3120.0,793.45,14.35,1350.0,645.9,85.02,14640.0,3825.95,12.68,540.0,570.42,19650.0,5835.72,424.76
2022-04-26,13.19,2920.0,791.17,16.55,1230.0,744.93,84.85,14400.0,3818.28,9.46,630.0,425.68,19180.0,5780.05,416.0
2022-04-27,12.31,3000.0,738.49,15.0,1260.0,675.2,82.77,14580.0,3724.87,11.1,840.0,499.66,19680.0,5638.22,421.97
2022-04-28,12.76,2840.0,765.83,15.0,1230.0,675.07,84.16,14790.0,3787.42,14.87,840.0,669.2,19700.0,5897.53,426.63
2022-04-29,11.96,2520.0,717.44,14.69,1140.0,660.92,86.13,14400.0,3875.74,14.73,750.0,662.99,18810.0,5917.1,412.12
2022-04-30,10.61,2360.0,636.61,13.75,1080.0,618.57,84.21,14640.0,3789.26,13.66,900.0,614.54,18980.0,5658.98,410.65
2022-05-01,10.0,2320.0,599.94,14.04,990.0,631.88,83.1,14250.0,3739.55,15.53,780.0,698.71,18340.0,5670.07,400.17
2022-05-02,9.83,2320.0,589.79,13.15,1320.0,591.91,81.26,13920.0,3656.71,14.26,660.0,641.89,18220.0,5480.31,395.01
2022-05-03,9.86,2560.0,591.52,17.31,1170.0,778.99,79.08,14550.0,3558.72,11.56,780.0,520.0,19060.0,5449.23,408.49
2022-05-04,10.9,2480.0,653.9,15.47,1170.0,696.21,82.99,14520.0,3734.35,14.1,720.0,634.32,18890.0,5718.79,410.15
2022-05-05,10.58,2520.0,634.62,15.91,1080.0,715.8,83.66,14580.0,3764.58,12.9,780.0,580.42,18960.0,5695.42,410.92
2022-05-06,10.65,2480.0,638.92,13.6,1080.0,612.16,83.74,14760.0,3768.11,14.24,750.0,640.58,19070.0,5659.77,412.16
2022-05-07,10.54,2360.0,632.33,13.69,1140.0,616.21,85.9,15150.0,3865.31,13.34,840.0,600.22,19490.0,5714.07,420.07
2022-05-08,9.94,2600.0,596.38,14.66,1140.0,659.79,87.23,15600.0,3925.47,15.17,990.0,682.84,20330.0,5864.47,436.57
2022-05-09,10.97,2880.0,657.94,14.07,990.0,633.29,88.82,15660.0,3996.76,17.44,720.0,784.83,20250.0,6072.82,438.71
2022-05-10,12.16,3000.0,729.4,12.02,1020.0,540.97,89.41,15330.0,4023.48,13.08,780.0,588.66,20130.0,5882.51,433.54
2022-05-11,12.64,2920.0,758.28,12.8,1140.0,575.92,86.94,14970.0,3912.47,14.29,750.0,642.88,19780.0,5889.54,427.83
2022-05-12,12.36,3000.0,741.64,14.42,1200.0,648.74,86.04,15300.0,3871.97,13.62,780.0,612.87,20280.0,5875.22,435.92
2022-05-13,12.64,3080.0,758.29,15.77,1050.0,709.43,87.43,15750.0,3934.28,14.03,960.0,631.43,20840.0,6033.43,447.89
2022-05-14,13.04,3120.0,782.28,13.71,1140.0,616.99,91.22,15900.0,4104.91,17.85,810.0,803.43,20970.0,6307.61,454.63
2022-05-15,13.2,2840.0,792.05,14.91,1140.0,670.74,91.12,15570.0,4100.39,15.51,960.0,698.0,20510.0,6261.18,446.19
2022-05-16,11.98,2800.0,718.91,14.56,1170.0,655.22,89.47,15780.0,4025.97,18.26,870.0,821.89,20620.0,6221.99,447.37
2022-05-17,11.82,2800.0,708.94,14.86,1140.0,668.58,89.64,15660.0,4033.8,16.53,960.0,743.66,20560.0,6154.97,445.25
2022-05-18,11.85,2720.0,710.81,14.6,1260.0,656.92,88.78,15330.0,3995.04,18.59,720.0,836.49,20030.0,6199.26,437.15
2022-05-19,11.53,2680.0,692.05,15.18,1260.0,683.05,87.64,15120.0,3943.87,14.06,780.0,632.69,19840.0,5951.65,429.86
2022-05-20,11.27,3000.0,676.46,15.3,1350.0,688.34,86.84,15330.0,3907.94,14.57,900.0,655.59,20580.0,5928.34,441.81
2022-05-21,12.75,2960.0,765.1,17.08,1440.0,768.65,88.04,15240.0,3961.77,16.44,690.0,739.98,20330.0,6235.51,442.76
2022-05-22,12.46,3040.0,747.31,17.9,1200.0,805.34,87.69,15060.0,3945.89,13.11,690.0,589.85,19990.0,6088.39,434.64
2022-05-23,12.89,2800.0,773.16,15.03,1230.0,676.39,87.6,14880.0,3942.1,13.17,840.0,592.86,19750.0,5984.51,428.91
2022-05-24,11.89,2840.0,713.37,15.91,1290.0,715.75,86.53,14820.0,3894.06,16.02,810.0,720.82,19760.0,6044.0,430.07
2022-05-25,12.08,2720.0,724.65,16.62,1260.0,747.69,85.01,14580.0,3825.29,15.29,840.0,687.89,19400.0,5985.53,423.09
2022-05-26,11.56,2440.0,693.39,15.45,1050.0,695.46,83.59,14670.0,3761.62,15.08,780.0,678.69,18940.0,5829.16,412.82
2022-05-27,10.28,2560.0,616.63,12.78,1140.0,575.2,83.67,15060.0,3765.18,14.38,630.0,647.27,19390.0,5604.29,416.57
2022-05-28,10.91,2640.0,654.45,13.7,1230.0,616.68,85.92,15060.0,3866.19,11.78,960.0,530.3,19890.0,5667.62,425.96
2022-05-29,11.09,2760.0,665.54,14.84,1230.0,667.89,85.6,15090.0,3851.84,17.46,780.0,785.8,19860.0,5971.08,430.52
2022-05-30,11.75,2680.0,705.24,15.61,1140.0,702.24,85.89,15330.0,3865.14,14.13,600.0,636.0,19750.0,5908.62,427.64
2022-05-31,11.29,2600.0,677.26,14.01,1200.0,630.66,87.06,14880.0,3917.51,10.37,660.0,466.73,19340.0,5692.16,417.2
2022-06-01,11.07,2640.0,664.18,15.21,1200.0,684.31,81.02,14550.0,3645.74,11.64,780.0,523.74,19170.0,5517.97,411.47
2022-06-02,11.23,2840.0,673.63,15.04,1140.0,676.79,79.37,14250.0,3571.54,13.56,660.0,610.27,18890.0,5532.24,407.04
2022-06-03,12.04,2800.0,722.11,14.81,1110.0,666.56,78.22,14670.0,3519.87,12.3,840.0,553.72,19420.0,5462.26,414.7
2022-06-04,11.86,2720.0,711.6,14.18,990.0,637.89,79.94,14910.0,3597.41,15.5,720.0,697.38,19340.0,5644.28,416.4
2022-06-05,11.55,2640.0,692.7,12.8,990.0,576.19,80.45,14910.0,3620.12,12.65,810.0,569.24,19350.0,5458.25,413.47
2022-06-06,11.11,2560.0,666.85,13.03,1020.0,586.27,81.35,14850.0,3660.85,14.12,690.0,635.61,19120.0,5549.58,411.16
2022-06-07,10.76,2880.0,645.38,13.92,1260.0,626.57,80.51,15210.0,3623.01,12.22,510.0,549.75,19860.0,5444.7,421.75
2022-06-08,12.15,2960.0,729.12,17.17,1050.0,772.7,83.27,14820.0,3747.01,9.09,810.0,409.23,19640.0,5658.06,421.63
2022-06-09,12.46,2960.0,747.89,13.81,1080.0,621.65,80.37,14940.0,3616.71,15.41,1020.0,693.24,20000.0,5679.48,427.99
2022-06-10,12.56,3040.0,753.32,13.96,1050.0,628.14,81.47,15270.0,3666.09,18.5,870.0,832.44,20230.0,5879.99,435.17
2022-06-11,12.8,3080.0,768.0,13.63,1050.0,613.22,83.16,15540.0,3742.0,16.03,750.0,721.15,20420.0,5844.36,437.74
2022-06-12,13.0,3000.0,780.19,13.4,1110.0,603.22,85.69,15210.0,3856.1,13.73,840.0,618.0,20160.0,5857.51,433.63
2022-06-13,12.66,2880.0,759.84,14.1,900.0,634.31,83.03,15390.0,3736.24,15.48,810.0,696.6,19980.0,5826.99,430.12
2022-06-14,12.21,2600.0,732.78,11.52,900.0,518.6,83.23,15180.0,3745.56,15.75,720.0,708.77,19400.0,5705.72,418.43
2022-06-15,10.99,2800.0,659.51,11.34,1020.0,510.31,81.71,15630.0,3676.85,13.73,990.0,617.78,20440.0,5464.46,431.74
2022-06-16,11.84,2800.0,710.38,13.3,840.0,598.49,85.01,15960.0,3825.26,19.2,780.0,863.94,20380.0,5998.07,439.63
2022-06-17,11.87,2880.0,712.01,11.19,900.0,503.48,85.6,16200.0,3852.18,14.51,840.0,653.16,20820.0,5720.82,442.35
2022-06-18,12.23,2560.0,733.68,11.78,900.0,529.97,86.69,16680.0,3901.05,16.05,780.0,722.16,20920.0,5886.86,446.78
2022-06-19,10.84,3000.0,650.1,11.89,1230.0,535.15,90.53,16440.0,4073.86,14.74,870.0,663.35,21540.0,5922.45,457.71
2022-06-20,12.73,2840.0,763.51,15.45,1110.0,695.07,88.86,17040.0,3998.55,16.19,990.0,728.76,21980.0,6185.9,469.43
2022-06-21,12.09,2800.0,725.67,13.25,1110.0,596.21,93.12,16980.0,4190.23,18.6,810.0,837.22,21700.0,6349.34,467.49
2022-06-22,11.91,2720.0,714.55,13.22,1140.0,594.74,91.45,17010.0,4115.24,14.61,630.0,657.45,21500.0,6081.99,459.7
2022-06-23,11.59,3120.0,695.16,14.34,1080.0,645.32,91.87,16950.0,4133.96,11.65,720.0,524.37,21870.0,5998.82,464.48
2022-06-24,13.18,3240.0,790.79,13.46,1140.0,605.74,92.42,16230.0,4159.09,13.57,690.0,610.49,21300.0,6166.1,457.77
2022-06-25,13.66,3440.0,819.43,14.02,1140.0,630.81,88.36,16290.0,3976.41,12.88,600.0,579.39,21470.0,6006.04,457.93
2022-06-26,14.56,3120.0,873.71,13.89,1110.0,624.92,87.58,16290.0,3941.12,11.12,780.0,500.21,21300.0,5939.95,454.0
2022-06-27,13.28,2800.0,796.89,14.18,1410.0,638.02,87.43,16050.0,3934.24,14.29,810.0,642.95,21070.0,6012.1,451.37
2022-06-28,11.88,2840.0,712.77,17.61,1410.0,792.39,85.27,16170.0,3837.34,15.05,780.0,677.12,21200.0,6019.62,453.66
2022-06-29,12.07,2720.0,724.15,18.26,1200.0,821.64,86.74,15690.0,3903.27,13.91,690.0,625.9,20300.0,6074.97,439.58
2022-06-30,11.55,2760.0,692.98,15.56,1110.0,700.32,83.95,15720.0,3777.55,12.14,630.0,546.18,20220.0,5717.02,432.28
2022-07-01,11.63,2680.0,697.55,14.24,1140.0,640.59,86.24,15960.0,3880.59,11.09,660.0,499.26,20440.0,5718.0,435.97
2022-07-02,11.35,2600.0,681.04,14.81,1200.0,666.27,88.81,15750.0,3996.28,11.48,720.0,516.65,20270.0,5860.24,435.5
2022-07-03,10.95,3000.0,657.16,15.24,1200.0,685.77,88.14,15930.0,3966.42,12.26,630.0,551.48,20760.0,5860.82,443.68
2022-07-04,12.65,2880.0,759.22,14.93,1140.0,671.79,87.63,15570.0,3943.25,10.85,810.0,488.04,20400.0,5862.31,437.71
2022-07-05,12.2,2960.0,732.26,14.32,1110.0,644.21,85.92,15210.0,3866.44,13.94,720.0,627.09,20000.0,5870.0,431.17
2022-07-06,12.51,2840.0,750.5,13.68,1050.0,615.39,85.42,14970.0,3843.79,12.71,780.0,571.8,19640.0,5781.48,423.69
2022-07-07,12.08,2880.0,725.02,13.13,1080.0,590.81,84.63,14880.0,3808.2,14.17,930.0,637.54,19770.0,5761.57,425.53
2022-07-08,12.24,3000.0,734.33,13.37,1140.0,601.74,84.35,14520.0,3795.83,17.08,780.0,768.63,19440.0,5900.54,422.34
2022-07-09,12.71,3000.0,762.38,14.83,960.0,667.45,81.87,14670.0,3684.32,14.4,660.0,647.92,19290.0,5762.07,417.53
2022-07-10,12.76,3080.0,765.36,12.17,1080.0,547.73,82.53,14460.0,3713.65,12.81,660.0,576.36,19280.0,5603.11,414.72
2022-07-11,12.97,3440.0,778.0,13.96,1230.0,628.16,81.49,13920.0,3666.86,12.01,780.0,540.5,19370.0,5613.53,416.39
2022-07-12,14.5,3440.0,869.76,15.94,990.0,717.1,78.38,14130.0,3527.27,14.72,840.0,662.19,19400.0,5776.32,419.61
2022-07-13,14.58,3320.0,874.88,12.6,1050.0,566.99,80.37,13590.0,3616.46,15.85,720.0,713.18,18680.0,5771.5,407.53
2022-07-14,13.97,3520.0,838.5,13.81,870.0,621.23,76.55,13710.0,3444.61,13.3,600.0,598.46,18700.0,5502.8,403.38
2022-07-15,14.83,3440.0,889.54,11.41,1170.0,513.24,77.87,13770.0,3504.04,10.53,570.0,473.8,18950.0,5380.62,405.51
2022-07-16,14.52,3320.0,871.0,14.95,990.0,672.89,77.77,14250.0,3499.66,10.45,660.0,470.32,19220.0,5513.87,412.23
2022-07-17,14.09,3440.0,845.43,12.21,990.0,549.55,79.57,14760.0,3580.57,11.97,690.0,538.75,19880.0,5514.3,423.24
2022-07-18,14.58,3240.0,874.99,12.13,990.0,546.02,82.8,14640.0,3726.11,12.36,660.0,556.12,19530.0,5703.24,420.55
2022-07-19,13.64,3000.0,818.27,12.51,1200.0,563.0,82.92,14640.0,3731.18,12.31,870.0,554.12,19710.0,5666.58,422.94
2022-07-20,12.68,2880.0,761.01,14.57,1020.0,655.78,82.99,15120.0,3734.52,15.56,960.0,700.09,19980.0,5851.4,430.52
2022-07-21,12.23,2800.0,733.75,12.45,1110.0,560.41,85.73,14820.0,3857.68,17.24,780.0,775.78,19510.0,5927.62,423.96
2022-07-22,11.85,2880.0,711.1,13.54,1050.0,609.34,82.16,14760.0,3697.03,14.84,630.0,667.78,19320.0,5685.26,416.75
2022-07-23,12.22,2720.0,732.93,12.85,1020.0,578.1,81.15,15000.0,3651.95,11.96,750.0,538.3,19490.0,5501.27,416.52
2022-07-24,11.5,2640.0,690.11,12.14,1140.0,546.16,82.95,15330.0,3732.76,13.87,810.0,624.35,19920.0,5593.38,425.22
2022-07-25,11.25,2480.0,674.85,13.84,1050.0,622.87,84.57,15600.0,3805.78,14.65,660.0,659.1,19790.0,5762.61,425.88
2022-07-26,10.53,2440.0,631.71,12.44,1170.0,559.7,88.54,15120.0,3984.39,11.53,750.0,519.04,19480.0,5694.82,419.58
2022-07-27,10.27,2160.0,616.18,13.85,1290.0,623.47,86.2,15510.0,3878.9,13.85,750.0,623.29,19710.0,5741.84,424.2
2022-07-28,9.21,2240.0,552.49,15.28,1350.0,687.38,88.34,15030.0,3975.51,13.84,1020.0,622.75,19640.0,5838.13,424.64
2022-07-29,9.51,2360.0,570.69,16.7,1440.0,751.49,85.17,15210.0,3832.72,19.03,960.0,856.42,19970.0,6011.33,433.02
2022-07-30,9.93,2400.0,595.97,18.09,1320.0,813.98,85.53,15180.0,3848.93,17.87,840.0,804.14,19740.0,6063.03,430.05
2022-07-31,10.11,2320.0,606.81,16.71,1290.0,751.84,85.54,15090.0,3849.17,15.28,840.0,687.72,19540.0,5895.54,423.93
2022-08-01,9.76,2480.0,585.34,16.07,960.0,723.14,80.59,15120.0,3626.6,14.52,900.0,653.33,19460.0,5588.41,417.47
2022-08-02,10.47,2680.0,628.46,11.73,1020.0,527.72,81.47,15060.0,3666.32,15.36,870.0,691.16,19630.0,5513.66,419.06
2022-08-03,11.41,2680.0,684.59,12.45,870.0,560.2,81.46,15270.0,3665.49,15.02,750.0,675.73,19570.0,5586.0,419.27
2022-08-04,11.34,2720.0,680.42,11.41,990.0,513.3,83.26,15030.0,3746.62,13.09,870.0,589.19,19610.0,5529.53,418.99
2022-08-05,11.45,2760.0,687.12,12.9,960.0,580.64,82.71,15180.0,3721.99,15.29,990.0,688.11,19890.0,5677.87,426.13
2022-08-06,11.71,2600.0,702.85,12.6,810.0,567.04,81.72,15330.0,3677.42,17.73,930.0,797.79,19670.0,5745.1,423.58
2022-08-07,11.09,2560.0,665.12,10.68,930.0,480.45,82.76,15210.0,3723.98,16.63,810.0,748.17,19510.0,5617.73,418.8
2022-08-08,10.9,2800.0,654.09,12.22,1050.0,549.95,82.45,15120.0,3710.38,15.03,750.0,676.47,19720.0,5590.89,421.85
2022-08-09,11.93,2640.0,716.04,13.92,990.0,626.33,82.24,15300.0,3700.65,14.0,810.0,630.01,19740.0,5673.04,423.55
2022-08-10,11.1,2520.0,665.92,12.67,930.0,570.21,83.06,15510.0,3737.8,15.04,690.0,676.7,19650.0,5650.63,421.68
2022-08-11,10.74,2520.0,644.6,11.66,930.0,524.92,84.25,15330.0,3791.29,12.79,660.0,575.63,19440.0,5536.46,416.27
2022-08-12,10.62,2600.0,637.05,12.07,840.0,543.11,82.23,15600.0,3700.17,12.74,660.0,573.12,19700.0,5453.45,419.22
2022-08-13,11.02,2560.0,661.25,10.98,900.0,494.05,83.28,15420.0,3747.54,13.04,660.0,586.76,19540.0,5489.61,417.16
2022-08-14,10.85,2560.0,650.88,11.71,840.0,526.73,82.27,15690.0,3702.1,12.64,660.0,568.62,19750.0,5448.33,419.97
2022-08-15,10.87,2720.0,652.43,10.99,870.0,494.57,85.25,15960.0,3836.26,12.41,810.0,558.31,20360.0,5541.57,431.69
2022-08-16,11.57,2720.0,694.34,11.38,840.0,512.25,86.45,16170.0,3890.26,15.48,660.0,696.46,20390.0,5793.31,436.39
2022-08-17,11.48,2760.0,688.53,10.84,930.0,487.94,87.03,15930.0,3916.32,12.12,1080.0,545.19,20700.0,5637.98,438.97
2022-08-18,11.73,2880.0,704.01,12.03,1140.0,541.36,85.72,15990.0,3857.45,19.84,840.0,892.86,20850.0,5995.68,447.43
2022-08-19,12.12,2760.0,727.04,14.38,1170.0,646.96,85.34,16260.0,3840.44,15.27,870.0,686.98,21060.0,5901.42,449.36
2022-08-20,11.76,3000.0,705.53,14.4,1170.0,647.78,87.79,16320.0,3950.54,15.32,840.0,689.2,21330.0,5993.04,455.38
2022-08-21,12.65,2840.0,758.77,14.17,1200.0,637.81,88.26,16560.0,3971.84,15.04,930.0,676.89,21530.0,6045.3,459.59
2022-08-22,12.03,2840.0,721.73,14.49,1110.0,652.06,88.82,16380.0,3997.12,16.67,720.0,750.19,21050.0,6121.09,452.85
2022-08-23,12.02,2840.0,721.44,13.25,1020.0,596.43,86.88,16110.0,3909.4,12.67,840.0,570.05,20810.0,5797.32,443.46
2022-08-24,12.02,3080.0,721.19,12.82,1230.0,576.74,85.4,16050.0,3843.11,15.27,750.0,687.01,21110.0,5828.05,448.97
2022-08-25,13.03,2960.0,781.94,14.99,1230.0,674.46,85.59,15930.0,3851.34,13.25,810.0,596.44,20930.0,5904.19,447.24
2022-08-26,12.52,2800.0,751.14,15.22,1290.0,684.94,84.4,15870.0,3798.16,14.62,750.0,657.99,20710.0,5892.22,443.37
2022-08-27,11.92,2800.0,715.39,16.21,1290.0,729.62,84.62,15960.0,3807.78,13.39,900.0,602.37,20950.0,5855.16,446.75
2022-08-28,11.77,2920.0,706.01,16.22,1350.0,729.98,86.04,15630.0,3871.6,16.62,780.0,747.74,20680.0,6055.34,445.59
2022-08-29,12.31,2960.0,738.86,16.42,1230.0,738.86,85.86,15120.0,3863.53,13.95,780.0,627.71,20090.0,5968.96,434.32
2022-08-30,12.6,2880.0,755.98,15.33,1110.0,689.67,83.99,14790.0,3779.35,13.82,780.0,622.04,19560.0,5847.03,423.45
2022-08-31,12.16,3120.0,729.57,14.21,900.0,639.41,81.56,14850.0,3669.98,13.99,750.0,629.56,19620.0,5668.51,421.48
2022-09-01,13.15,2960.0,788.9,10.8,930.0,485.82,87.75,14940.0,3948.75,13.97,780.0,628.64,19610.0,5852.11,424.37
2022-09-02,12.45,2960.0,746.76,11.33,1050.0,509.96,87.55,14940.0,3939.9,14.1,660.0,634.59,19610.0,5831.21,424.02
2022-09-03,12.54,2800.0,752.39,13.15,1080.0,591.62,88.37,15360.0,3976.86,11.48,600.0,516.78,19840.0,5837.65,427.96
2022-09-04,11.77,2720.0,706.27,13.21,1290.0,594.57,90.87,15540.0,4089.13,10.56,780.0,475.15,20330.0,5865.12,436.59
2022-09-05,11.47,2600.0,688.28,15.2,1230.0,684.09,91.48,15390.0,4116.7,13.75,930.0,618.86,20150.0,6107.93,437.63
2022-09-06,11.05,2720.0,663.18,14.6,1200.0,657.06,88.61,14310.0,3987.3,16.16,570.0,727.14,18800.0,6034.67,413.91
2022-09-07,11.55,2440.0,693.11,14.08,1380.0,633.39,82.87,14970.0,3729.26,9.99,570.0,449.74,19360.0,5505.5,414.43
2022-09-08,10.27,2240.0,616.4,16.78,1140.0,755.21,84.25,15090.0,3791.17,9.94,660.0,447.47,19130.0,5610.25,412.34
2022-09-09,9.55,2320.0,572.99,14.51,1170.0,652.97,86.43,15360.0,3889.26,11.9,780.0,535.52,19630.0,5650.74,421.35
2022-09-10,9.8,2200.0,587.72,15.15,1080.0,681.71,88.57,15300.0,3985.6,14.41,660.0,648.57,19240.0,5903.61,419.06
2022-09-11,9.32,2280.0,559.33,14.16,1020.0,637.31,88.44,15540.0,3979.79,12.19,630.0,548.36,19470.0,5724.79,419.91
2022-09-12,9.61,2240.0,576.37,12.74,1020.0,573.22,90.41,15420.0,4068.65,12.05,630.0,542.03,19310.0,5760.26,417.84
2022-09-13,9.5,2320.0,570.21,13.04,1080.0,586.7,89.1,15420.0,4009.57,12.26,660.0,551.66,19480.0,5718.14,419.97
2022-09-14,9.76,2360.0,585.41,13.36,1140.0,601.27,88.31,15180.0,3973.92,12.39,750.0,557.64,19430.0,5718.25,419.14
2022-09-15,9.97,2440.0,598.04,13.76,1110.0,619.36,87.27,15030.0,3927.12,13.78,720.0,620.23,19300.0,5764.75,417.75
2022-09-16,10.31,2320.0,618.69,13.5,1440.0,607.57,86.69,15060.0,3901.27,13.25,750.0,596.23,19570.0,5723.76,421.56
2022-09-17,9.75,2240.0,585.05,18.25,1140.0,821.47,86.23,15180.0,3880.52,14.14,660.0,636.11,19220.0,5923.15,419.05
2022-09-18,9.45,2400.0,567.27,15.0,1170.0,674.79,86.97,15180.0,3913.55,12.06,630.0,542.68,19380.0,5698.29,417.97
2022-09-19,10.22,2520.0,613.44,14.39,1260.0,647.62,86.15,15000.0,3876.64,11.36,810.0,511.32,19590.0,5649.01,420.65
2022-09-20,10.69,2280.0,641.64,15.74,1290.0,708.52,86.0,15630.0,3870.17,15.19,870.0,683.58,20070.0,5903.9,432.9
2022-09-21,9.73,2360.0,583.8,16.43,1350.0,739.5,88.57,15570.0,3985.86,15.79,870.0,710.41,20150.0,6019.57,436.16
2022-09-22,9.94,2600.0,596.7,16.81,1200.0,756.52,89.22,15690.0,4014.79,15.83,810.0,712.45,20300.0,6080.46,439.67
2022-09-23,10.97,2640.0,658.21,14.9,1470.0,670.58,88.65,15810.0,3989.16,15.39,1020.0,692.47,20940.0,6010.41,449.17
2022-09-24,11.14,2720.0,668.67,18.24,1350.0,820.7,89.82,15870.0,4042.08,19.4,780.0,872.92,20720.0,6404.38,452.07
2022-09-25,11.46,2680.0,687.52,17.87,1410.0,804.19,88.5,16050.0,3982.46,14.02,660.0,630.89,20800.0,6105.05,448.42
2022-09-26,11.38,2720.0,682.86,17.86,1410.0,803.75,89.38,15870.0,4021.93,11.31,600.0,508.93,20600.0,6017.47,443.62
2022-09-27,11.49,2560.0,689.15,18.17,1260.0,817.82,89.86,15840.0,4043.55,10.55,780.0,474.68,20440.0,6025.2,441.09
2022-09-28,10.9,2400.0,653.74,15.48,1050.0,696.54,91.31,16170.0,4109.15,13.66,720.0,614.91,20340.0,6074.35,440.24
2022-09-29,10.24,2440.0,614.17,12.49,1080.0,562.18,93.28,15870.0,4197.45,13.28,720.0,597.48,20110.0,5971.28,434.69
2022-09-30,10.37,2400.0,621.93,13.01,1170.0,585.46,92.14,15210.0,4146.3,13.25,810.0,596.44,19590.0,5950.14,425.67
2022-10-01,10.13,2320.0,608.06,14.11,1230.0,634.74,89.51,15450.0,4028.15,14.37,870.0,646.8,19870.0,5917.74,429.8
2022-10-02,9.77,2440.0,586.38,14.57,1230.0,655.43,91.03,15630.0,4096.18,16.34,870.0,735.45,20170.0,6073.43,437.39
2022-10-03,10.32,2440.0,619.16,15.02,1110.0,675.94,91.66,15690.0,4124.92,16.37,750.0,736.66,19990.0,6156.67,435.78
2022-10-04,10.27,2560.0,615.91,13.73,1110.0,618.05,91.99,15720.0,4139.76,14.12,840.0,635.58,20230.0,6009.32,437.32
2022-10-05,10.9,2560.0,653.85,13.8,1140.0,621.01,92.8,15060.0,4175.96,15.68,870.0,705.76,19630.0,6156.58,429.78
2022-10-06,10.91,2680.0,654.89,14.33,1170.0,644.67,87.28,14460.0,3927.53,16.1,780.0,724.38,19090.0,5951.48,417.36
2022-10-07,11.27,2760.0,676.07,15.14,1050.0,681.43,83.28,15150.0,3747.67,14.89,930.0,669.87,19890.0,5775.04,427.75
2022-10-08,11.73,2600.0,703.83,13.48,1200.0,606.62,87.51,15330.0,3938.15,17.73,810.0,797.74,19940.0,6046.33,433.11
2022-10-09,10.93,2480.0,655.77,14.77,1140.0,664.57,87.27,15510.0,3927.36,15.53,780.0,698.83,19910.0,5946.53,430.94
2022-10-10,10.43,2480.0,626.02,14.11,1170.0,635.08,88.91,15480.0,4000.86,14.54,960.0,654.08,20090.0,5916.04,433.43
2022-10-11,10.53,2440.0,631.77,14.39,1170.0,647.34,88.18,15090.0,3968.05,17.51,690.0,787.79,19390.0,6034.95,423.75
2022-10-12,10.27,2680.0,616.23,14.06,1050.0,632.73,86.41,15390.0,3888.66,12.32,810.0,554.54,19930.0,5692.17,427.04
2022-10-13,11.41,2720.0,684.59,12.56,1110.0,565.12,89.89,15120.0,4045.06,14.39,780.0,647.67,19730.0,5942.44,427.87
2022-10-14,11.51,2800.0,690.58,13.25,1320.0,596.22,89.69,15180.0,4035.86,13.78,840.0,619.9,20140.0,5942.56,434.71
2022-10-15,11.93,2720.0,715.88,16.02,1410.0,720.83,89.7,15420.0,4036.69,14.69,810.0,660.86,20360.0,6134.27,441.57
2022-10-16,11.44,2640.0,686.1,16.45,1470.0,740.08,90.41,15300.0,4068.28,14.3,810.0,643.57,20220.0,6138.04,439.3
2022-10-17,11.19,2720.0,671.53,17.62,1500.0,793.0,90.67,15600.0,4080.12,14.79,750.0,665.44,20570.0,6210.1,446.33
2022-10-18,11.5,2720.0,689.89,18.0,1350.0,810.11,92.42,15930.0,4158.85,13.68,840.0,615.47,20840.0,6274.33,451.91
2022-10-19,11.58,2880.0,694.99,16.52,1410.0,743.45,94.23,15570.0,4240.43,14.73,810.0,662.95,20670.0,6341.81,450.2
2022-10-20,12.16,2840.0,729.7,16.62,1260.0,747.88,91.57,15270.0,4120.71,14.02,810.0,630.68,20180.0,6228.96,440.15
2022-10-21,11.96,2840.0,717.9,14.76,1080.0,664.01,90.1,15120.0,4054.66,13.85,690.0,623.43,19730.0,6059.99,429.83
2022-10-22,11.97,2800.0,718.25,13.26,1080.0,596.89,89.0,14850.0,4005.08,12.7,900.0,571.57,19630.0,5891.79,425.36
2022-10-23,11.81,2640.0,708.39,13.52,1110.0,608.53,87.9,14940.0,3955.5,16.85,960.0,758.07,19650.0,6030.49,428.01
2022-10-24,11.16,2720.0,669.72,13.9,1230.0,625.3,85.89,14400.0,3865.09,17.81,720.0,801.64,19070.0,5961.75,417.2
2022-10-25,11.47,2680.0,688.39,16.03,1110.0,721.16,81.93,14910.0,3686.96,13.36,840.0,601.24,19540.0,5697.75,420.63
2022-10-26,11.39,2640.0,683.59,14.36,840.0,646.02,85.06,14670.0,3827.78,15.39,780.0,692.67,18930.0,5850.06,413.0
2022-10-27,11.16,2600.0,669.44,10.52,810.0,473.47,85.11,14730.0,3829.92,14.25,750.0,641.38,18890.0,5614.21,408.4
2022-10-28,10.96,2600.0,657.68,10.79,990.0,485.5,87.26,15030.0,3926.55,14.09,840.0,634.22,19460.0,5703.94,419.4
2022-10-29,10.97,2600.0,658.07,12.59,1050.0,566.75,89.54,15090.0,4029.22,15.76,1050.0,709.21,19790.0,5963.26,429.22
2022-10-30,10.97,2680.0,658.4,13.16,1080.0,592.41,90.1,15030.0,4054.37,19.36,750.0,871.0,19540.0,6176.18,428.6
2022-10-31,11.32,2760.0,678.99,13.6,1140.0,612.12,89.64,15120.0,4033.67,14.14,840.0,636.51,19860.0,5961.28,430.35
2022-11-01,11.6,3000.0,696.09,14.75,960.0,663.66,85.4,15540.0,3842.83,15.64,960.0,703.98,20460.0,5906.55,439.44
2022-11-02,12.68,3240.0,761.08,12.49,1170.0,562.18,87.1,15630.0,3919.57,18.13,930.0,815.89,20970.0,6058.72,450.48
2022-11-03,13.75,3120.0,825.23,14.93,1080.0,671.77,88.73,16320.0,3992.82,17.58,690.0,791.08,21210.0,6280.9,458.18
2022-11-04,13.29,3120.0,797.26,13.69,840.0,616.12,92.97,16080.0,4183.8,12.87,780.0,579.23,20820.0,6176.41,449.94
2022-11-05,13.24,3120.0,794.34,10.83,1050.0,487.37,91.32,15540.0,4109.35,14.18,780.0,637.88,20490.0,6028.94,441.98
2022-11-06,13.2,3120.0,791.91,13.21,870.0,594.52,86.7,15870.0,3901.46,13.82,870.0,621.72,20730.0,5909.6,443.99
2022-11-07,13.16,3120.0,789.89,10.98,1020.0,493.97,87.64,16230.0,3943.9,15.36,750.0,691.07,21120.0,5918.84,450.65
2022-11-08,13.14,3080.0,788.22,12.96,1080.0,583.01,90.09,16170.0,4054.09,13.88,750.0,624.73,21080.0,6050.05,452.17
2022-11-09,13.11,3040.0,786.83,13.56,960.0,610.36,89.93,16410.0,4046.8,13.34,630.0,600.13,21040.0,6044.12,451.4
2022-11-10,12.93,2920.0,775.51,11.51,1080.0,518.06,93.12,16230.0,4190.22,11.98,990.0,539.06,21220.0,6022.86,454.05
2022-11-11,12.43,2840.0,745.8,12.53,990.0,563.92,89.95,15990.0,4047.79,18.13,960.0,816.02,20780.0,6173.53,449.23
2022-11-12,12.02,3040.0,721.12,11.65,1110.0,524.18,88.78,16680.0,3995.07,16.94,840.0,762.52,21670.0,6002.89,461.21
2022-11-13,12.86,3080.0,771.72,13.31,1200.0,598.9,92.32,16350.0,4154.51,14.77,1080.0,664.85,21710.0,6189.97,465.0
2022-11-14,13.05,2920.0,783.28,14.56,1260.0,655.14,90.23,16110.0,4060.15,19.19,870.0,863.48,21160.0,6362.06,458.7
2022-11-15,12.37,2880.0,742.09,15.82,1260.0,711.77,88.32,16470.0,3974.54,15.24,990.0,685.73,21600.0,6114.14,461.9
2022-11-16,12.14,3080.0,728.19,15.62,1260.0,702.91,91.91,16170.0,4136.03,17.46,930.0,785.66,21440.0,6352.79,463.21
2022-11-17,12.96,2960.0,777.6,15.35,1110.0,690.84,90.37,16110.0,4066.57,16.0,900.0,719.84,21080.0,6254.85,455.58
2022-11-18,12.46,2920.0,747.53,14.12,1140.0,635.61,90.33,16260.0,4064.88,15.95,690.0,717.67,21010.0,6165.69,452.93
2022-11-19,12.38,2800.0,742.87,14.72,1080.0,662.4,88.82,16230.0,3996.97,12.52,900.0,563.58,21010.0,5965.82,449.6
2022-11-20,11.81,2920.0,708.52,13.79,1380.0,620.54,88.4,16380.0,3978.19,16.66,810.0,749.7,21490.0,6056.96,459.12
2022-11-21,12.35,2720.0,740.94,17.07,1440.0,768.25,90.29,16260.0,4063.17,15.36,1050.0,691.04,21470.0,6263.4,462.22
2022-11-22,11.44,2760.0,686.6,18.8,1140.0,846.11,89.77,16470.0,4039.59,19.82,810.0,891.89,21180.0,6464.2,460.74
2022-11-23,11.71,2920.0,702.42,15.17,1320.0,682.52,90.94,16290.0,4092.47,15.67,870.0,705.1,21400.0,6182.51,459.71
2022-11-24,12.43,3040.0,746.03,16.19,1410.0,728.71,89.24,16380.0,4015.75,16.32,750.0,734.45,21580.0,6224.93,463.42
2022-11-25,12.87,2960.0,772.09,17.41,1320.0,783.43,90.25,15960.0,4061.14,14.5,810.0,652.33,21050.0,6268.99,455.32
2022-11-26,12.55,3080.0,753.12,16.05,1320.0,722.28,88.24,15480.0,3970.69,15.0,750.0,675.22,20630.0,6121.3,445.85
2022-11-27,12.97,3040.0,777.98,16.76,1350.0,754.08,87.12,15480.0,3920.4,14.0,930.0,629.87,20800.0,6082.33,448.04
2022-11-28,12.8,3040.0,768.17,17.04,1110.0,766.83,86.05,15690.0,3872.27,16.76,930.0,754.32,20770.0,6161.59,448.86
2022-11-29,12.84,2640.0,770.17,14.41,1080.0,648.49,87.4,15690.0,3933.06,17.31,1080.0,778.91,20490.0,6130.63,443.68
2022-11-30,11.17,2840.0,670.25,13.51,1170.0,607.73,88.34,15510.0,3975.12,20.33,990.0,914.76,20510.0,6167.87,444.63
2022-12-01,11.99,2600.0,719.31,14.83,1110.0,667.24,83.41,15360.0,3753.4,18.82,1110.0,846.78,20180.0,5986.72,436.11
2022-12-02,10.97,2560.0,658.48,14.45,1110.0,650.18,81.05,15240.0,3647.04,20.3,810.0,913.48,19720.0,5869.18,426.49
2022-12-03,10.81,2800.0,648.58,14.17,1140.0,637.67,81.53,15150.0,3668.74,15.52,810.0,698.47,19900.0,5653.46,425.89
2022-12-04,11.86,2760.0,711.46,14.54,1110.0,654.43,80.36,14910.0,3615.99,14.76,660.0,664.03,19440.0,5645.91,418.1
2022-12-05,11.71,3040.0,702.75,13.81,1230.0,621.37,79.24,15090.0,3565.81,11.61,690.0,522.35,20050.0,5412.28,424.37
2022-12-06,12.95,3200.0,776.77,15.44,1200.0,694.89,80.97,14760.0,3643.51,13.0,570.0,584.98,19730.0,5700.16,423.84
2022-12-07,13.46,3160.0,807.79,14.92,1140.0,671.62,78.83,14910.0,3547.18,10.84,690.0,487.85,19900.0,5514.44,423.57
2022-12-08,13.38,3240.0,803.09,14.48,990.0,651.55,78.84,15450.0,3547.78,12.6,570.0,567.13,20250.0,5569.55,430.33
2022-12-09,13.66,3200.0,819.5,12.34,1140.0,555.23,81.36,15840.0,3661.0,10.35,630.0,465.72,20810.0,5501.45,438.52
2022-12-10,13.55,3160.0,812.81,14.6,1290.0,656.96,83.93,15960.0,3776.67,11.11,540.0,499.84,20950.0,5746.28,444.94
2022-12-11,13.45,3120.0,807.25,15.73,1380.0,707.81,84.62,16650.0,3807.7,10.29,540.0,462.92,21690.0,5785.68,457.93
2022-12-12,13.21,3000.0,792.48,17.05,1080.0,767.15,86.89,16680.0,3909.87,9.97,660.0,448.65,21420.0,5918.15,455.64
2022-12-13,12.66,2960.0,759.9,12.94,1200.0,582.5,87.35,16440.0,3930.88,12.19,840.0,548.76,21440.0,5822.03,454.37
2022-12-14,12.55,2920.0,753.14,14.56,1320.0,655.39,85.09,16440.0,3829.0,15.22,840.0,684.82,21520.0,5922.36,457.37
2022-12-15,12.29,3000.0,737.37,16.23,1260.0,730.33,87.01,16740.0,3915.51,14.84,840.0,667.62,21840.0,6050.83,464.85
2022-12-16,12.75,3080.0,764.9,15.6,1110.0,702.03,87.92,16200.0,3956.37,15.22,930.0,684.78,21320.0,6108.08,457.13
2022-12-17,12.96,3120.0,777.62,13.3,990.0,598.31,84.14,15960.0,3786.28,16.39,810.0,737.53,20880.0,5899.74,446.33
2022-12-18,13.14,2960.0,788.18,12.25,1110.0,551.34,82.46,16350.0,3710.51,14.59,810.0,656.74,21230.0,5706.77,448.95
2022-12-19,12.61,2920.0,756.32,13.75,1200.0,618.63,85.46,16320.0,3845.71,14.09,900.0,634.04,21340.0,5854.7,453.25
2022-12-20,12.33,3320.0,740.01,14.62,1110.0,658.02,85.2,15990.0,3833.98,16.07,870.0,723.25,21290.0,5955.26,454.09
2022-12-21,13.97,3240.0,838.2,12.9,1110.0,580.39,84.65,16200.0,3809.28,14.58,810.0,656.09,21360.0,5883.96,454.07
2022-12-22,13.64,3080.0,818.19,13.03,1170.0,586.41,86.66,15840.0,3899.66,14.02,720.0,630.81,20810.0,5935.07,445.75
2022-12-23,13.02,3040.0,781.25,13.81,1320.0,621.42,84.97,15810.0,3823.5,12.54,780.0,564.35,20950.0,5790.52,445.68
2022-12-24,12.85,3080.0,770.88,15.75,1140.0,708.71,84.8,15870.0,3815.82,14.46,930.0,650.69,21020.0,5946.1,449.44
2022-12-25,13.04,3320.0,782.58,14.16,1140.0,637.04,85.34,16260.0,3840.3,16.74,810.0,753.31,21530.0,6013.24,459.05
2022-12-26,14.05,3280.0,843.09,14.04,1080.0,631.85,86.48,16170.0,3891.41,15.3,780.0,688.5,21310.0,6054.85,456.08
2022-12-27,13.87,3000.0,832.41,13.88,1170.0,624.73,86.97,16080.0,3913.8,14.74,810.0,663.41,21060.0,6034.34,451.57
2022-12-28,12.71,3120.0,762.59,15.34,1320.0,690.12,85.73,16230.0,3857.74,15.66,720.0,704.48,21390.0,6014.94,456.75
2022-12-29,13.27,3160.0,796.01,17.25,1200.0,776.33,85.89,16140.0,3864.9,13.53,660.0,608.88,21160.0,6046.13,453.44
2022-12-30,13.39,3320.0,803.46,15.95,1140.0,717.89,85.84,16350.0,3862.82,12.35,750.0,555.56,21560.0,5939.73,458.33
2022-12-31,14.0,3320.0,840.12,14.72,1080.0,662.51,87.2,16260.0,3924.21,13.16,690.0,592.21,21350.0,6019.05,456.15
2023-01-01,14.0,3160.0,840.1,13.13,1290.0,590.73,80.69,15720.0,3631.14,12.23,720.0,550.48,20890.0,5612.45,441.71
2023-01-02,13.32,3040.0,799.45,15.41,1350.0,693.48,77.81,15210.0,3501.62,13.18,570.0,593.17,20170.0,5587.73,429.3
2023-01-03,12.93,2920.0,775.84,16.04,1260.0,721.94,75.55,15720.0,3399.89,10.31,660.0,463.97,20560.0,5361.65,432.03
2023-01-04,12.43,2840.0,746.07,14.79,1230.0,665.51,77.85,15990.0,3503.11,11.68,480.0,525.53,20540.0,5440.22,433.0
2023-01-05,12.02,2880.0,721.34,14.5,1230.0,652.5,78.77,16230.0,3544.69,8.4,420.0,377.9,20760.0,5296.43,434.27
2023-01-06,12.19,3080.0,731.27,14.51,1080.0,652.91,80.59,16170.0,3626.45,7.16,720.0,322.08,21050.0,5332.7,439.71
2023-01-07,13.0,2880.0,780.15,13.22,1170.0,594.78,80.77,16380.0,3634.85,12.29,570.0,553.22,21000.0,5563.01,442.72
2023-01-08,12.16,3080.0,729.34,14.25,1110.0,641.14,82.25,16110.0,3701.17,10.12,630.0,455.6,20930.0,5527.25,440.95
2023-01-09,12.98,3080.0,778.55,13.32,930.0,599.2,80.6,16410.0,3626.91,11.17,750.0,502.56,21170.0,5507.21,444.62
2023-01-10,12.98,2960.0,778.79,10.98,900.0,493.99,82.12,15990.0,3695.53,13.12,870.0,590.32,20720.0,5558.64,437.98
2023-01-11,12.48,2840.0,748.52,10.38,870.0,467.07,78.95,16260.0,3552.56,15.21,1020.0,684.59,20990.0,5452.75,440.71
2023-01-12,12.06,2680.0,723.38,10.52,990.0,473.54,79.92,16440.0,3596.28,17.9,840.0,805.65,20950.0,5598.85,442.48
2023-01-13,11.37,2640.0,682.18,12.27,1200.0,552.32,81.49,16410.0,3667.26,14.92,840.0,671.47,21090.0,5573.22,444.39
2023-01-14,11.14,2880.0,668.26,15.12,1260.0,680.24,80.72,16680.0,3632.43,15.07,900.0,677.97,21720.0,5658.91,456.32
2023-01-15,12.13,3160.0,727.81,15.42,1260.0,694.07,82.49,16320.0,3712.16,16.08,720.0,723.55,21460.0,5857.59,455.29
2023-01-16,13.29,3120.0,797.59,14.76,1020.0,664.09,80.63,16290.0,3628.48,12.67,570.0,570.17,21000.0,5660.34,444.34
2023-01-17,13.24,3240.0,794.62,12.52,1110.0,563.45,80.73,16350.0,3632.95,10.58,570.0,476.06,21270.0,5467.08,445.62
2023-01-18,13.71,2920.0,822.62,13.47,990.0,606.18,80.41,16260.0,3618.37,10.89,750.0,490.08,20920.0,5537.25,440.95
2023-01-19,12.4,2920.0,744.29,12.17,900.0,547.76,80.42,15960.0,3619.12,13.62,720.0,612.78,20500.0,5523.96,433.73
2023-01-20,12.34,2720.0,740.18,11.12,1230.0,500.47,78.76,15900.0,3544.38,13.38,720.0,601.99,20570.0,5387.02,432.62
2023-01-21,11.43,2640.0,685.98,15.24,1080.0,685.9,79.65,15900.0,3584.43,13.08,810.0,588.59,20430.0,5544.9,432.91
2023-01-22,11.19,2960.0,671.42,13.47,1050.0,606.29,79.57,16020.0,3580.58,15.33,990.0,690.04,21020.0,5548.33,442.81
2023-01-23,12.51,2800.0,750.75,13.36,960.0,601.09,79.58,16410.0,3581.07,18.74,660.0,843.46,20830.0,5776.37,443.44
2023-01-24,11.92,2640.0,715.07,12.0,1110.0,539.96,81.21,16470.0,3654.44,12.61,810.0,567.28,21030.0,5476.76,441.78
2023-01-25,11.25,2920.0,675.27,14.0,960.0,629.97,82.26,16890.0,3701.89,15.2,960.0,683.95,21730.0,5691.07,457.02
2023-01-26,12.4,2920.0,743.79,12.09,1050.0,543.9,84.84,16800.0,3817.59,18.1,750.0,814.6,21520.0,5919.89,457.33
2023-01-27,12.33,2960.0,739.76,13.16,1200.0,592.41,84.21,16740.0,3789.49,14.34,720.0,645.45,21620.0,5767.12,456.45
2023-01-28,12.61,2960.0,756.73,15.45,1290.0,695.11,85.24,17280.0,3835.78,13.69,750.0,616.03,22280.0,5903.65,469.73
2023-01-29,12.51,3120.0,750.52,16.81,900.0,756.66,87.66,17220.0,3944.83,14.3,720.0,643.54,21960.0,6095.54,467.59
2023-01-30,13.27,3280.0,796.14,11.31,990.0,508.82,86.39,17550.0,3887.75,13.57,960.0,610.46,22780.0,5803.17,476.39
2023-01-31,13.9,3120.0,834.04,12.34,1200.0,555.35,87.28,17490.0,3927.63,17.86,780.0,803.49,22590.0,6120.51,478.51
2023-02-01,13.24,2960.0,794.42,14.67,1140.0,659.99,89.18,17190.0,4013.29,14.39,780.0,647.4,22070.0,6115.1,469.75
2023-02-02,12.52,2920.0,751.34,14.21,1050.0,639.53,87.88,17070.0,3954.4,14.89,1020.0,670.1,22060.0,6015.38,467.92
2023-02-03,12.43,3240.0,746.04,13.1,990.0,589.6,87.01,16890.0,3915.43,19.75,900.0,888.79,22020.0,6139.86,469.33
2023-02-04,13.71,3080.0,822.89,12.43,900.0,559.36,85.12,17460.0,3830.26,16.77,960.0,754.44,22400.0,5966.96,472.78
2023-02-05,13.09,2920.0,785.16,11.75,840.0,528.56,89.31,16950.0,4019.0,17.65,840.0,794.09,21550.0,6126.81,461.28
2023-02-06,12.39,2960.0,743.65,11.25,900.0,506.37,86.7,16830.0,3901.5,15.34,750.0,690.11,21440.0,5841.63,454.69
2023-02-07,12.5,2880.0,749.81,11.93,1020.0,537.02,86.12,17010.0,3875.58,13.69,750.0,616.1,21660.0,5778.51,457.31
2023-02-08,12.24,3080.0,734.6,13.52,990.0,608.49,87.15,16890.0,3921.65,13.72,810.0,617.19,21770.0,5881.94,460.87
2023-02-09,13.05,3200.0,782.92,12.54,900.0,564.38,87.62,17070.0,3942.71,14.59,690.0,656.5,21860.0,5946.5,463.44
2023-02-10,13.55,3040.0,812.9,11.75,1050.0,528.95,89.07,17190.0,4008.27,12.64,960.0,568.89,22240.0,5919.0,469.32
2023-02-11,12.95,2760.0,776.86,13.84,1050.0,622.84,90.21,17250.0,4059.64,18.22,840.0,819.69,21900.0,6279.03,469.65
2023-02-12,11.6,2920.0,696.12,13.1,1080.0,589.31,91.06,17880.0,4097.51,15.9,840.0,715.39,22720.0,6098.33,480.31
2023-02-13,12.35,3080.0,740.8,13.36,1110.0,601.15,94.71,17490.0,4261.94,16.13,990.0,725.68,22670.0,6329.56,483.33
2023-02-14,12.97,2840.0,777.91,13.86,1110.0,623.91,90.85,17610.0,4088.21,19.12,840.0,860.3,22400.0,6350.33,479.17
2023-02-15,11.96,2880.0,717.32,13.9,1170.0,625.45,91.1,17130.0,4099.65,15.84,960.0,712.58,22140.0,6154.99,471.58
2023-02-16,12.13,2920.0,727.93,14.48,1260.0,651.41,88.27,16680.0,3972.04,18.21,750.0,819.4,21610.0,6170.78,463.01
2023-02-17,12.28,2920.0,736.74,15.08,1230.0,678.73,86.43,16920.0,3889.15,13.65,780.0,614.11,21850.0,5918.74,462.81
2023-02-18,12.4,2960.0,744.07,14.67,1170.0,660.07,87.59,16710.0,3941.51,14.39,690.0,647.41,21530.0,5993.05,458.72
2023-02-19,12.5,2720.0,750.15,14.24,1200.0,640.61,85.74,16260.0,3858.11,12.53,750.0,563.91,20930.0,5812.78,445.71
2023-02-20,11.57,2640.0,694.26,14.74,1200.0,663.5,83.41,16260.0,3753.46,13.79,810.0,620.73,20910.0,5731.95,444.03
2023-02-21,11.14,2560.0,668.14,14.9,1110.0,670.62,84.71,15990.0,3812.06,14.16,930.0,637.42,20590.0,5788.25,439.64
2023-02-22,10.77,2600.0,646.45,14.06,1200.0,632.51,83.6,15630.0,3761.97,17.1,750.0,769.59,20180.0,5810.51,433.18
2023-02-23,10.98,2520.0,658.9,15.32,1320.0,689.4,81.74,16050.0,3678.35,13.74,630.0,618.08,20520.0,5644.73,436.08
2023-02-24,10.65,2680.0,638.77,16.49,1290.0,741.95,84.53,16020.0,3803.98,10.94,900.0,492.22,20890.0,5676.93,442.78
2023-02-25,11.38,3080.0,683.0,15.57,1140.0,700.71,84.85,15750.0,3818.33,15.82,630.0,711.75,20600.0,5913.78,441.9
2023-02-26,13.01,3000.0,780.68,13.57,1170.0,610.64,81.71,15570.0,3677.01,10.91,720.0,490.84,20460.0,5559.17,433.65
2023-02-27,12.67,3040.0,760.25,14.22,1110.0,639.79,81.14,15600.0,3651.37,12.47,720.0,561.17,20470.0,5612.58,434.71
2023-02-28,12.9,3000.0,773.75,13.44,1080.0,604.58,79.18,16110.0,3563.29,12.46,870.0,560.55,21060.0,5502.18,442.7
2023-03-01,12.74,3040.0,764.65,12.61,1140.0,567.41,86.29,15780.0,3882.84,14.6,900.0,657.22,20860.0,5872.12,445.54
2023-03-02,12.79,2920.0,767.25,13.26,1170.0,596.5,83.41,15690.0,3753.44,15.29,780.0,688.04,20560.0,5805.22,439.42
2023-03-03,12.32,2840.0,738.94,13.52,1050.0,608.33,83.14,16380.0,3741.22,13.81,720.0,621.43,20990.0,5709.92,445.0
2023-03-04,12.09,2800.0,725.57,12.77,1140.0,574.46,86.83,16410.0,3907.16,12.81,1020.0,576.48,21370.0,5783.67,452.56
2023-03-05,11.91,2840.0,714.47,13.61,1140.0,612.48,88.17,16470.0,3967.61,18.96,840.0,853.39,21290.0,6147.95,457.3
2023-03-06,12.09,3040.0,725.56,13.97,1260.0,628.75,88.73,16710.0,3992.81,15.7,990.0,706.66,22000.0,6053.79,467.56
2023-03-07,12.92,3080.0,775.41,14.66,1080.0,659.8,90.04,16860.0,4051.97,18.37,840.0,826.78,21860.0,6313.96,469.57
2023-03-08,13.11,3000.0,786.35,12.98,1140.0,584.26,92.68,16830.0,4170.4,15.87,810.0,714.15,21780.0,6255.16,467.25
2023-03-09,12.75,3000.0,764.96,13.5,1350.0,607.51,92.17,16170.0,4147.87,14.2,750.0,638.82,21270.0,6159.15,457.15
2023-03-10,12.62,3040.0,757.35,16.35,1380.0,735.94,87.27,15900.0,3927.24,14.03,720.0,631.19,21040.0,6051.72,451.53
2023-03-11,12.86,2920.0,771.34,16.86,1170.0,758.8,85.14,16080.0,3831.18,13.44,660.0,604.86,20830.0,5966.18,446.6
2023-03-12,12.37,3040.0,742.33,14.61,1020.0,657.26,85.39,16380.0,3842.54,12.07,570.0,543.08,21010.0,5785.21,446.59
2023-03-13,12.82,2920.0,769.02,12.62,1170.0,568.11,86.92,16110.0,3911.35,10.27,660.0,461.96,20860.0,5710.44,442.84
2023-03-14,12.34,2920.0,740.41,14.67,1410.0,660.23,86.96,16050.0,3913.18,11.8,720.0,530.82,21100.0,5844.63,449.08
2023-03-15,12.28,2840.0,736.95,18.1,1200.0,814.29,85.61,16050.0,3852.45,13.59,930.0,611.6,21020.0,6015.3,450.59
2023-03-16,12.07,2760.0,723.93,14.98,1290.0,674.09,85.86,16440.0,3863.72,17.1,750.0,769.65,21240.0,6031.39,454.52
2023-03-17,11.72,2560.0,702.94,15.82,1320.0,711.78,87.14,16200.0,3921.28,13.52,960.0,608.2,21040.0,5944.2,449.74
2023-03-18,10.92,2720.0,655.04,16.44,1020.0,739.98,87.52,16710.0,3938.6,16.64,840.0,748.63,21290.0,6082.25,456.2
2023-03-19,11.44,2720.0,686.36,12.97,1290.0,583.82,90.66,16770.0,4079.77,16.03,1020.0,721.2,21800.0,6071.14,464.52
2023-03-20,11.53,2800.0,692.05,16.16,1260.0,727.3,91.4,16110.0,4112.81,18.24,1020.0,820.75,21190.0,6352.91,459.05
2023-03-21,11.78,2840.0,706.94,16.12,990.0,725.45,88.5,15510.0,3982.68,17.51,840.0,788.17,20180.0,6203.25,439.72
2023-03-22,11.99,3040.0,719.31,12.5,1020.0,562.43,82.97,15630.0,3733.78,15.49,750.0,697.06,20440.0,5712.59,435.88
2023-03-23,12.84,2880.0,770.22,12.77,1110.0,574.46,83.43,15840.0,3754.35,13.4,810.0,602.89,20640.0,5701.91,439.03
2023-03-24,12.19,2760.0,731.24,13.93,930.0,626.92,85.32,15780.0,3839.21,14.78,900.0,665.19,20370.0,5862.55,437.21
2023-03-25,11.65,2720.0,698.86,11.98,990.0,539.2,86.42,15810.0,3888.73,16.62,810.0,747.74,20330.0,5874.54,436.74
2023-03-26,11.54,2720.0,692.28,12.24,1110.0,550.82,86.13,15990.0,3875.97,14.49,750.0,652.04,20570.0,5771.12,439.02
2023-03-27,11.45,2600.0,686.82,13.81,1080.0,621.64,85.97,16350.0,3868.67,13.65,750.0,614.04,20780.0,5791.18,442.85
2023-03-28,11.03,2720.0,661.96,13.5,1110.0,607.44,89.15,16260.0,4011.66,13.2,750.0,594.07,20840.0,5875.13,445.25
2023-03-29,11.54,2480.0,692.1,13.71,1140.0,616.8,87.25,16080.0,3926.09,13.91,750.0,626.16,20450.0,5861.15,438.52
2023-03-30,10.43,2600.0,625.72,13.68,870.0,615.57,85.25,16140.0,3836.46,13.65,810.0,614.33,20420.0,5692.07,435.2
2023-03-31,11.03,2560.0,662.0,10.55,990.0,474.77,86.09,15660.0,3874.24,15.18,930.0,683.02,20140.0,5694.03,430.57
2023-04-01,10.86,2480.0,651.5,12.01,990.0,540.66,83.79,15300.0,3770.51,17.36,810.0,781.16,19580.0,5743.83,422.06
2023-04-02,10.54,2680.0,632.63,11.83,1050.0,532.18,81.22,15630.0,3654.98,14.96,690.0,673.41,20050.0,5493.19,425.72
2023-04-03,11.3,2720.0,677.89,12.5,1020.0,562.61,82.24,15420.0,3700.66,12.92,720.0,581.32,19880.0,5522.49,423.37
2023-04-04,11.59,2640.0,695.18,12.23,960.0,550.36,81.59,15120.0,3671.75,13.52,690.0,608.36,19410.0,5525.65,415.59
2023-04-05,11.15,2600.0,668.91,11.35,1140.0,510.61,80.21,15180.0,3609.23,12.8,750.0,575.8,19670.0,5364.54,417.24
2023-04-06,10.95,2560.0,657.24,13.91,1140.0,625.97,79.93,15390.0,3596.82,13.91,810.0,625.99,19900.0,5506.02,423.43
2023-04-07,10.79,2640.0,647.55,13.39,900.0,602.35,79.36,15000.0,3571.22,14.87,930.0,668.98,19470.0,5490.09,416.0
2023-04-08,11.17,2960.0,669.97,10.47,990.0,471.08,77.32,15300.0,3479.57,17.28,690.0,777.67,19940.0,5398.3,422.3
2023-04-09,12.49,3000.0,749.55,11.39,1230.0,512.54,80.68,15810.0,3630.81,12.68,840.0,570.52,20880.0,5463.41,439.06
2023-04-10,12.75,3080.0,764.86,14.54,1380.0,654.29,83.79,15390.0,3770.66,15.37,690.0,691.65,20540.0,5881.46,440.36
2023-04-11,12.96,2840.0,777.58,16.02,1140.0,720.75,83.32,15150.0,3749.29,12.58,690.0,566.16,19820.0,5813.79,427.23
2023-04-12,11.95,2960.0,717.04,13.33,1020.0,599.65,81.92,16050.0,3686.58,12.52,780.0,563.55,20810.0,5566.82,439.61
2023-04-13,12.47,3000.0,748.02,12.11,1020.0,545.16,87.1,16140.0,3919.32,13.88,720.0,624.75,20880.0,5837.24,445.29
2023-04-14,12.73,2920.0,763.59,12.19,1020.0,548.5,87.39,16200.0,3932.37,12.77,780.0,574.73,20920.0,5819.19,445.65
2023-04-15,12.43,2720.0,746.05,12.54,1050.0,564.17,87.46,16410.0,3935.54,14.07,690.0,633.07,20870.0,5878.84,445.81
2023-04-16,11.51,2760.0,690.85,12.91,1020.0,580.8,90.16,16410.0,4057.16,12.21,780.0,549.27,20970.0,5878.09,447.47
2023-04-17,11.77,3000.0,705.95,12.64,960.0,568.8,88.21,16410.0,3969.36,13.73,750.0,617.85,21120.0,5861.95,449.7
2023-04-18,12.65,2720.0,759.11,12.34,1110.0,555.36,89.32,16320.0,4019.54,13.1,780.0,589.3,20930.0,5923.31,447.56
2023-04-19,11.53,2920.0,691.54,14.0,1050.0,629.97,88.09,16290.0,3964.27,13.68,750.0,615.71,21010.0,5901.5,448.53
2023-04-20,12.28,2760.0,736.99,13.07,1080.0,588.32,87.55,16380.0,3939.82,13.02,750.0,585.97,20970.0,5851.1,447.02
2023-04-21,11.73,2840.0,703.64,13.38,1230.0,602.22,88.72,16350.0,3992.45,13.16,570.0,592.15,20990.0,5890.46,448.01
2023-04-22,11.94,2880.0,716.57,15.59,1260.0,701.46,88.89,15390.0,4000.12,10.44,690.0,469.79,20220.0,5887.94,435.13
2023-04-23,12.12,3120.0,727.31,15.63,1350.0,703.38,81.3,15600.0,3658.67,12.47,750.0,561.05,20820.0,5650.4,441.17
2023-04-24,13.29,3080.0,797.18,17.0,1110.0,765.13,82.69,15990.0,3720.84,14.04,720.0,632.0,20900.0,5915.15,446.92
2023-04-25,13.07,3240.0,784.11,13.84,1320.0,622.98,85.65,15900.0,3854.42,13.55,810.0,609.95,21270.0,5871.46,452.36
2023-04-26,13.73,3040.0,824.05,16.54,1650.0,744.12,85.24,16200.0,3835.99,15.36,930.0,691.38,21820.0,6095.53,465.26
2023-04-27,12.93,3120.0,775.96,20.31,1350.0,913.8,86.9,15990.0,3910.63,18.28,780.0,822.71,21240.0,6423.1,461.05
2023-04-28,13.28,3000.0,796.96,16.67,1500.0,750.28,85.58,15810.0,3851.32,15.19,630.0,683.55,20940.0,6082.1,450.37
2023-04-29,12.73,2880.0,763.61,18.53,1380.0,833.74,83.9,15720.0,3775.4,12.07,780.0,543.23,20760.0,5915.98,444.6
2023-04-30,12.27,3000.0,735.91,17.0,1200.0,765.17,84.4,15870.0,3797.79,14.69,780.0,660.89,20850.0,5959.77,446.83
2023-05-01,12.73,3120.0,763.69,15.18,1110.0,683.06,91.94,15570.0,4137.41,15.75,930.0,708.75,20730.0,6292.91,450.38
2023-05-02,13.28,2960.0,796.93,14.36,1140.0,646.06,90.21,15570.0,4059.63,17.41,1020.0,783.45,20690.0,6286.06,449.6
2023-05-03,12.56,3040.0,753.43,14.5,1020.0,652.43,90.81,15330.0,4086.31,19.61,1080.0,882.59,20470.0,6374.75,447.41
2023-05-04,12.8,2920.0,768.09,12.96,1200.0,583.34,90.27,15660.0,4062.31,20.4,840.0,917.83,20620.0,6331.56,449.19
2023-05-05,12.33,2840.0,739.63,14.77,1230.0,664.54,91.68,15930.0,4125.41,15.7,810.0,706.61,20810.0,6236.19,450.77
2023-05-06,12.1,2600.0,726.15,15.5,1230.0,697.61,94.51,16320.0,4253.16,15.22,1080.0,684.8,21230.0,6361.71,459.86
2023-05-07,11.07,2680.0,664.16,14.88,1320.0,669.56,97.93,16440.0,4407.06,20.07,1020.0,903.16,21460.0,6643.94,468.4
2023-05-08,11.4,2480.0,683.77,16.69,1290.0,750.86,98.09,16650.0,4414.03,17.97,900.0,808.65,21320.0,6657.31,466.29
2023-05-09,10.48,2520.0,628.96,17.16,1320.0,772.2,97.88,16710.0,4404.67,16.29,870.0,733.17,21420.0,6539.0,465.98
2023-05-10,10.74,2440.0,644.37,17.09,1200.0,769.21,98.83,16380.0,4447.28,15.38,720.0,692.22,20740.0,6553.08,454.88
2023-05-11,10.28,2560.0,616.54,15.32,1440.0,689.41,96.79,16230.0,4355.64,13.64,840.0,613.78,21070.0,6275.38,455.76
2023-05-12,10.91,2440.0,654.37,18.25,1380.0,821.14,95.85,16170.0,4313.19,15.68,900.0,705.82,20890.0,6494.52,456.41
2023-05-13,10.24,2520.0,614.69,17.7,1440.0,796.65,94.13,16650.0,4235.72,16.65,930.0,749.32,21540.0,6396.39,465.61
2023-05-14,10.71,2600.0,642.68,18.09,1320.0,814.16,95.33,16440.0,4289.85,16.71,870.0,751.75,21230.0,6498.44,462.14
2023-05-15,10.93,2680.0,655.77,16.19,1170.0,728.42,95.31,15750.0,4288.89,15.85,1080.0,713.34,20680.0,6386.43,451.11
2023-05-16,11.28,2720.0,676.8,14.6,1020.0,657.16,91.63,15210.0,4123.26,20.31,870.0,914.06,19820.0,6371.28,436.52
2023-05-17,11.57,2840.0,694.27,12.48,930.0,561.8,88.3,15390.0,3973.52,16.34,630.0,735.38,19790.0,5964.97,429.25
2023-05-18,11.98,2640.0,718.95,11.74,990.0,528.39,88.87,15240.0,3999.2,11.54,840.0,519.22,19710.0,5765.76,424.6
2023-05-19,11.14,2880.0,668.33,12.07,1140.0,543.2,89.04,15150.0,4006.89,15.08,840.0,678.79,20010.0,5897.22,431.79
2023-05-20,12.13,2760.0,727.87,13.64,1230.0,613.74,88.92,14580.0,4001.34,15.63,810.0,703.15,19380.0,6046.1,423.77
2023-05-21,11.6,2960.0,696.06,14.92,1260.0,671.34,87.19,14670.0,3923.4,15.16,840.0,682.22,19730.0,5973.03,428.38
2023-05-22,12.52,2840.0,750.91,15.76,1230.0,709.25,85.66,14550.0,3854.61,15.26,810.0,686.88,19430.0,6001.65,423.86
2023-05-23,12.09,2840.0,725.36,15.03,1200.0,676.45,82.39,14700.0,3707.55,14.29,660.0,643.03,19400.0,5752.39,419.21
2023-05-24,12.07,2840.0,724.45,14.44,1260.0,649.79,83.12,14580.0,3740.21,11.92,660.0,536.47,19340.0,5650.92,416.52
2023-05-25,12.06,2880.0,723.7,14.87,1170.0,668.95,83.54,14880.0,3759.51,11.82,600.0,531.91,19530.0,5684.07,420.23
2023-05-26,12.22,2880.0,733.23,13.32,1080.0,599.32,84.79,15330.0,3815.59,10.37,540.0,466.71,19830.0,5614.85,424.08
2023-05-27,12.18,2760.0,730.99,13.12,1230.0,590.52,86.84,15630.0,3907.75,9.72,600.0,437.57,20220.0,5666.84,431.45
2023-05-28,11.64,2840.0,698.66,14.75,1230.0,663.56,89.91,15360.0,4046.06,10.96,660.0,493.1,20090.0,5901.37,433.19
2023-05-29,12.04,2600.0,722.58,14.64,1290.0,658.88,86.42,15570.0,3888.87,11.86,870.0,533.91,20330.0,5804.24,435.57
2023-05-30,11.02,2880.0,661.2,15.83,1500.0,712.14,88.03,15000.0,3961.57,15.25,720.0,686.07,20100.0,6020.98,435.35
2023-05-31,12.2,3040.0,732.1,18.5,1320.0,832.65,87.17,14910.0,3922.81,12.98,690.0,584.27,19960.0,6071.83,433.86
2023-06-01,12.84,2960.0,770.68,16.61,1380.0,747.65,83.9,15300.0,3775.3,13.14,810.0,591.11,20450.0,5884.75,438.91
2023-06-02,12.53,2960.0,751.95,17.9,1380.0,805.65,85.62,15000.0,3852.8,14.44,660.0,649.64,20000.0,6060.03,434.33
2023-06-03,12.61,2800.0,756.7,17.45,1230.0,785.09,84.42,15210.0,3799.01,11.62,720.0,523.08,19960.0,5863.87,430.4
2023-06-04,11.83,2760.0,709.85,15.65,900.0,704.31,87.19,15420.0,3923.42,13.0,720.0,584.89,19800.0,5922.47,428.71
2023-06-05,11.69,2760.0,701.41,11.28,1020.0,507.6,89.64,15000.0,4033.64,13.58,810.0,611.2,19590.0,5853.86,424.06
2023-06-06,11.74,2880.0,704.56,13.0,1230.0,584.92,85.92,15060.0,3866.34,14.06,780.0,632.82,19950.0,5788.63,428.98
2023-06-07,12.12,2640.0,727.49,15.13,1140.0,681.06,84.52,14910.0,3803.25,13.63,720.0,613.39,19410.0,5825.19,420.59
2023-06-08,11.26,2680.0,675.43,14.5,1230.0,652.64,83.29,14700.0,3747.96,12.89,750.0,579.96,19360.0,5655.99,416.93
2023-06-09,11.38,2840.0,682.98,16.02,1380.0,720.68,83.09,14670.0,3739.2,13.71,630.0,616.84,19520.0,5759.69,421.33
2023-06-10,12.0,2760.0,719.72,18.59,1140.0,836.55,82.55,15180.0,3714.75,11.5,480.0,517.45,19560.0,5788.46,422.47
2023-06-11,11.66,2920.0,699.45,14.8,1230.0,666.16,85.79,15330.0,3860.62,8.47,510.0,381.08,19990.0,5607.32,426.62
2023-06-12,12.39,3080.0,743.56,15.46,1020.0,695.92,88.1,15240.0,3964.44,9.71,510.0,436.76,19850.0,5840.68,428.18
2023-06-13,13.0,2920.0,780.2,13.11,1020.0,589.94,86.97,15450.0,3913.59,9.15,780.0,411.86,20170.0,5695.59,431.09
2023-06-14,12.33,2920.0,739.54,12.9,1020.0,580.34,87.8,14940.0,3951.11,14.46,750.0,650.89,19630.0,5921.88,425.86
2023-06-15,12.44,2840.0,746.39,13.14,1200.0,591.12,84.33,14880.0,3794.97,14.49,810.0,652.13,19730.0,5784.61,425.24
2023-06-16,12.03,2720.0,721.6,15.46,1230.0,695.92,84.69,14670.0,3811.01,14.92,900.0,671.6,19520.0,5900.14,423.67
2023-06-17,11.51,2680.0,690.86,15.14,1230.0,681.39,82.3,14820.0,3703.59,15.94,720.0,717.49,19450.0,5793.32,420.72
2023-06-18,11.43,2720.0,685.63,15.34,1140.0,690.27,83.62,15210.0,3762.97,12.88,1020.0,579.63,20090.0,5718.51,430.14
2023-06-19,11.52,2760.0,691.45,14.11,900.0,635.14,85.41,15060.0,3843.38,18.96,720.0,853.35,19440.0,6023.33,424.39
2023-06-20,11.6,2720.0,696.29,11.06,1110.0,497.56,83.03,15060.0,3736.43,13.45,810.0,605.07,19700.0,5535.35,420.59
2023-06-21,11.5,2880.0,690.14,13.53,1110.0,608.9,83.58,14970.0,3761.22,16.65,1020.0,749.39,19980.0,5809.65,429.83
2023-06-22,12.26,3200.0,735.83,13.36,1170.0,601.4,84.91,14490.0,3821.05,19.02,870.0,855.89,19730.0,6014.17,429.07
2023-06-23,13.57,3080.0,814.41,14.4,1110.0,647.97,82.32,14610.0,3704.36,15.76,900.0,709.35,19700.0,5876.09,426.27
2023-06-24,12.97,3280.0,778.11,14.06,1380.0,632.64,81.17,14580.0,3652.86,16.48,840.0,741.73,20080.0,5805.35,431.42
2023-06-25,13.82,3160.0,829.22,16.58,1260.0,746.21,81.35,14610.0,3660.88,15.55,720.0,699.57,19750.0,5935.88,428.1
2023-06-26,13.34,2840.0,800.57,15.23,1290.0,685.31,81.18,14460.0,3653.2,12.79,900.0,575.59,19490.0,5714.67,420.08
2023-06-27,12.1,2840.0,725.98,15.68,1290.0,705.57,79.4,14700.0,3572.85,16.19,900.0,728.58,19730.0,5732.97,424.38
2023-06-28,12.08,2920.0,724.97,15.69,1200.0,705.89,80.82,14670.0,3637.05,16.39,840.0,737.64,19630.0,5805.55,423.93
2023-06-29,12.41,2880.0,744.45,14.24,1170.0,640.83,79.39,14910.0,3572.45,14.75,870.0,663.6,19830.0,5621.32,424.19
2023-06-30,12.17,2920.0,730.15,13.76,1230.0,619.42,81.15,15750.0,3651.84,16.38,750.0,737.25,20650.0,5738.66,439.81
2023-07-01,12.31,2760.0,738.59,14.31,1200.0,643.76,90.4,15630.0,4067.96,15.18,660.0,682.91,20250.0,6133.22,439.72
2023-07-02,11.75,2560.0,704.97,14.4,1350.0,648.11,90.26,15630.0,4061.52,12.85,750.0,578.17,20290.0,5992.78,438.05
2023-07-03,10.78,2400.0,646.57,16.02,1110.0,721.05,90.7,15900.0,4081.39,13.88,750.0,624.49,20160.0,6073.49,437.22
2023-07-04,10.14,2560.0,608.21,13.11,1170.0,589.74,92.45,15630.0,4160.03,12.9,690.0,580.5,20050.0,5938.48,433.14
2023-07-05,10.79,2840.0,647.45,13.82,1230.0,622.04,91.72,15630.0,4127.58,12.34,660.0,555.44,20360.0,5952.51,438.54
2023-07-06,12.01,2800.0,720.68,14.72,1320.0,662.47,91.6,15510.0,4121.79,12.5,720.0,562.29,20350.0,6067.24,440.29
2023-07-07,11.84,2760.0,710.41,15.81,1500.0,711.35,91.33,15210.0,4109.95,13.16,600.0,592.32,20070.0,6124.02,436.57
2023-07-08,11.7,2920.0,701.87,18.55,1380.0,834.91,89.62,15330.0,4032.98,10.75,660.0,483.73,20290.0,6053.5,439.06
2023-07-09,12.43,2760.0,745.57,17.12,1290.0,770.55,89.96,15150.0,4048.18,12.15,840.0,546.93,20040.0,6111.23,435.85
2023-07-10,11.68,3000.0,700.61,16.19,1500.0,728.54,87.09,15720.0,3919.23,15.43,900.0,694.39,21120.0,6042.77,452.71
2023-07-11,12.75,3080.0,764.84,18.84,1590.0,847.6,89.6,15600.0,4031.87,16.92,1020.0,761.44,21290.0,6405.76,461.6
2023-07-12,12.96,3120.0,777.57,20.06,1410.0,902.86,87.93,15120.0,3956.89,18.51,720.0,832.78,20370.0,6470.1,447.33
2023-07-13,13.14,3280.0,788.14,17.26,1320.0,776.88,87.06,15030.0,3917.55,12.7,570.0,571.61,20200.0,6054.19,437.57
2023-07-14,13.96,3040.0,837.55,16.47,1470.0,741.07,85.42,14940.0,3844.06,10.15,750.0,456.87,20200.0,5879.54,434.66
2023-07-15,12.95,2800.0,777.02,17.71,1290.0,797.13,85.72,14730.0,3857.19,12.86,840.0,578.49,19660.0,6009.83,427.83
2023-07-16,11.77,2680.0,706.42,15.55,1200.0,699.85,84.15,14550.0,3786.85,14.96,750.0,673.01,19180.0,5866.12,417.44
2023-07-17,11.3,2680.0,678.24,14.19,1170.0,638.53,82.57,14550.0,3715.77,13.18,660.0,593.09,19060.0,5625.63,411.43
2023-07-18,11.42,2800.0,685.31,14.68,1200.0,660.55,81.4,14910.0,3662.9,11.86,480.0,533.72,19390.0,5542.48,415.54
2023-07-19,11.86,2720.0,711.5,14.8,1110.0,665.88,86.22,15060.0,3879.95,8.55,540.0,384.65,19430.0,5641.99,417.87
2023-07-20,11.54,2680.0,692.62,13.64,1050.0,613.7,87.8,15270.0,3951.06,9.53,660.0,428.68,19660.0,5686.06,422.43
2023-07-21,11.28,2640.0,676.94,12.74,1050.0,573.51,86.95,15000.0,3912.84,12.23,750.0,550.2,19440.0,5713.49,419.22
2023-07-22,11.23,2520.0,674.07,12.77,1050.0,574.48,85.94,15480.0,3867.31,13.36,780.0,601.3,19830.0,5717.17,425.79
2023-07-23,10.69,2560.0,641.22,13.01,1140.0,585.51,87.42,15720.0,3933.86,13.83,750.0,622.45,20170.0,5783.03,432.55
2023-07-24,10.91,2640.0,654.56,14.33,1320.0,644.82,88.87,15600.0,3999.14,13.77,810.0,619.45,20370.0,5917.97,438.13
2023-07-25,11.09,2760.0,665.63,16.8,1200.0,756.0,90.05,16080.0,4052.3,14.47,930.0,651.01,20970.0,6124.95,451.58
2023-07-26,11.76,3000.0,705.31,15.32,1230.0,689.6,92.37,16800.0,4156.69,17.25,660.0,776.18,21690.0,6327.78,466.96
2023-07-27,12.64,2800.0,758.59,16.1,1260.0,724.72,95.65,16710.0,4304.27,12.0,630.0,539.97,21400.0,6327.55,462.13
2023-07-28,11.86,2880.0,711.42,16.14,1020.0,726.17,94.55,16590.0,4254.94,11.7,690.0,526.35,21180.0,6218.88,456.65
2023-07-29,12.22,3000.0,733.19,13.12,870.0,590.6,94.05,16860.0,4232.25,13.1,960.0,589.37,21690.0,6145.42,463.92
2023-07-30,12.69,2920.0,761.43,11.37,930.0,511.58,96.45,16800.0,4340.2,18.6,1050.0,836.91,21700.0,6450.11,469.17
2023-07-31,12.4,3000.0,744.26,11.8,930.0,530.78,97.65,16800.0,4394.26,19.29,990.0,867.86,21720.0,6537.16,470.95
2023-08-01,12.67,2880.0,760.47,12.13,960.0,545.88,91.93,16290.0,4136.9,17.92,930.0,806.25,21060.0,6249.5,455.16
2023-08-02,12.22,2640.0,733.3,12.16,930.0,547.35,89.59,15870.0,4031.37,17.44,870.0,784.89,20310.0,6096.91,440.12
2023-08-03,11.17,2680.0,670.1,11.74,1110.0,528.23,87.27,16110.0,3927.13,16.81,750.0,756.62,20650.0,5882.08,442.2
2023-08-04,11.31,2680.0,678.55,14.4,1050.0,648.02,88.7,15900.0,3991.72,14.39,720.0,647.33,20350.0,5965.62,438.59
2023-08-05,11.43,2760.0,685.57,13.92,960.0,626.36,87.66,15660.0,3944.71,13.48,720.0,606.68,20100.0,5863.32,432.72
2023-08-06,11.69,2760.0,701.55,12.86,1110.0,578.92,85.15,15330.0,3831.78,13.29,660.0,598.21,19860.0,5710.46,426.17
2023-08-07,11.74,3120.0,704.68,14.45,1110.0,650.15,83.97,15270.0,3778.46,12.28,780.0,552.39,20280.0,5685.68,432.76
2023-08-08,13.14,3200.0,788.53,13.9,1230.0,625.28,84.2,15450.0,3788.8,14.36,840.0,646.04,20720.0,5848.65,442.81
2023-08-09,13.63,3120.0,817.56,14.96,1170.0,673.0,84.28,15570.0,3792.41,15.41,600.0,693.32,20460.0,5976.29,440.6
2023-08-10,13.18,3160.0,790.89,14.59,1110.0,656.34,86.26,15840.0,3881.75,11.14,630.0,501.21,20740.0,5830.19,442.84
2023-08-11,13.32,2960.0,799.2,13.95,1050.0,627.56,86.63,15540.0,3898.56,11.68,720.0,525.67,20270.0,5851.0,435.35
2023-08-12,12.59,3040.0,755.32,12.72,960.0,572.21,83.65,15780.0,3764.21,13.47,720.0,606.31,20500.0,5698.06,436.63
2023-08-13,12.83,3080.0,769.66,11.72,1050.0,527.24,86.77,15840.0,3904.44,13.11,870.0,589.73,20840.0,5791.07,443.85
2023-08-14,13.03,3000.0,781.57,12.93,900.0,581.98,87.37,15870.0,3931.5,15.84,840.0,712.69,20610.0,6007.74,443.63
2023-08-15,12.68,2840.0,760.98,10.84,960.0,487.86,87.04,16200.0,3916.59,15.1,840.0,679.3,20840.0,5844.73,444.75
2023-08-16,12.06,2840.0,723.57,11.6,1080.0,522.05,88.62,15720.0,3987.85,14.85,780.0,668.07,20420.0,5901.54,438.69
2023-08-17,12.05,2800.0,722.97,13.12,1050.0,590.47,86.48,15480.0,3891.55,13.76,810.0,619.37,20140.0,5824.36,432.74
2023-08-18,11.87,2880.0,712.31,12.77,1290.0,574.82,85.4,15180.0,3842.89,14.39,780.0,647.34,20130.0,5777.36,431.79
2023-08-19,12.23,2880.0,733.93,15.97,1470.0,718.8,83.69,15360.0,3766.24,13.44,780.0,604.87,20490.0,5823.84,438.56
2023-08-20,12.19,2880.0,731.57,17.83,1620.0,802.51,83.54,15360.0,3759.11,14.44,930.0,649.99,20790.0,5943.18,445.55
2023-08-21,12.16,2960.0,729.61,20.0,1440.0,899.91,84.36,15150.0,3796.28,16.77,780.0,754.73,20330.0,6180.53,441.84
2023-08-22,12.47,2880.0,748.3,17.66,1200.0,794.87,83.7,14730.0,3766.72,14.27,630.0,642.04,19440.0,5951.92,423.2
2023-08-23,12.22,2680.0,733.35,14.31,1320.0,643.95,82.84,15240.0,3727.82,11.36,810.0,511.04,20050.0,5616.16,427.77
2023-08-24,11.34,2680.0,680.3,15.93,1500.0,716.84,85.18,15420.0,3833.01,14.79,750.0,665.59,20350.0,5895.74,437.43
2023-08-25,11.28,2800.0,676.86,18.06,1620.0,812.74,86.27,15690.0,3882.23,14.0,930.0,629.87,21040.0,6001.7,450.7
2023-08-26,11.91,2680.0,714.64,19.97,1350.0,898.76,87.38,15000.0,3932.13,17.64,810.0,793.86,19840.0,6339.39,436.32
2023-08-27,11.42,2760.0,685.07,16.29,1470.0,732.95,84.48,15030.0,3801.79,15.58,900.0,701.16,20160.0,5920.98,434.68
2023-08-28,11.69,2520.0,701.14,18.15,1410.0,816.84,82.74,15690.0,3723.29,17.34,660.0,780.31,20280.0,6021.59,438.36
2023-08-29,10.72,2560.0,643.39,17.42,1530.0,783.85,84.94,15990.0,3822.12,12.98,750.0,584.3,20830.0,5833.67,444.39
2023-08-30,10.77,2680.0,646.2,19.1,1260.0,859.45,88.14,15660.0,3966.4,14.5,780.0,652.48,20380.0,6124.53,441.74
2023-08-31,11.32,2720.0,679.01,15.75,1260.0,708.84,85.53,15780.0,3848.69,14.92,630.0,671.6,20390.0,5908.13,438.3
2023-09-01,11.43,2840.0,685.95,15.57,1290.0,700.5,93.53,15690.0,4208.85,11.64,450.0,523.94,20270.0,6119.24,439.82
2023-09-02,12.04,2800.0,722.19,16.5,1380.0,742.31,92.63,15480.0,4168.16,8.68,690.0,390.48,20350.0,6023.14,439.55
2023-09-03,11.86,2680.0,711.66,18.11,1140.0,814.84,92.34,15570.0,4155.18,13.53,720.0,608.82,20110.0,6290.5,440.01
2023-09-04,11.38,2600.0,682.6,15.16,1080.0,682.13,92.78,14730.0,4175.21,13.55,720.0,609.55,19130.0,6149.48,421.32
2023-09-05,10.97,2640.0,658.46,14.15,960.0,636.96,86.4,15060.0,3887.89,13.76,750.0,619.2,19410.0,5802.51,420.21
2023-09-06,11.15,2600.0,668.88,12.49,1380.0,561.91,88.4,15300.0,3978.11,13.35,840.0,600.78,20120.0,5809.67,432.16
2023-09-07,10.95,2680.0,657.22,17.21,1230.0,774.4,90.6,15180.0,4077.15,15.53,810.0,698.91,19900.0,6207.68,435.13
2023-09-08,11.3,2680.0,678.0,15.82,1170.0,712.1,89.46,15240.0,4025.71,14.55,690.0,654.7,19780.0,6070.51,430.84
2023-09-09,11.42,2640.0,685.11,15.01,1290.0,675.44,88.91,15600.0,4000.74,12.37,720.0,556.84,20250.0,5918.12,436.14
2023-09-10,11.18,2680.0,670.7,16.72,1410.0,752.33,91.19,15270.0,4103.74,12.6,1110.0,566.93,20470.0,6093.71,442.73
2023-09-11,11.32,3000.0,679.05,17.58,1410.0,791.23,90.9,15150.0,4090.7,20.34,810.0,915.11,20370.0,6476.09,447.43
2023-09-12,12.62,3120.0,757.09,17.79,1350.0,800.7,90.54,15720.0,4074.51,14.81,660.0,666.48,20850.0,6298.78,452.48
2023-09-13,13.19,2960.0,791.44,16.63,1410.0,748.56,93.81,15540.0,4221.52,11.97,750.0,538.83,20660.0,6300.35,449.34
2023-09-14,12.48,3080.0,748.87,17.07,1350.0,768.19,92.11,15600.0,4145.04,13.52,810.0,608.21,20840.0,6270.31,451.84
2023-09-15,13.08,2720.0,784.62,16.09,1350.0,723.86,92.19,15540.0,4148.69,14.06,930.0,632.59,20540.0,6289.76,447.16
2023-09-16,11.54,3000.0,692.41,16.13,1380.0,725.66,91.88,15270.0,4134.43,16.2,870.0,728.79,20520.0,6281.29,446.69
2023-09-17,12.63,2960.0,758.03,16.59,1170.0,746.41,89.56,15330.0,4030.0,15.1,990.0,679.44,20450.0,6213.88,444.4
2023-09-18,12.53,3040.0,751.59,14.13,1020.0,635.79,90.1,15900.0,4054.58,17.57,870.0,790.44,20830.0,6232.4,451.04
2023-09-19,12.95,3280.0,776.72,12.44,1110.0,559.9,93.89,15780.0,4224.88,15.41,870.0,693.32,21040.0,6254.82,454.91
2023-09-20,13.8,2920.0,828.06,13.61,1170.0,612.48,94.58,16200.0,4256.23,15.66,660.0,704.69,20950.0,6401.47,455.86
2023-09-21,12.31,2960.0,738.66,14.35,1260.0,645.97,96.02,16230.0,4320.96,11.65,900.0,524.06,21350.0,6229.65,459.66
2023-09-22,12.6,3040.0,755.82,15.6,1320.0,702.21,95.15,16260.0,4281.75,16.7,930.0,751.46,21550.0,6491.24,467.35
2023-09-23,12.83,3000.0,770.07,16.17,1260.0,727.53,94.98,15870.0,4274.07,18.05,1020.0,812.46,21150.0,6584.13,462.24
2023-09-24,12.69,3280.0,761.59,15.63,1050.0,703.48,93.06,15390.0,4187.8,19.38,930.0,872.02,20650.0,6524.89,452.91
2023-09-25,13.93,3080.0,835.82,12.59,960.0,566.35,90.77,15390.0,4084.46,17.4,990.0,783.12,20420.0,6269.74,444.83
2023-09-26,13.1,3240.0,785.73,11.58,1020.0,521.18,91.78,15360.0,4130.13,18.17,810.0,817.54,20430.0,6254.59,444.74
2023-09-27,13.76,3160.0,825.4,12.21,1020.0,549.44,91.24,15420.0,4105.9,15.03,810.0,676.31,20410.0,6157.05,442.78
2023-09-28,13.46,3000.0,807.55,12.62,930.0,567.85,90.79,15570.0,4085.72,15.29,690.0,688.23,20190.0,6149.35,438.99
2023-09-29,12.7,2600.0,762.26,11.59,780.0,521.52,93.03,15750.0,4186.25,13.0,780.0,585.14,19910.0,6055.17,432.75
2023-09-30,11.06,2960.0,663.68,9.8,1020.0,440.93,95.92,15210.0,4316.42,14.82,870.0,667.05,20060.0,6088.07,435.8
2023-10-01,12.57,2920.0,754.48,12.26,1110.0,551.72,86.43,15540.0,3889.35,16.33,780.0,734.99,20350.0,5930.53,438.01
2023-10-02,12.31,2760.0,738.48,13.05,1260.0,587.25,88.82,15240.0,3996.69,14.46,690.0,650.59,19950.0,5973.01,432.05
2023-10-03,11.75,2800.0,704.88,14.8,1200.0,665.91,86.72,15810.0,3902.41,12.98,870.0,584.0,20680.0,5857.2,442.29
2023-10-04,11.79,2960.0,707.44,14.28,1050.0,642.62,89.67,15630.0,4035.3,16.02,810.0,721.12,20450.0,6106.49,442.61
2023-10-05,12.5,3120.0,750.2,12.94,1290.0,582.17,87.64,15570.0,3943.67,14.74,900.0,663.21,20880.0,5939.26,446.99
2023-10-06,13.26,2840.0,795.88,15.93,1260.0,716.8,88.09,15360.0,3963.83,16.45,720.0,740.16,20180.0,6216.68,439.94
2023-10-07,12.03,2960.0,722.08,15.09,1260.0,678.84,88.31,15090.0,3974.0,13.52,1020.0,608.26,20330.0,5983.18,438.55
2023-10-08,12.54,2880.0,752.2,14.69,1260.0,660.89,85.42,15390.0,3843.75,18.73,900.0,842.63,20430.0,6099.47,442.16
2023-10-09,12.11,3000.0,726.44,15.28,1170.0,687.69,86.45,15330.0,3890.44,16.69,900.0,750.94,20400.0,6055.5,440.93
2023-10-10,12.77,2840.0,765.98,14.05,1110.0,632.03,86.78,14970.0,3905.3,16.65,960.0,749.42,19880.0,6052.73,432.21
2023-10-11,11.96,3000.0,717.56,13.4,1050.0,602.81,83.86,15180.0,3773.57,17.47,930.0,785.99,20160.0,5879.93,434.0
2023-10-12,12.64,3000.0,758.61,12.49,1170.0,562.19,85.48,14970.0,3846.46,16.98,780.0,764.13,19920.0,5931.39,430.86
2023-10-13,12.7,2680.0,762.23,13.92,1080.0,626.22,83.34,15480.0,3750.15,14.19,990.0,638.69,20230.0,5777.29,433.45
2023-10-14,11.4,2880.0,683.97,12.89,1050.0,579.91,86.7,15450.0,3901.57,18.0,990.0,809.98,20370.0,5975.43,439.09
2023-10-15,12.18,2800.0,730.7,12.96,1050.0,583.25,86.44,15030.0,3889.91,18.14,1080.0,816.08,19960.0,6019.94,433.0
2023-10-16,11.81,2520.0,708.58,12.87,1020.0,579.0,84.8,15420.0,3815.96,20.03,1050.0,901.31,20010.0,6004.85,433.58
2023-10-17,10.66,2640.0,639.41,13.0,1080.0,585.2,87.58,15780.0,3941.21,19.17,840.0,862.83,20340.0,6028.65,439.48
2023-10-18,11.22,2880.0,673.37,13.52,1140.0,608.31,89.57,15720.0,4030.47,15.28,900.0,687.54,20640.0,5999.69,443.99
2023-10-19,12.2,2840.0,732.05,14.49,1170.0,651.99,90.46,15450.0,4070.72,16.58,840.0,746.08,20300.0,6200.84,441.68
2023-10-20,12.0,2800.0,719.85,14.42,1080.0,649.05,90.1,15570.0,4054.69,15.29,840.0,688.18,20290.0,6111.78,440.03
2023-10-21,11.83,2880.0,709.72,12.94,1440.0,582.17,91.48,15180.0,4116.42,15.71,750.0,707.14,20250.0,6115.45,439.42
2023-10-22,12.2,2800.0,731.78,17.28,1290.0,777.67,88.02,15120.0,3961.06,13.46,780.0,605.77,19990.0,6076.28,434.44
2023-10-23,11.82,2840.0,709.47,15.46,1200.0,695.59,87.88,15060.0,3954.74,14.26,780.0,641.71,19880.0,6001.5,431.36
2023-10-24,12.02,2800.0,721.41,14.33,1200.0,644.83,87.44,15720.0,3934.99,13.93,780.0,626.83,20500.0,5928.06,440.47
2023-10-25,11.85,2840.0,711.01,14.92,1200.0,671.4,91.57,15870.0,4120.45,13.78,750.0,619.99,20660.0,6122.85,446.38
2023-10-26,12.04,2800.0,722.69,14.67,1050.0,659.94,93.04,15870.0,4186.65,13.3,930.0,598.37,20650.0,6167.65,446.96
2023-10-27,11.87,2640.0,712.08,12.65,1140.0,569.27,92.05,15630.0,4142.09,16.13,840.0,726.04,20250.0,6149.47,439.99
2023-10-28,11.21,2880.0,672.79,14.09,1350.0,633.9,91.47,15840.0,4116.3,14.29,870.0,642.98,20940.0,6065.97,450.1
2023-10-29,12.19,2840.0,731.57,17.01,1230.0,765.63,92.15,16050.0,4146.67,14.49,930.0,652.23,21050.0,6296.1,455.77
2023-10-30,11.99,2920.0,719.45,15.91,1440.0,715.87,93.41,16320.0,4203.48,15.78,780.0,710.16,21460.0,6348.96,463.48
2023-10-31,12.33,2960.0,739.86,18.86,1320.0,848.86,93.86,16560.0,4223.85,13.6,870.0,611.93,21710.0,6424.5,468.91
2023-11-01,12.44,2800.0,746.66,17.85,1350.0,803.15,94.08,16470.0,4233.75,14.89,720.0,669.85,21340.0,6453.41,463.22
2023-11-02,11.86,2880.0,711.67,17.72,1320.0,797.23,92.9,16620.0,4180.65,12.56,720.0,565.01,21540.0,6254.56,463.24
2023-11-03,12.22,3000.0,733.4,17.09,1080.0,768.93,94.08,16920.0,4233.73,13.09,900.0,589.2,21900.0,6325.25,470.42
2023-11-04,12.69,2840.0,761.6,14.03,1080.0,631.35,95.71,16860.0,4307.12,16.4,870.0,738.11,21650.0,6438.18,468.14
2023-11-05,12.07,2840.0,724.09,13.76,1170.0,619.16,95.56,17160.0,4300.09,15.34,660.0,690.39,21830.0,6333.72,469.4
2023-11-06,12.06,2920.0,723.39,14.76,1200.0,664.31,98.31,17430.0,4424.07,11.83,570.0,532.31,22120.0,6344.09,474.4
2023-11-07,12.39,3160.0,743.13,14.95,1260.0,672.94,99.03,16770.0,4456.2,9.72,690.0,437.55,21880.0,6309.82,469.83
2023-11-08,13.34,3120.0,800.17,16.06,1200.0,722.72,95.48,16800.0,4296.74,12.21,810.0,549.33,21930.0,6368.95,471.65
2023-11-09,13.28,3000.0,796.75,14.73,1200.0,663.05,97.6,16530.0,4392.09,13.79,690.0,620.53,21420.0,6472.42,464.87
2023-11-10,12.72,2960.0,763.44,14.83,1110.0,667.45,96.26,17220.0,4331.78,12.14,930.0,546.22,22220.0,6308.88,475.48
2023-11-11,12.6,3160.0,756.09,13.66,1260.0,614.54,100.52,16950.0,4523.47,16.93,660.0,761.7,22030.0,6655.8,478.1
2023-11-12,13.35,2840.0,800.77,15.51,1410.0,697.9,98.61,16650.0,4437.4,11.78,780.0,530.16,21680.0,6466.23,469.1
2023-11-13,12.1,3040.0,726.15,17.2,1260.0,774.12,97.02,16950.0,4365.76,14.47,930.0,651.26,22180.0,6517.29,478.29
2023-11-14,12.93,2880.0,775.9,15.27,1230.0,687.3,97.73,16710.0,4397.86,16.39,780.0,737.39,21600.0,6598.45,469.97
2023-11-15,12.27,2760.0,735.96,14.92,1200.0,671.4,95.41,16650.0,4293.56,14.4,870.0,648.08,21480.0,6348.99,463.82
2023-11-16,11.71,2600.0,702.78,14.38,1200.0,647.32,94.43,16920.0,4249.4,15.56,900.0,700.3,21620.0,6299.81,465.33
2023-11-17,11.08,2560.0,665.07,14.31,1050.0,644.07,96.83,16590.0,4357.18,17.55,780.0,789.88,20980.0,6456.19,457.27
2023-11-18,10.9,2440.0,654.05,12.81,1110.0,576.23,93.75,16620.0,4218.77,14.66,810.0,659.62,20980.0,6108.67,451.48
2023-11-19,10.41,2560.0,624.58,13.48,1050.0,606.73,94.89,16800.0,4269.92,15.55,750.0,699.81,21160.0,6201.05,456.02
2023-11-20,10.85,2400.0,650.9,12.35,1050.0,555.89,95.2,17130.0,4283.84,14.19,810.0,638.46,21390.0,6129.08,458.65
2023-11-21,10.2,2480.0,611.81,12.78,1080.0,574.89,97.6,16890.0,4391.82,15.16,780.0,681.99,21230.0,6260.51,458.18
2023-11-22,10.5,2600.0,630.12,13.1,1080.0,589.55,97.28,16740.0,4377.53,14.73,1020.0,662.77,21440.0,6259.98,461.67
2023-11-23,10.92,2720.0,655.5,13.2,1290.0,593.79,95.98,16320.0,4319.01,18.35,1020.0,825.83,21350.0,6394.12,462.4
2023-11-24,11.45,2720.0,686.73,16.24,1200.0,730.93,93.83,15990.0,4222.38,18.53,990.0,833.88,20900.0,6473.93,456.23
2023-11-25,11.54,2960.0,692.36,15.06,1290.0,677.53,91.09,15780.0,4098.94,18.42,1080.0,829.04,21110.0,6297.87,456.8
2023-11-26,12.46,2960.0,747.83,15.64,1470.0,703.99,90.89,15780.0,4090.03,19.59,990.0,881.58,21200.0,6423.44,460.39
2023-11-27,12.55,2880.0,753.28,18.05,1590.0,812.37,90.48,15840.0,4071.78,18.91,990.0,851.02,21300.0,6488.45,463.14
2023-11-28,12.12,3200.0,727.33,19.58,1410.0,881.02,89.77,15900.0,4039.72,18.12,900.0,815.3,21410.0,6463.37,464.56
2023-11-29,13.63,3120.0,817.51,17.0,1410.0,765.0,88.81,16680.0,3996.63,17.28,1020.0,777.55,22230.0,6356.69,476.44
2023-11-30,13.18,3520.0,790.84,17.45,1200.0,785.3,94.1,16590.0,4234.5,18.8,930.0,846.19,22240.0,6656.84,481.61
2023-12-01,14.84,3320.0,890.59,15.72,1350.0,707.43,97.98,16620.0,4408.99,16.41,900.0,738.51,22190.0,6745.51,482.26
2023-12-02,14.02,3160.0,841.39,16.68,1320.0,750.43,96.91,16560.0,4360.85,15.67,990.0,705.3,22030.0,6657.98,478.13
2023-12-03,13.34,2920.0,800.52,16.28,1380.0,732.71,95.44,16650.0,4294.69,17.52,990.0,788.6,21940.0,6616.53,475.94
2023-12-04,12.44,2960.0,746.26,16.67,1350.0,750.05,98.01,16230.0,4410.29,17.4,990.0,783.17,21530.0,6689.76,470.33
2023-12-05,12.53,2800.0,751.97,16.73,1260.0,753.06,94.81,15900.0,4266.31,17.57,810.0,790.5,20770.0,6561.84,455.53
2023-12-06,11.93,2840.0,716.09,15.67,1170.0,705.18,94.25,16320.0,4241.05,14.41,750.0,648.43,21080.0,6310.74,456.51
2023-12-07,11.95,2760.0,716.75,14.36,1260.0,646.18,96.86,16860.0,4358.52,13.8,750.0,621.16,21630.0,6342.62,466.21
2023-12-08,11.62,2640.0,696.98,15.4,1200.0,693.08,99.53,16680.0,4478.77,13.25,810.0,596.16,21330.0,6465.0,463.25
2023-12-09,11.17,2720.0,670.41,14.71,1080.0,661.89,98.2,17220.0,4419.05,15.06,750.0,677.64,21770.0,6428.98,469.98
2023-12-10,11.48,2880.0,688.96,13.55,1140.0,609.67,100.58,16890.0,4526.1,13.66,840.0,614.64,21750.0,6439.37,469.82
2023-12-11,12.25,3200.0,734.85,13.87,1320.0,624.16,99.09,16710.0,4459.13,14.72,810.0,662.4,22040.0,6480.54,475.34
2023-12-12,13.56,3320.0,813.6,16.02,1290.0,720.68,96.98,16380.0,4364.27,14.39,780.0,647.75,21770.0,6546.31,471.94
2023-12-13,13.97,3320.0,838.38,15.39,1050.0,692.52,93.68,16350.0,4215.78,14.68,1020.0,660.64,21740.0,6407.32,469.12
2023-12-14,13.98,3280.0,838.66,12.93,1110.0,581.81,93.27,16170.0,4197.28,18.47,960.0,831.13,21520.0,6448.88,466.15
2023-12-15,13.81,3240.0,828.73,13.91,1050.0,626.0,92.38,16170.0,4156.98,18.2,810.0,819.05,21270.0,6430.75,461.68
2023-12-16,13.67,3240.0,820.48,13.0,1140.0,584.94,91.85,16050.0,4133.41,15.22,840.0,684.88,21270.0,6223.71,458.23
2023-12-17,13.73,3240.0,823.78,14.16,1080.0,637.25,89.65,15810.0,4034.45,15.85,930.0,713.35,21060.0,6208.82,454.48
2023-12-18,13.78,3320.0,826.53,13.28,1110.0,597.52,88.84,15720.0,3997.67,18.04,1110.0,811.95,21260.0,6233.67,458.23
2023-12-19,13.98,3320.0,838.97,13.38,1260.0,602.24,88.65,16080.0,3989.14,21.15,960.0,951.59,21620.0,6381.93,466.7
2023-12-20,13.99,3440.0,839.14,15.25,1290.0,686.09,91.93,16230.0,4136.98,18.17,840.0,817.86,21800.0,6480.07,471.33
2023-12-21,14.5,3360.0,869.76,15.95,1410.0,717.84,92.19,16500.0,4148.6,15.63,810.0,703.42,22080.0,6439.63,475.33
2023-12-22,14.24,3400.0,854.56,17.13,1410.0,770.84,93.8,16740.0,4221.18,14.94,780.0,672.35,22330.0,6518.94,480.82
2023-12-23,14.37,3600.0,862.26,17.31,1500.0,778.86,95.39,17160.0,4292.68,14.46,1110.0,650.92,23370.0,6584.72,499.25
2023-12-24,15.15,3640.0,909.28,18.26,1410.0,821.84,101.0,17220.0,4544.89,20.32,900.0,914.33,23170.0,7190.34,506.01
2023-12-25,15.47,3560.0,928.02,17.36,1260.0,781.2,101.59,17130.0,4571.49,16.98,960.0,764.08,22910.0,7044.79,499.25
2023-12-26,15.05,3480.0,902.96,15.46,1140.0,695.65,100.0,16800.0,4499.89,18.14,1020.0,816.13,22440.0,6914.64,489.24
2023-12-27,14.7,3360.0,882.15,14.46,1020.0,650.49,98.27,16800.0,4421.93,18.77,900.0,844.52,22080.0,6799.08,481.32
2023-12-28,14.24,3440.0,854.69,13.14,1230.0,591.39,97.54,16200.0,4389.43,16.6,810.0,747.2,21680.0,6582.71,471.05
2023-12-29,14.54,3360.0,872.52,16.28,1290.0,732.72,93.34,16470.0,4200.3,14.18,780.0,638.23,21900.0,6443.77,472.4
2023-12-30,14.28,3560.0,856.86,17.54,1170.0,789.11,94.4,16260.0,4248.13,13.32,630.0,599.37,21620.0,6493.47,468.56
2023-12-31,15.08,3440.0,904.79,15.63,1110.0,703.38,93.85,16140.0,4223.24,11.17,930.0,502.8,21620.0,6334.21,465.9
2024-01-01,14.56,3240.0,873.51,14.17,1020.0,637.69,83.63,16020.0,3763.27,16.45,990.0,740.11,21270.0,6014.58,454.74
2024-01-02,13.79,3240.0,827.2,13.07,1170.0,588.32,82.41,16410.0,3708.56,17.13,990.0,771.07,21810.0,5895.15,461.75
2024-01-03,13.65,3320.0,819.21,14.91,990.0,671.01,83.91,16980.0,3775.91,16.81,810.0,756.24,22100.0,6022.37,468.71
2024-01-04,14.05,3400.0,843.05,12.36,1110.0,556.23,88.85,16710.0,3998.41,13.86,1050.0,623.82,22270.0,6021.5,471.53
2024-01-05,14.38,3240.0,862.85,14.03,1110.0,631.57,87.91,16530.0,3955.93,18.05,900.0,812.45,21780.0,6262.8,467.38
2024-01-06,13.64,3160.0,818.35,14.05,960.0,632.26,87.4,16620.0,3932.99,15.71,1140.0,706.74,21880.0,6090.34,466.17
2024-01-07,13.36,3200.0,801.7,12.12,870.0,545.38,87.2,16680.0,3923.95,20.12,930.0,905.56,21680.0,6176.59,464.28
2024-01-08,13.47,3360.0,808.18,11.32,1170.0,509.54,87.12,17160.0,3920.24,16.61,660.0,747.67,22350.0,5985.63,472.26
2024-01-09,14.24,3400.0,854.2,14.86,1140.0,668.51,88.69,17010.0,3991.07,11.99,690.0,539.34,22240.0,6053.12,471.55
2024-01-10,14.37,3200.0,861.95,14.28,960.0,642.81,88.15,17190.0,3966.74,12.59,750.0,566.69,22100.0,6038.19,468.97
2024-01-11,13.63,3120.0,817.61,12.04,990.0,541.7,89.34,17070.0,4020.33,13.58,810.0,611.11,21990.0,5990.74,466.35
2024-01-12,13.18,3200.0,790.92,11.9,1110.0,535.68,88.41,17070.0,3978.45,14.69,720.0,661.22,22100.0,5966.27,467.77
2024-01-13,13.49,2960.0,809.39,13.51,1110.0,608.04,87.65,17340.0,3944.16,12.92,1170.0,581.35,22580.0,5942.94,475.38
2024-01-14,12.56,2920.0,753.62,13.51,1260.0,608.14,89.54,16950.0,4029.29,21.46,840.0,965.55,21970.0,6356.6,472.11
2024-01-15,12.3,3160.0,737.77,14.9,1050.0,670.29,87.91,17220.0,3955.76,16.3,960.0,733.7,22390.0,6097.52,474.79
2024-01-16,13.43,3120.0,805.87,12.44,1020.0,559.63,91.15,17340.0,4101.65,17.89,840.0,804.96,22320.0,6272.12,476.54
2024-01-17,13.19,3120.0,791.33,11.64,990.0,523.74,90.74,17700.0,4083.17,15.93,750.0,717.01,22560.0,6115.25,477.92
2024-01-18,13.16,3120.0,789.41,11.58,1200.0,521.02,93.32,17820.0,4199.43,14.01,660.0,630.46,22800.0,6140.32,482.34
2024-01-19,13.13,2920.0,787.82,14.47,1230.0,651.02,94.56,17250.0,4255.4,12.24,720.0,550.94,22120.0,6245.18,472.75
2024-01-20,12.43,3080.0,745.86,14.22,1200.0,640.09,93.71,17430.0,4217.05,12.7,750.0,571.51,22460.0,6174.52,477.24
2024-01-21,13.04,3480.0,782.12,14.03,1170.0,631.49,94.95,17160.0,4272.57,13.34,810.0,600.19,22620.0,6286.37,481.77
2024-01-22,14.72,3360.0,883.34,13.74,960.0,618.5,90.66,17640.0,4079.6,14.96,810.0,673.41,22770.0,6254.85,483.75
2024-01-23,14.26,3280.0,855.69,11.58,900.0,520.93,92.27,17130.0,4151.95,14.92,810.0,671.6,22120.0,6200.16,472.0
2024-01-24,13.88,3480.0,832.71,10.87,960.0,489.04,90.8,17250.0,4086.22,15.18,840.0,683.29,22530.0,6091.26,477.02
2024-01-25,14.75,3480.0,884.74,11.67,1110.0,524.98,91.29,17250.0,4108.19,15.77,810.0,709.79,22650.0,6227.69,481.29
2024-01-26,14.79,3280.0,887.32,13.48,1110.0,606.47,91.15,17220.0,4101.95,14.69,780.0,660.93,22390.0,6256.66,477.44
2024-01-27,13.81,3120.0,828.52,13.75,1080.0,618.53,91.02,17040.0,4095.76,14.37,900.0,646.51,22140.0,6189.33,472.16
2024-01-28,13.16,3160.0,789.83,12.78,1140.0,575.18,90.14,17190.0,4056.47,16.46,960.0,740.66,22450.0,6162.14,476.87
2024-01-29,13.31,3000.0,798.33,13.66,1380.0,614.58,89.61,17070.0,4032.58,17.24,900.0,775.93,22350.0,6221.43,476.19
2024-01-30,12.75,3000.0,764.75,16.75,1410.0,753.84,88.96,17160.0,4003.06,16.37,750.0,736.58,22320.0,6258.23,476.3
2024-01-31,12.62,3000.0,757.17,17.47,1290.0,786.29,90.53,17310.0,4073.78,13.5,660.0,607.65,22260.0,6224.88,474.75
2024-02-01,12.68,2840.0,761.04,16.01,1260.0,720.57,93.7,17190.0,4216.4,12.35,570.0,555.58,21860.0,6253.59,468.56
2024-02-02,12.06,2760.0,723.62,15.88,1140.0,714.47,92.69,17010.0,4170.91,10.84,870.0,487.98,21780.0,6096.98,464.62
2024-02-03,11.71,2760.0,702.69,14.72,1380.0,662.53,92.01,17250.0,4140.48,16.58,990.0,746.12,22380.0,6251.83,477.2
2024-02-04,11.76,2720.0,705.62,17.39,1320.0,782.5,93.94,17310.0,4227.11,18.36,810.0,826.12,22160.0,6541.35,478.36
2024-02-05,11.46,2640.0,687.74,16.54,1230.0,744.37,93.41,17340.0,4203.28,15.1,630.0,679.53,21840.0,6314.91,469.25
2024-02-06,11.21,2680.0,672.88,15.15,1170.0,681.92,93.38,16590.0,4201.94,11.66,930.0,524.65,21370.0,6081.39,457.52
2024-02-07,11.35,2560.0,680.86,14.44,1230.0,649.61,88.23,16320.0,3970.18,17.38,870.0,782.26,20980.0,6082.91,451.05
2024-02-08,10.78,2640.0,646.86,14.52,1350.0,653.31,88.11,16050.0,3964.97,15.66,870.0,704.79,20910.0,5969.93,448.0
2024-02-09,11.16,2680.0,669.4,15.8,1380.0,710.91,86.94,16230.0,3912.17,16.03,870.0,721.14,21160.0,6013.61,452.89
2024-02-10,11.3,2640.0,677.96,16.55,1470.0,744.6,88.48,16290.0,3981.44,15.7,870.0,706.51,21270.0,6110.52,456.34
2024-02-11,11.25,2800.0,674.92,17.27,1290.0,777.24,89.28,16500.0,4017.7,15.22,930.0,684.86,21520.0,6154.72,461.25
2024-02-12,11.88,2760.0,713.03,15.11,1110.0,680.16,90.83,16800.0,4087.36,16.52,900.0,743.2,21570.0,6223.74,463.23
2024-02-13,11.73,2720.0,704.05,13.19,1050.0,593.5,92.15,16800.0,4146.57,15.88,960.0,714.59,21530.0,6158.72,461.48
2024-02-14,11.44,2800.0,686.43,12.45,1080.0,560.06,91.12,16560.0,4100.37,16.92,810.0,761.33,21250.0,6108.19,455.97
2024-02-15,11.87,2880.0,712.43,12.73,1020.0,573.06,89.82,16770.0,4041.84,14.6,900.0,657.13,21570.0,5984.46,459.24
2024-02-16,12.23,2800.0,734.03,12.43,1080.0,559.18,90.87,16410.0,4089.05,16.33,780.0,734.7,21070.0,6116.97,453.12
2024-02-17,11.86,2800.0,711.34,12.83,1110.0,577.52,89.16,16950.0,4012.12,14.13,600.0,636.03,21460.0,5937.01,456.62
2024-02-18,11.88,2680.0,712.81,12.99,1260.0,584.41,92.63,17010.0,4168.37,10.8,900.0,486.15,21850.0,5951.74,463.36
2024-02-19,11.39,2720.0,683.55,15.27,1140.0,687.08,93.58,16350.0,4211.29,16.26,960.0,731.64,21170.0,6313.56,458.06
2024-02-20,11.5,2640.0,689.72,13.42,990.0,604.09,89.84,16410.0,4042.77,17.55,720.0,789.71,20760.0,6126.29,448.1
2024-02-21,11.24,2720.0,674.53,12.16,930.0,547.37,90.15,16500.0,4056.7,13.01,750.0,585.55,20900.0,5864.16,446.07
2024-02-22,11.54,2640.0,692.39,11.63,930.0,523.54,90.25,16200.0,4061.16,13.43,840.0,604.35,20610.0,5881.44,441.52
2024-02-23,11.11,2800.0,666.59,11.72,1170.0,527.51,88.46,15690.0,3980.59,14.38,780.0,647.17,20440.0,5821.86,437.7
2024-02-24,11.77,2840.0,706.1,14.15,1290.0,636.81,85.58,16350.0,3851.28,13.1,810.0,589.72,21290.0,5783.92,451.23
2024-02-25,11.98,3080.0,718.61,16.26,1290.0,731.56,89.9,16440.0,4045.42,14.63,990.0,658.21,21800.0,6153.81,465.9
2024-02-26,13.0,3400.0,779.8,15.97,1350.0,718.78,91.31,16260.0,4108.91,18.17,780.0,817.74,21790.0,6425.22,470.25
2024-02-27,14.35,3520.0,861.09,16.99,1350.0,764.66,90.32,16470.0,4064.39,14.08,930.0,633.6,22270.0,6323.75,476.56
2024-02-28,14.97,3440.0,898.15,17.54,1290.0,789.45,92.38,16380.0,4157.06,17.59,840.0,791.74,21950.0,6636.4,476.44
2024-02-29,14.64,3280.0,878.15,16.39,1110.0,737.61,92.29,16650.0,4153.04,16.04,930.0,721.78,21970.0,6490.58,474.34
2024-03-01,13.85,3240.0,831.06,14.2,1080.0,639.14,95.26,16560.0,4286.78,16.74,780.0,753.4,21660.0,6510.38,469.51
2024-03-02,13.71,3160.0,822.42,13.93,1020.0,627.01,96.15,16830.0,4326.91,14.07,780.0,633.1,21790.0,6409.44,469.99
2024-03-03,13.42,3200.0,805.08,12.91,1260.0,580.91,98.26,16530.0,4421.68,14.25,840.0,641.42,21830.0,6449.1,471.32
2024-03-04,13.52,2920.0,810.99,16.41,1320.0,738.29,95.66,16650.0,4304.53,15.44,810.0,694.61,21700.0,6548.42,470.81
2024-03-05,12.41,3000.0,744.8,17.14,1320.0,771.51,96.0,16830.0,4319.88,15.53,870.0,698.86,22020.0,6535.04,475.92
2024-03-06,12.68,2960.0,760.91,16.98,1320.0,763.96,97.62,16230.0,4393.1,15.99,840.0,719.47,21350.0,6637.44,466.46
2024-03-07,12.57,3000.0,753.99,16.85,1140.0,758.29,92.0,15900.0,4140.16,15.43,810.0,694.4,20850.0,6346.84,453.28
2024-03-08,12.64,3120.0,758.39,14.75,1380.0,663.65,89.38,15930.0,4022.17,14.96,720.0,673.09,21150.0,6117.3,454.45
2024-03-09,13.21,3040.0,792.52,17.53,1200.0,788.87,88.69,15870.0,3990.99,12.78,660.0,574.9,20770.0,6147.28,448.62
2024-03-10,12.83,3040.0,770.09,14.77,1230.0,664.5,87.53,16320.0,3938.81,11.63,720.0,523.56,21310.0,5896.96,453.45
2024-03-11,12.86,3040.0,771.77,15.15,1290.0,681.87,92.45,15870.0,4160.16,12.68,840.0,570.61,21040.0,6184.41,453.74
2024-03-12,12.89,3040.0,773.16,15.58,1440.0,701.24,90.07,15960.0,4052.93,15.61,1050.0,702.29,21490.0,6229.62,461.99
2024-03-13,12.91,3240.0,774.32,17.86,1320.0,803.53,89.35,15840.0,4020.91,18.79,960.0,845.36,21360.0,6444.12,463.4
2024-03-14,13.77,3160.0,826.07,15.99,1320.0,719.51,88.7,16260.0,3991.66,16.9,900.0,760.31,21640.0,6297.55,465.63
2024-03-15,13.3,3040.0,797.95,15.91,1290.0,716.11,90.08,15840.0,4053.56,15.98,660.0,719.23,20830.0,6286.86,451.95
2024-03-16,12.91,3200.0,774.6,15.36,1290.0,691.2,89.72,15930.0,4037.53,11.59,690.0,521.72,21110.0,6025.05,452.25
2024-03-17,13.6,3200.0,816.14,15.01,1200.0,675.48,90.09,15750.0,4054.08,11.5,780.0,517.59,20930.0,6063.29,449.89
2024-03-18,13.5,3160.0,810.03,14.31,1320.0,643.83,88.32,15840.0,3974.38,13.09,930.0,589.25,21250.0,6017.49,454.46
2024-03-19,13.42,3520.0,804.94,15.37,1560.0,691.63,88.28,15990.0,3972.79,16.02,990.0,720.8,22060.0,6190.15,470.84
2024-03-20,14.87,3400.0,892.14,19.0,1290.0,854.99,90.64,15870.0,4078.78,17.51,930.0,787.77,21490.0,6613.68,468.39
2024-03-21,14.38,3200.0,863.0,16.1,1200.0,724.56,90.18,15660.0,4058.32,16.91,840.0,760.74,20900.0,6406.61,455.11
2024-03-22,13.47,3120.0,808.31,14.94,1320.0,672.32,89.47,16080.0,4025.93,15.37,840.0,691.75,21360.0,6198.31,459.31
2024-03-23,13.22,3480.0,793.36,16.64,1140.0,748.69,91.37,15750.0,4111.76,15.35,810.0,690.96,21180.0,6344.77,458.75
2024-03-24,14.71,3160.0,882.52,14.19,1200.0,638.44,89.44,15450.0,4024.99,14.74,960.0,663.32,20770.0,6209.28,449.65
2024-03-25,13.4,3240.0,804.22,15.03,1170.0,676.44,89.49,15690.0,4026.88,17.94,960.0,807.16,21060.0,6314.7,456.24
2024-03-26,13.67,3160.0,820.43,14.6,1110.0,657.19,88.63,15720.0,3988.18,17.97,720.0,808.6,20710.0,6274.4,449.74
2024-03-27,13.39,3080.0,803.43,13.35,1110.0,600.76,89.67,15840.0,4034.94,13.64,690.0,613.8,20720.0,6052.93,446.22
2024-03-28,12.99,2960.0,779.15,13.97,990.0,628.75,89.51,16020.0,4028.12,12.65,750.0,569.26,20720.0,6005.28,445.42
2024-03-29,12.48,3000.0,748.82,12.77,1380.0,574.79,90.96,15960.0,4093.14,13.52,960.0,608.4,21300.0,6025.15,455.42
2024-03-30,12.74,2920.0,764.26,17.07,1380.0,768.31,90.71,16140.0,4081.84,17.17,810.0,772.5,21250.0,6386.9,460.62
2024-03-31,12.44,3120.0,746.6,16.7,1530.0,751.42,90.2,15960.0,4058.84,14.65,840.0,659.36,21450.0,6216.22,461.1
2024-04-01,13.21,3160.0,792.89,18.98,1320.0,853.92,91.13,16260.0,4100.66,16.0,780.0,720.01,21520.0,6467.48,466.46
2024-04-02,13.35,3280.0,800.87,15.73,1410.0,707.73,94.88,16380.0,4269.62,14.69,780.0,660.99,21850.0,6439.21,471.49
2024-04-03,13.97,3240.0,837.97,17.55,1530.0,789.53,95.57,16470.0,4300.65,14.45,780.0,650.31,22020.0,6578.45,476.64
2024-04-04,13.63,3040.0,817.99,18.27,1320.0,821.95,95.45,16260.0,4295.21,15.19,690.0,683.36,21310.0,6618.51,465.48
2024-04-05,12.85,3040.0,770.93,16.46,1380.0,740.78,92.84,16170.0,4177.73,13.07,750.0,588.25,21340.0,6277.69,460.29
2024-04-06,12.87,2960.0,772.47,16.58,1410.0,746.14,91.83,16590.0,4132.36,13.97,870.0,628.59,21830.0,6279.55,468.49
2024-04-07,12.56,3240.0,753.43,17.12,1440.0,770.45,95.54,16350.0,4299.28,16.3,690.0,733.32,21720.0,6556.47,471.27
2024-04-08,13.65,3200.0,818.87,17.94,1560.0,807.37,93.21,16530.0,4194.56,12.46,990.0,560.54,22280.0,6381.33,477.69
2024-04-09,13.54,3040.0,812.29,19.65,1500.0,884.13,94.84,16170.0,4267.99,17.98,810.0,809.08,21520.0,6773.49,471.56
2024-04-10,12.94,2960.0,776.35,17.48,1380.0,786.81,92.89,16110.0,4180.05,14.94,840.0,672.31,21290.0,6415.53,461.76
2024-04-11,12.61,3080.0,756.65,16.38,1470.0,737.1,91.98,15810.0,4139.03,15.33,870.0,689.73,21230.0,6322.52,459.21
2024-04-12,13.02,3080.0,780.92,17.32,1320.0,779.36,89.8,15810.0,4041.15,15.79,840.0,710.53,21050.0,6311.96,456.03
2024-04-13,13.01,3200.0,780.76,17.23,1290.0,775.57,89.01,15420.0,4005.49,15.48,840.0,696.65,20750.0,6258.47,450.14
2024-04-14,13.52,2840.0,811.11,16.36,1320.0,736.05,87.06,15870.0,3917.52,14.77,840.0,664.82,20870.0,6129.49,449.99
2024-04-15,12.08,2760.0,724.58,16.61,1170.0,747.3,89.23,15810.0,4015.27,14.93,780.0,671.7,20520.0,6158.85,444.65
2024-04-16,11.72,2840.0,703.49,14.83,1410.0,667.2,88.84,15420.0,3997.99,13.71,780.0,617.15,20450.0,5985.83,440.6
2024-04-17,11.94,2960.0,716.44,17.28,1440.0,777.38,87.16,15480.0,3922.28,13.64,1110.0,613.61,20990.0,6029.71,450.33
2024-04-18,12.46,3000.0,747.52,17.31,1200.0,778.77,90.26,15900.0,4061.52,19.92,1140.0,896.48,21240.0,6484.3,462.07
2024-04-19,12.72,3000.0,763.17,14.46,1320.0,650.6,92.45,15900.0,4160.06,20.69,900.0,931.1,21120.0,6504.93,460.42
2024-04-20,12.77,3040.0,766.02,16.24,1140.0,731.02,92.13,15810.0,4145.86,16.73,870.0,753.05,20860.0,6395.96,454.27
2024-04-21,12.81,2960.0,768.39,13.38,1110.0,602.06,90.45,15900.0,4070.13,16.25,720.0,731.13,20690.0,6171.71,447.7
2024-04-22,12.5,2840.0,750.04,13.22,1110.0,595.04,91.53,15600.0,4118.87,13.68,840.0,615.39,20390.0,6079.33,441.16
2024-04-23,12.08,2760.0,724.64,13.06,1170.0,587.63,89.83,15780.0,4042.4,15.46,750.0,695.76,20460.0,6050.43,441.84
2024-04-24,11.73,3000.0,703.54,13.55,1110.0,609.61,91.37,15870.0,4111.87,13.74,690.0,618.45,20670.0,6043.46,445.22
2024-04-25,12.62,2840.0,757.11,13.14,1170.0,591.22,92.38,16410.0,4157.04,12.64,930.0,569.01,21350.0,6074.38,457.07
2024-04-26,12.01,3040.0,720.36,14.16,1200.0,637.04,95.09,16140.0,4279.13,16.87,1140.0,759.36,21520.0,6395.88,465.26
2024-04-27,12.85,3160.0,771.09,14.27,1230.0,641.98,94.16,16710.0,4237.03,20.47,990.0,921.22,22090.0,6571.32,477.69
2024-04-28,13.38,3160.0,803.07,15.23,1380.0,685.27,95.81,16770.0,4311.4,17.47,930.0,786.25,22240.0,6585.98,480.43
2024-04-29,13.32,3000.0,799.16,15.85,1260.0,713.04,95.96,16470.0,4318.07,16.26,1080.0,731.7,21810.0,6561.98,472.87
2024-04-30,12.76,3240.0,765.45,14.28,1290.0,642.38,95.93,16200.0,4316.91,18.31,900.0,823.8,21630.0,6548.53,469.64
2024-05-01,13.64,3280.0,818.7,15.63,1140.0,703.39,90.26,16230.0,4061.62,15.91,810.0,715.8,21460.0,6299.51,462.66
2024-05-02,13.87,3440.0,832.46,13.99,1020.0,629.34,88.49,16530.0,3981.99,14.66,900.0,659.67,21890.0,6103.46,466.56
2024-05-03,14.57,3400.0,874.37,13.15,1170.0,591.53,89.1,16590.0,4009.44,16.63,930.0,748.34,22090.0,6223.67,471.89
2024-05-04,14.31,3280.0,858.39,14.79,1260.0,665.77,89.24,16530.0,4015.64,17.17,780.0,772.68,21850.0,6312.49,469.37
2024-05-05,13.92,3240.0,834.96,14.6,1110.0,657.12,88.02,16620.0,3961.09,14.62,690.0,657.69,21660.0,6110.86,462.85
2024-05-06,13.76,3120.0,825.66,13.31,960.0,599.06,89.68,16350.0,4035.54,13.22,660.0,594.86,21090.0,6055.12,452.42
2024-05-07,13.12,3080.0,787.45,11.58,1050.0,520.9,88.85,15840.0,3998.2,12.4,660.0,558.05,20630.0,5864.61,441.58
2024-05-08,13.1,3280.0,786.19,13.07,1020.0,588.04,86.4,15420.0,3888.07,12.74,720.0,573.15,20440.0,5835.45,437.92
2024-05-09,13.93,3240.0,835.93,12.66,1020.0,569.52,84.55,15150.0,3804.73,14.22,630.0,640.07,20040.0,5850.26,431.5
2024-05-10,13.77,3360.0,826.46,12.9,1020.0,580.54,82.33,15120.0,3704.93,12.0,870.0,540.13,20370.0,5652.07,433.7
2024-05-11,14.15,3360.0,849.07,13.12,1320.0,590.3,81.92,15390.0,3686.26,15.87,840.0,714.09,20910.0,5839.72,445.83
2024-05-12,14.29,3120.0,857.69,16.82,1200.0,757.04,83.58,15090.0,3761.26,15.74,870.0,708.33,20280.0,6084.33,439.41
2024-05-13,13.23,3200.0,793.75,14.92,1410.0,671.59,81.05,15150.0,3647.21,16.21,840.0,729.26,20600.0,5841.8,440.7
2024-05-14,13.53,2960.0,811.74,17.23,1230.0,775.36,81.2,15480.0,3654.19,15.05,930.0,677.45,20600.0,5918.74,441.98
2024-05-15,12.59,3160.0,755.58,14.45,1260.0,650.21,82.73,15420.0,3722.63,17.0,870.0,765.08,20710.0,5893.49,443.39
2024-05-16,13.34,3200.0,800.34,14.79,1020.0,665.77,83.47,15240.0,3756.29,15.58,690.0,701.18,20150.0,5923.59,434.56
2024-05-17,13.62,3160.0,817.21,12.3,1080.0,553.36,82.72,14880.0,3722.48,12.32,660.0,554.53,19780.0,5647.59,423.79
2024-05-18,13.35,3160.0,800.76,13.14,1140.0,591.19,81.08,14340.0,3648.42,12.21,720.0,549.63,19360.0,5590.0,415.83
2024-05-19,13.46,3200.0,807.4,13.79,1200.0,620.41,78.78,14520.0,3545.28,13.65,750.0,614.1,19670.0,5587.2,420.95
2024-05-20,13.55,3200.0,812.92,14.11,1200.0,634.98,79.92,14790.0,3596.26,13.88,900.0,624.42,20090.0,5668.57,429.31
2024-05-21,13.63,3120.0,817.5,14.08,1260.0,633.52,80.81,14640.0,3636.58,17.18,840.0,772.98,19860.0,5860.59,428.68
2024-05-22,13.18,3320.0,790.84,14.54,1290.0,654.47,79.71,15180.0,3587.16,14.84,720.0,667.73,20510.0,5700.2,436.84
2024-05-23,14.0,3280.0,839.79,14.89,1230.0,670.09,83.09,15330.0,3739.26,12.87,780.0,579.36,20620.0,5828.5,440.81
2024-05-24,13.83,3040.0,829.67,14.18,1170.0,638.18,83.68,15180.0,3765.49,14.43,870.0,649.48,20260.0,5882.83,435.71
2024-05-25,12.84,2880.0,770.47,15.0,1440.0,675.03,82.89,15600.0,3730.24,15.85,1020.0,713.36,20940.0,5889.1,447.15
2024-05-26,12.19,3080.0,731.45,18.05,1260.0,812.47,86.47,15630.0,3891.2,19.27,960.0,867.26,20930.0,6302.37,453.87
2024-05-27,13.01,2920.0,780.3,15.4,1230.0,693.14,86.69,15300.0,3900.99,18.01,780.0,810.4,20230.0,6184.83,440.25
2024-05-28,12.33,2880.0,739.62,14.61,1290.0,657.65,84.12,15540.0,3785.36,14.48,540.0,651.6,20250.0,5834.23,434.74
2024-05-29,12.27,2840.0,736.3,15.71,1230.0,706.78,84.54,15510.0,3804.32,10.19,840.0,458.45,20420.0,5705.86,435.43
2024-05-30,12.06,3080.0,723.38,15.42,1320.0,693.71,84.77,15540.0,3814.72,15.52,570.0,698.4,20510.0,5930.22,440.67
2024-05-31,13.06,3120.0,783.76,16.08,1230.0,723.75,85.36,15690.0,3841.14,9.87,570.0,444.31,20610.0,5792.95,440.05
2024-06-01,13.22,3240.0,793.28,14.22,1170.0,639.71,89.43,15690.0,4024.13,10.72,630.0,482.19,20730.0,5939.31,444.49
2024-06-02,13.69,3120.0,821.5,13.65,1200.0,614.41,88.77,15930.0,3994.76,12.12,870.0,545.57,21120.0,5976.25,451.6
2024-06-03,13.24,2920.0,794.16,14.07,1230.0,633.04,90.45,15810.0,4070.38,16.74,630.0,753.24,20590.0,6250.82,447.35
2024-06-04,12.35,2960.0,740.97,14.47,1050.0,651.17,90.57,15480.0,4075.67,12.25,780.0,551.34,20270.0,6019.15,438.15
2024-06-05,12.46,2880.0,747.58,12.29,1080.0,552.91,87.92,15420.0,3956.26,14.69,900.0,660.84,20280.0,5917.59,436.63
2024-06-06,12.21,3000.0,732.75,12.73,1200.0,572.71,86.95,15840.0,3912.54,16.83,750.0,757.44,20790.0,5975.45,446.09
2024-06-07,12.68,3080.0,761.07,14.55,1320.0,654.89,88.99,15480.0,4004.63,14.23,780.0,640.14,20660.0,6060.73,445.35
2024-06-08,13.08,2840.0,784.59,15.86,1290.0,713.86,85.87,15600.0,3864.34,14.53,660.0,654.02,20390.0,6016.81,440.11
2024-06-09,12.05,2880.0,722.86,15.59,1230.0,701.63,85.54,15360.0,3849.17,11.68,930.0,525.51,20400.0,5799.18,436.65
2024-06-10,12.21,3000.0,732.54,15.07,1080.0,678.21,83.79,14940.0,3770.77,16.6,810.0,747.06,19830.0,5928.58,429.31
2024-06-11,12.68,2760.0,760.89,13.59,960.0,611.51,81.11,15180.0,3650.16,14.54,900.0,654.52,19800.0,5677.07,424.62
2024-06-12,11.72,2800.0,703.18,11.7,960.0,526.66,84.32,15450.0,3794.56,15.7,870.0,706.3,20080.0,5730.7,430.18
2024-06-13,11.77,2760.0,706.03,12.13,1050.0,545.95,87.0,15780.0,3914.86,15.64,900.0,703.58,20490.0,5870.41,439.34
2024-06-14,11.64,2560.0,698.23,13.03,1200.0,586.21,87.86,15630.0,3953.74,15.88,840.0,714.47,20230.0,5952.65,436.38
2024-06-15,10.85,2640.0,651.13,14.64,1080.0,658.91,87.69,15510.0,3946.14,14.47,840.0,651.03,20070.0,5907.21,432.95
2024-06-16,11.22,3040.0,672.95,13.31,1260.0,599.09,87.57,15750.0,3940.72,15.07,780.0,678.02,20830.0,5890.77,445.35
2024-06-17,12.87,2880.0,772.33,15.68,1350.0,705.81,86.89,15990.0,3909.98,13.97,900.0,628.45,21120.0,6016.58,452.28
2024-06-18,12.22,3000.0,733.0,17.03,1260.0,766.32,88.64,16020.0,3988.98,16.25,870.0,731.43,21150.0,6219.73,456.16
2024-06-19,12.69,2920.0,761.27,15.65,1170.0,704.4,89.18,15750.0,4012.89,15.95,750.0,717.54,20590.0,6196.1,446.44
2024-06-20,12.4,2960.0,744.13,14.36,1110.0,646.26,87.17,15840.0,3922.65,14.16,690.0,637.11,20600.0,5950.15,442.5
2024-06-21,12.5,2760.0,750.2,13.58,1050.0,611.11,87.11,15870.0,3920.07,12.88,960.0,579.41,20640.0,5860.79,441.68
2024-06-22,11.74,2840.0,704.46,12.76,1140.0,574.33,87.74,16110.0,3948.41,17.99,900.0,809.6,20990.0,6036.79,450.45
2024-06-23,11.95,3000.0,717.25,14.13,1110.0,635.92,90.24,16440.0,4060.74,17.48,900.0,786.42,21450.0,6200.33,460.84
2024-06-24,12.64,2880.0,758.34,13.84,1140.0,622.73,92.0,16710.0,4140.04,17.19,720.0,773.48,21450.0,6294.59,462.41
2024-06-25,12.19,2800.0,731.54,14.25,1050.0,641.2,92.47,16440.0,4161.15,13.7,750.0,616.71,21040.0,6150.6,453.18
2024-06-26,11.82,2640.0,709.27,13.63,990.0,613.39,90.18,16410.0,4058.0,13.76,960.0,619.38,21000.0,6000.04,450.0
2024-06-27,11.17,2680.0,670.45,12.88,1020.0,579.65,90.28,16170.0,4062.46,17.52,660.0,788.57,20530.0,6101.13,443.85
2024-06-28,11.31,2640.0,678.84,12.86,900.0,578.64,89.4,15720.0,4022.79,12.17,720.0,547.68,19980.0,5827.95,430.13
2024-06-29,11.09,2520.0,665.49,11.01,840.0,495.47,87.5,16080.0,3937.52,13.44,600.0,604.72,20040.0,5703.21,429.05
2024-06-30,10.74,2640.0,644.25,10.27,930.0,462.1,88.58,16410.0,3985.95,10.64,1020.0,479.02,21000.0,5571.31,442.86
2024-07-01,11.12,2520.0,667.23,11.38,1170.0,512.13,87.33,15870.0,3929.64,17.57,1050.0,790.69,20610.0,5899.69,441.83
2024-07-02,10.59,2480.0,635.53,14.32,1140.0,644.62,84.23,16290.0,3790.54,18.26,810.0,821.77,20720.0,5892.46,443.54
2024-07-03,10.49,2440.0,629.52,14.01,990.0,630.37,86.26,16320.0,3881.72,14.28,750.0,642.52,20500.0,5784.13,438.07
2024-07-04,10.41,2640.0,624.52,12.26,960.0,551.85,87.91,16350.0,3955.84,12.89,750.0,579.95,20700.0,5712.16,440.2
2024-07-05,11.19,2600.0,671.16,11.5,990.0,517.61,88.26,16320.0,3971.84,13.33,690.0,599.93,20600.0,5760.54,439.34
2024-07-06,10.99,2920.0,659.11,12.01,990.0,540.37,87.07,16860.0,3918.16,12.46,750.0,560.55,21520.0,5678.2,453.3
2024-07-07,12.34,3040.0,740.52,12.19,1110.0,548.33,90.29,16530.0,4062.84,13.6,780.0,611.79,21460.0,5963.48,457.06
2024-07-08,12.79,3040.0,767.52,13.73,1020.0,617.68,87.69,16620.0,3946.26,13.81,840.0,621.48,21520.0,5952.95,457.88
2024-07-09,12.83,3000.0,769.64,12.52,1140.0,563.62,86.98,16140.0,3914.03,15.03,960.0,676.55,21240.0,5923.84,452.73
2024-07-10,12.69,2880.0,761.23,14.19,1440.0,638.39,86.04,15960.0,3872.02,17.37,840.0,781.8,21120.0,6053.45,452.89
2024-07-11,12.23,2680.0,733.94,17.92,1410.0,806.61,85.9,15510.0,3865.3,15.94,720.0,717.14,20320.0,6122.99,440.72
2024-07-12,11.35,2640.0,680.79,17.98,1170.0,809.17,82.59,15510.0,3716.61,13.61,630.0,612.29,19950.0,5818.85,429.48
2024-07-13,11.12,2800.0,667.11,14.72,1500.0,662.44,83.06,15420.0,3737.66,11.17,840.0,502.87,20560.0,5570.08,435.5
2024-07-14,11.78,2880.0,706.54,19.68,1530.0,885.38,81.43,15180.0,3664.14,15.1,990.0,679.64,20580.0,5935.7,441.93
2024-07-15,12.15,2720.0,729.13,19.36,1470.0,871.01,80.78,15330.0,3635.05,18.17,1080.0,817.83,20600.0,6053.01,444.22
2024-07-16,11.45,2760.0,686.96,18.87,1290.0,849.19,80.93,15450.0,3641.91,20.2,870.0,909.09,20370.0,6087.15,440.95
2024-07-17,11.71,2760.0,702.71,16.82,1260.0,756.97,80.17,15630.0,3607.5,16.44,840.0,739.87,20490.0,5807.05,438.28
2024-07-18,11.76,2560.0,705.64,16.29,1080.0,733.19,80.58,15720.0,3626.04,15.86,600.0,713.59,19960.0,5778.46,428.97
2024-07-19,10.79,2520.0,647.12,13.85,1260.0,623.44,81.8,15540.0,3681.03,11.29,840.0,507.88,20160.0,5459.47,426.99
2024-07-20,10.65,2520.0,639.14,16.01,1170.0,720.51,82.24,15450.0,3700.67,16.1,870.0,724.45,20010.0,5784.77,429.91
2024-07-21,10.71,2440.0,642.67,14.69,1380.0,660.87,82.69,15630.0,3721.21,16.01,780.0,720.36,20230.0,5745.12,432.92
2024-07-22,10.25,2480.0,615.13,16.63,1200.0,748.23,83.31,15390.0,3749.01,14.46,660.0,650.81,19730.0,5763.18,424.89
2024-07-23,10.55,2480.0,632.89,14.52,1050.0,653.21,82.22,15840.0,3699.78,12.2,750.0,548.8,20120.0,5534.68,427.58
2024-07-24,10.46,2640.0,627.32,13.22,1050.0,594.77,84.56,16230.0,3805.0,13.83,870.0,622.52,20790.0,5649.6,440.66
2024-07-25,11.22,2800.0,673.48,13.22,1020.0,594.93,85.65,16590.0,3854.37,16.08,840.0,723.59,21250.0,5846.38,451.61
2024-07-26,11.86,2840.0,711.83,12.71,1110.0,571.97,87.2,16740.0,3924.2,15.65,870.0,704.05,21560.0,5912.05,457.87
2024-07-27,12.06,2840.0,723.37,13.45,1170.0,605.4,88.24,16740.0,3970.82,15.57,780.0,700.8,21530.0,6000.39,458.84
2024-07-28,12.05,2760.0,722.8,13.73,1020.0,617.85,88.53,16590.0,3984.07,13.88,600.0,624.38,20970.0,5949.11,448.65
2024-07-29,11.7,2680.0,702.01,12.35,1020.0,555.55,86.32,16080.0,3884.31,10.79,810.0,485.6,20590.0,5627.47,436.96
2024-07-30,11.41,2600.0,684.74,11.78,1260.0,530.14,81.58,15750.0,3671.24,14.87,840.0,669.21,20450.0,5555.32,433.42
2024-07-31,11.0,2560.0,660.24,14.47,1230.0,651.12,80.19,15990.0,3608.54,14.94,810.0,672.49,20590.0,5592.38,436.37
2024-08-01,10.83,2640.0,650.04,14.54,1320.0,654.14,88.3,16110.0,3973.61,15.68,1230.0,705.69,21300.0,5983.48,454.72
2024-08-02,11.2,2680.0,672.04,16.32,1440.0,734.58,89.04,16470.0,4006.66,23.43,1200.0,1054.23,21790.0,6467.51,470.96
2024-08-03,11.34,2680.0,680.16,17.2,1440.0,773.88,91.92,16020.0,4136.4,22.77,750.0,1024.83,20890.0,6615.27,458.42
2024-08-04,11.28,2600.0,676.75,18.3,1410.0,823.71,88.04,15810.0,3961.61,13.54,750.0,609.36,20570.0,6071.43,444.02
2024-08-05,11.06,2560.0,663.75,18.16,1470.0,817.18,87.63,15720.0,3943.38,12.89,780.0,580.19,20530.0,6004.5,442.24
2024-08-06,10.88,2600.0,652.96,18.62,1500.0,837.91,87.52,15690.0,3938.57,13.69,810.0,616.12,20600.0,6045.56,444.09
2024-08-07,11.07,2720.0,664.31,18.96,1560.0,853.4,86.78,15630.0,3905.31,14.61,900.0,657.38,20810.0,6080.4,448.17
2024-08-08,11.57,3040.0,694.05,19.74,1530.0,888.31,88.05,15480.0,3962.47,16.1,690.0,724.45,20740.0,6269.28,450.15
2024-08-09,12.83,3000.0,769.55,19.08,1380.0,858.62,87.41,15180.0,3933.53,12.34,870.0,555.33,20430.0,6117.03,442.45
2024-08-10,12.69,3120.0,761.16,17.51,1410.0,787.85,86.93,15540.0,3911.76,15.76,930.0,709.05,21000.0,6169.82,452.83
2024-08-11,13.25,3200.0,794.83,17.44,1560.0,784.58,89.14,15000.0,4011.25,17.06,960.0,767.65,20720.0,6358.31,451.31
2024-08-12,13.54,3320.0,812.63,19.03,1440.0,856.47,86.17,15420.0,3877.67,18.76,840.0,844.13,21020.0,6390.89,456.85
2024-08-13,14.13,3240.0,847.74,17.67,1380.0,795.05,86.5,15240.0,3892.36,15.86,780.0,713.88,20640.0,6249.03,448.15
2024-08-14,13.77,3040.0,826.11,17.02,1470.0,765.92,86.03,15720.0,3871.48,14.42,810.0,648.79,21040.0,6112.32,452.54
2024-08-15,12.79,3000.0,767.52,18.13,1380.0,815.97,87.97,15450.0,3958.49,15.15,780.0,681.93,20610.0,6223.91,447.23
2024-08-16,12.66,3000.0,759.47,17.09,1320.0,768.86,88.02,15840.0,3960.72,14.58,720.0,656.04,20880.0,6145.09,450.42
2024-08-17,12.72,2920.0,762.95,16.22,1230.0,729.73,87.89,16230.0,3954.88,13.46,780.0,605.82,21160.0,6053.38,453.56
2024-08-18,12.43,2880.0,745.52,14.88,1140.0,669.65,89.08,15810.0,4008.72,14.26,900.0,641.5,20730.0,6065.39,446.59
2024-08-19,12.18,2880.0,731.04,13.59,1230.0,611.56,87.19,15180.0,3923.4,15.9,630.0,715.3,19920.0,5981.3,431.69
2024-08-20,12.15,2720.0,729.17,15.02,1200.0,676.07,84.5,15630.0,3802.33,10.93,600.0,491.93,20150.0,5699.5,430.83
2024-08-21,11.45,2800.0,686.99,14.32,1230.0,644.56,86.65,15600.0,3899.3,11.0,600.0,495.19,20230.0,5726.04,432.6
2024-08-22,11.88,2960.0,712.89,14.65,1380.0,659.39,85.96,15930.0,3868.21,11.03,900.0,496.57,21170.0,5737.06,448.45
2024-08-23,12.58,2840.0,754.73,16.41,1440.0,738.66,89.25,15960.0,4016.08,16.2,720.0,729.03,20960.0,6238.49,453.31
2024-08-24,11.97,2760.0,718.37,16.97,1410.0,763.78,89.8,16080.0,4041.02,12.57,720.0,565.69,20970.0,6088.85,450.98
2024-08-25,11.64,2760.0,698.33,16.41,1290.0,738.52,89.44,15990.0,4024.88,12.73,750.0,572.88,20790.0,6034.62,447.08
2024-08-26,11.7,2840.0,702.0,15.22,1200.0,685.12,88.04,16260.0,3961.91,13.2,690.0,593.81,20990.0,5942.84,448.88
2024-08-27,12.09,2760.0,725.36,14.48,1350.0,651.64,90.6,16080.0,4077.18,12.85,810.0,578.08,21000.0,6032.26,450.54
2024-08-28,11.74,2840.0,704.14,15.77,1440.0,709.46,90.34,16050.0,4065.28,14.69,660.0,661.01,20990.0,6139.9,452.16
2024-08-29,11.95,2760.0,716.98,16.52,1350.0,743.58,90.21,15840.0,4059.23,11.8,600.0,531.14,20550.0,6050.93,443.35
2024-08-30,11.62,2720.0,697.18,15.51,1500.0,698.13,90.09,16200.0,4054.18,11.1,840.0,499.67,21260.0,5949.16,453.49
2024-08-31,11.51,2640.0,690.88,17.34,1620.0,780.52,93.08,15990.0,4188.78,15.14,810.0,681.24,21060.0,6341.43,456.69
2024-09-01,11.26,2480.0,675.5,18.91,1560.0,851.1,96.81,15990.0,4356.38,14.6,870.0,656.86,20900.0,6539.83,457.33
2024-09-02,10.54,2440.0,632.24,17.7,1470.0,796.39,95.58,16350.0,4301.11,16.04,900.0,721.92,21160.0,6451.66,460.19
2024-09-03,10.28,2400.0,616.63,16.96,1380.0,763.18,97.95,16380.0,4407.84,16.32,720.0,734.45,20880.0,6522.1,456.7
2024-09-04,10.23,2600.0,613.81,16.09,1170.0,724.15,98.51,16110.0,4433.03,12.92,870.0,581.29,20750.0,6352.28,451.7
2024-09-05,11.04,2440.0,662.26,13.66,1290.0,614.81,96.98,15960.0,4364.11,15.34,900.0,690.29,20590.0,6331.47,448.69
2024-09-06,10.35,2440.0,621.25,15.85,1320.0,713.43,96.25,15390.0,4331.06,15.9,810.0,715.44,19960.0,6381.18,439.02
2024-09-07,10.29,2560.0,617.65,16.48,1230.0,741.61,92.94,15960.0,4182.09,14.01,720.0,630.36,20470.0,6171.7,444.03
2024-09-08,10.75,2880.0,645.14,15.16,1170.0,682.28,94.94,15600.0,4272.3,12.34,930.0,555.11,20580.0,6154.83,445.58
2024-09-09,12.15,2800.0,728.92,14.38,1320.0,646.97,92.99,15630.0,4184.76,16.5,900.0,742.39,20650.0,6303.04,449.22
2024-09-10,11.78,2840.0,707.09,16.34,1530.0,735.46,93.3,15420.0,4198.63,15.48,780.0,696.75,20570.0,6337.94,448.47
2024-09-11,11.99,2760.0,719.43,18.84,1290.0,847.96,92.95,15210.0,4182.69,13.71,990.0,617.14,20250.0,6367.23,443.62
2024-09-12,11.65,2760.0,699.21,16.38,1290.0,737.08,90.18,14880.0,4057.99,17.77,1080.0,799.58,20010.0,6293.87,438.4
2024-09-13,11.71,3120.0,702.73,16.26,1410.0,731.83,87.18,15000.0,3923.05,19.62,930.0,882.8,20460.0,6240.41,445.01
2024-09-14,13.28,3000.0,797.08,17.62,1170.0,792.95,89.05,15990.0,4007.45,16.98,720.0,763.91,20880.0,6361.39,454.02
2024-09-15,12.73,2880.0,763.71,14.51,1200.0,652.84,95.29,15930.0,4288.14,13.73,690.0,617.99,20700.0,6322.67,450.38
2024-09-16,12.27,2960.0,736.0,15.24,1320.0,685.83,94.58,16110.0,4256.3,13.46,750.0,605.89,21140.0,6284.01,457.07
2024-09-17,12.56,2840.0,753.6,16.3,1320.0,733.66,95.72,16530.0,4307.58,14.13,690.0,635.97,21380.0,6430.82,463.51
2024-09-18,11.96,3000.0,717.44,16.34,1110.0,735.12,97.12,17070.0,4370.53,12.88,690.0,579.55,21870.0,6402.64,471.21
2024-09-19,12.64,3040.0,758.51,13.49,1140.0,607.21,101.71,17190.0,4577.1,13.51,570.0,608.03,21940.0,6550.85,474.85
2024-09-20,12.87,3080.0,772.3,14.22,1260.0,639.7,101.89,16680.0,4585.09,10.23,630.0,460.49,21650.0,6457.58,468.46
2024-09-21,13.06,2960.0,783.76,15.3,1080.0,688.3,97.83,16920.0,4402.5,11.65,660.0,524.03,21620.0,6398.6,466.98
2024-09-22,12.54,3200.0,752.65,13.45,1260.0,605.17,97.69,16200.0,4396.26,11.97,840.0,538.78,21500.0,6292.86,463.21
2024-09-23,13.47,3080.0,808.07,15.43,1230.0,694.54,92.9,16170.0,4180.31,15.25,810.0,686.14,21290.0,6369.06,460.98
2024-09-24,13.05,3000.0,783.0,15.62,1260.0,702.97,92.02,15870.0,4140.97,15.44,840.0,694.59,20970.0,6321.53,454.86
2024-09-25,12.7,2680.0,762.18,15.96,1230.0,718.03,91.92,16380.0,4136.54,15.91,780.0,716.12,21070.0,6332.87,456.71
2024-09-26,11.4,2640.0,683.93,15.35,1020.0,690.8,95.96,16260.0,4318.08,14.79,720.0,665.48,20640.0,6358.29,449.97
2024-09-27,11.16,2560.0,669.72,12.21,1080.0,549.54,95.46,15570.0,4295.69,13.75,930.0,618.64,20140.0,6133.59,437.89
2024-09-28,10.8,2840.0,647.76,13.26,990.0,596.92,90.79,15000.0,4085.36,16.91,840.0,760.83,19670.0,6090.87,429.35
2024-09-29,12.02,2680.0,720.94,12.3,960.0,553.59,87.61,15480.0,3942.36,15.39,810.0,692.76,19930.0,5909.65,430.66
2024-09-30,11.34,2640.0,680.15,11.56,1170.0,520.07,91.38,15120.0,4112.07,15.19,810.0,683.59,19740.0,5995.88,428.93
2024-10-01,11.11,2720.0,666.58,14.12,1470.0,635.53,85.87,15300.0,3863.96,15.2,840.0,684.2,20330.0,5850.26,436.34
2024-10-02,11.43,2800.0,685.78,18.15,1290.0,816.58,87.46,15390.0,3935.84,15.71,1080.0,706.82,20560.0,6145.03,445.08
2024-10-03,11.86,2840.0,711.89,15.81,1200.0,711.65,88.59,15600.0,3986.52,20.56,1080.0,925.29,20720.0,6335.35,450.92
2024-10-04,12.06,3160.0,723.42,14.63,1110.0,658.15,88.06,15540.0,3962.61,20.06,990.0,902.5,20800.0,6246.68,450.78
2024-10-05,13.4,3120.0,804.11,13.69,1050.0,615.91,88.19,15480.0,3968.72,18.61,810.0,837.59,20460.0,6226.33,444.77
2024-10-06,13.16,2960.0,789.87,12.57,960.0,565.46,89.17,15990.0,4012.48,15.18,990.0,683.3,20900.0,6051.11,449.19
2024-10-07,12.46,2720.0,747.56,11.86,1080.0,533.66,92.51,15960.0,4162.74,18.76,720.0,844.14,20480.0,6288.1,446.14
2024-10-08,11.54,2640.0,692.11,13.53,1140.0,608.94,92.22,16320.0,4149.79,13.05,600.0,587.41,20700.0,6038.24,445.64
2024-10-09,11.11,2680.0,666.36,13.6,1200.0,612.05,94.72,16530.0,4262.37,11.0,540.0,495.0,20950.0,6035.78,449.76
2024-10-10,11.43,2600.0,685.6,14.59,1140.0,656.48,95.02,16380.0,4275.8,9.85,780.0,443.1,20900.0,6060.98,449.35
2024-10-11,11.02,2680.0,660.95,13.74,1230.0,618.31,92.96,16500.0,4183.42,13.88,870.0,624.51,21280.0,6087.19,456.12
2024-10-12,11.35,2720.0,681.1,15.36,1410.0,691.21,93.84,16320.0,4222.92,15.28,960.0,687.82,21410.0,6283.04,461.55
2024-10-13,11.46,2800.0,687.69,17.75,1140.0,798.65,92.15,16380.0,4146.73,17.05,990.0,767.13,21310.0,6400.2,461.84
2024-10-14,11.89,2640.0,713.47,13.93,1200.0,627.07,92.9,16170.0,4180.44,17.25,1020.0,776.2,21030.0,6297.18,455.45
2024-10-15,11.23,2720.0,673.95,14.45,1350.0,650.15,93.61,16590.0,4212.54,18.04,1080.0,811.59,21740.0,6348.23,468.14
2024-10-16,11.53,2680.0,691.9,16.43,1380.0,739.31,95.12,16830.0,4280.33,19.65,900.0,884.05,21790.0,6595.59,473.09
2024-10-17,11.27,2840.0,676.34,16.4,1140.0,738.11,96.46,16950.0,4340.89,16.22,1050.0,730.06,21980.0,6485.4,474.42
2024-10-18,12.07,2840.0,724.37,13.33,1140.0,600.02,95.95,16770.0,4317.9,19.36,1050.0,871.26,21800.0,6513.55,471.89
2024-10-19,12.06,2960.0,723.63,14.05,1260.0,632.36,94.59,16800.0,4256.39,19.8,810.0,891.1,21830.0,6503.47,472.22
2024-10-20,12.56,2880.0,753.49,15.83,1200.0,712.26,95.58,16530.0,4301.29,14.18,780.0,638.3,21390.0,6405.34,463.26
2024-10-21,12.13,2920.0,727.5,15.51,1140.0,697.98,92.6,16530.0,4166.79,14.16,990.0,637.13,21580.0,6229.4,463.49
2024-10-22,12.44,2840.0,746.55,14.4,990.0,648.16,94.14,16740.0,4236.36,18.15,840.0,816.89,21410.0,6447.96,464.3
2024-10-23,12.03,2840.0,721.74,12.6,1290.0,566.99,95.7,16830.0,4306.37,15.49,720.0,697.16,21680.0,6292.26,466.2
2024-10-24,12.02,2720.0,721.44,16.6,1200.0,746.95,94.62,16560.0,4257.84,13.17,660.0,592.45,21140.0,6318.67,457.64
2024-10-25,11.51,2640.0,690.72,15.36,1140.0,691.39,93.41,16590.0,4203.58,12.32,840.0,554.39,21210.0,6140.07,455.83
2024-10-26,11.26,2640.0,675.37,14.33,1200.0,644.67,92.04,16560.0,4141.79,15.56,900.0,700.03,21300.0,6161.87,457.7
2024-10-27,11.21,2440.0,672.76,15.03,1200.0,676.36,92.6,16320.0,4167.06,16.55,840.0,744.86,20800.0,6261.05,451.02
2024-10-28,10.33,2320.0,619.81,14.59,1110.0,656.58,90.09,15990.0,4053.99,14.94,780.0,672.09,20200.0,6002.48,436.71
2024-10-29,9.77,2440.0,585.99,13.57,1020.0,610.58,88.46,15900.0,3980.75,13.6,930.0,612.19,20290.0,5789.5,434.66
2024-10-30,10.31,2320.0,618.83,11.87,1080.0,534.35,87.82,16200.0,3952.04,16.15,930.0,726.73,20530.0,5831.95,439.37
2024-10-31,9.75,2360.0,585.17,11.99,1020.0,539.67,89.9,16410.0,4045.47,16.1,870.0,724.54,20660.0,5894.86,442.58
2024-11-01,9.96,2400.0,597.84,11.93,1020.0,537.07,86.69,16260.0,3900.83,15.4,720.0,693.13,20400.0,5728.87,435.48
2024-11-02,10.14,2320.0,608.36,12.09,1140.0,544.24,86.2,16260.0,3878.83,13.22,840.0,595.06,20560.0,5626.5,436.44
2024-11-03,9.78,2080.0,586.63,13.72,1110.0,617.62,85.99,16170.0,3869.65,14.78,900.0,664.93,20260.0,5738.83,433.31
2024-11-04,8.8,2280.0,527.95,13.25,1200.0,596.42,85.85,15870.0,3863.04,17.0,810.0,765.04,20160.0,5752.45,431.87
2024-11-05,9.68,2440.0,580.78,14.17,1080.0,637.63,85.31,15540.0,3838.75,14.93,1020.0,671.76,20080.0,5728.92,430.15
2024-11-06,10.41,2320.0,624.66,12.94,1080.0,582.25,82.9,15540.0,3730.52,19.13,1050.0,861.02,19990.0,5798.46,429.81
2024-11-07,9.83,2480.0,590.01,13.09,1020.0,588.98,83.36,15390.0,3751.23,19.76,810.0,889.36,19700.0,5819.58,425.33
2024-11-08,10.54,2520.0,632.34,12.58,1080.0,566.27,81.7,15210.0,3676.59,14.51,810.0,652.76,19620.0,5527.96,419.13
2024-11-09,10.62,2520.0,637.02,13.49,840.0,607.05,81.05,16170.0,3647.14,14.67,750.0,660.27,20280.0,5551.48,430.52
2024-11-10,10.68,2600.0,640.91,10.57,930.0,475.85,86.66,15780.0,3899.54,13.47,810.0,606.3,20120.0,5622.59,429.04
2024-11-11,11.07,2560.0,664.46,11.57,990.0,520.47,85.15,15420.0,3831.84,14.58,570.0,656.2,19540.0,5672.96,420.22
2024-11-12,10.89,2560.0,653.55,12.8,1290.0,576.19,82.13,15030.0,3695.65,9.93,570.0,446.72,19450.0,5372.11,413.7
2024-11-13,10.91,2960.0,654.64,16.09,1440.0,724.0,80.05,15270.0,3602.05,10.11,750.0,454.82,20420.0,5435.5,430.92
2024-11-14,12.45,2920.0,746.97,17.6,1320.0,792.12,80.67,15570.0,3629.99,14.03,900.0,631.27,20710.0,5800.34,441.84
2024-11-15,12.37,2880.0,742.4,15.39,1260.0,692.58,83.47,15480.0,3756.24,16.47,660.0,741.26,20280.0,5932.48,436.87
2024-11-16,12.14,2840.0,728.45,15.04,1140.0,676.94,83.15,15210.0,3741.68,12.44,570.0,559.98,19760.0,5707.05,424.45
2024-11-17,11.95,2640.0,716.86,14.0,1200.0,629.84,81.09,15480.0,3648.97,10.04,510.0,451.93,19830.0,5447.61,421.29
2024-11-18,11.11,2720.0,666.6,14.67,1350.0,660.33,83.64,15240.0,3763.69,9.11,840.0,409.88,20150.0,5500.51,427.51
2024-11-19,11.43,2720.0,685.8,16.83,1290.0,757.25,83.19,15150.0,3743.62,15.27,870.0,687.11,20030.0,5873.78,431.73
2024-11-20,11.53,2600.0,691.59,16.02,1320.0,720.95,83.33,15180.0,3750.01,15.23,900.0,685.18,20000.0,5847.73,430.8
2024-11-21,10.93,2520.0,655.77,16.97,1290.0,763.74,84.19,15390.0,3788.73,15.99,660.0,719.58,19860.0,5927.82,429.8
2024-11-22,10.6,2360.0,636.17,16.83,1110.0,757.14,85.75,15600.0,3858.65,11.75,570.0,528.6,19640.0,5780.57,423.68
2024-11-23,9.99,2400.0,599.57,14.2,1110.0,638.85,87.12,15600.0,3920.39,9.85,660.0,443.18,19770.0,5602.0,422.87
2024-11-24,10.16,2520.0,609.8,13.71,1110.0,617.1,86.57,15330.0,3895.72,11.87,870.0,534.19,19830.0,5656.82,424.78
2024-11-25,10.64,2440.0,638.62,13.56,1080.0,609.99,83.92,15300.0,3776.23,15.75,870.0,708.95,19690.0,5733.79,423.73
2024-11-26,10.37,2520.0,621.92,13.53,1140.0,608.72,83.88,15600.0,3774.39,16.06,810.0,722.81,20070.0,5727.83,429.96
2024-11-27,10.64,2440.0,638.53,14.48,960.0,651.82,85.47,15930.0,3846.27,15.0,930.0,675.01,20260.0,5811.63,434.53
2024-11-28,10.36,2440.0,621.85,12.19,810.0,548.33,88.34,15780.0,3975.1,16.57,930.0,745.67,19960.0,5890.95,430.85
2024-11-29,10.3,2360.0,618.15,10.55,1020.0,474.57,85.76,15330.0,3859.18,16.89,840.0,760.15,19550.0,5712.06,421.03
2024-11-30,9.91,2160.0,594.76,12.73,960.0,572.8,82.95,14970.0,3732.53,14.54,690.0,654.5,18780.0,5554.59,405.58
2024-12-01,9.08,2280.0,544.86,10.96,990.0,492.99,86.44,14790.0,3889.95,11.94,630.0,537.27,18690.0,5465.07,402.58
2024-12-02,9.58,2200.0,574.51,11.17,1200.0,502.78,83.33,14670.0,3750.03,10.82,750.0,486.79,18820.0,5314.11,402.24
2024-12-03,9.31,2360.0,558.51,13.46,1200.0,605.68,82.75,14760.0,3723.97,13.43,630.0,604.42,18950.0,5492.58,407.38
2024-12-04,9.93,2560.0,596.01,13.83,1260.0,622.25,83.89,15150.0,3775.2,11.05,660.0,497.35,19630.0,5490.8,418.68
2024-12-05,10.79,2680.0,647.47,14.52,1170.0,653.58,86.0,15180.0,3870.1,11.83,570.0,532.19,19600.0,5703.34,421.72
2024-12-06,11.33,2560.0,680.07,13.46,1200.0,605.5,87.84,15330.0,3952.84,10.55,630.0,474.67,19720.0,5713.08,423.88
2024-12-07,10.77,2520.0,646.2,13.73,1230.0,617.91,88.66,15180.0,3989.76,11.91,780.0,536.16,19710.0,5790.02,425.0
2024-12-08,10.64,2720.0,638.37,14.46,1140.0,650.7,86.36,15000.0,3886.32,14.25,840.0,641.34,19700.0,5816.73,425.28
2024-12-09,11.55,2760.0,692.83,13.63,1260.0,613.53,84.42,14940.0,3799.11,15.01,990.0,675.54,19950.0,5781.0,428.85
2024-12-10,11.62,2680.0,697.43,14.94,1200.0,672.15,83.64,15180.0,3763.7,18.27,750.0,822.13,19810.0,5955.4,429.42
2024-12-11,11.35,2640.0,680.93,13.76,1170.0,619.34,85.05,15870.0,3827.34,13.57,990.0,610.82,20670.0,5738.44,440.14
2024-12-12,11.12,2640.0,667.23,13.88,1260.0,624.81,90.27,15570.0,4062.03,18.56,900.0,835.11,20370.0,6189.19,442.65
2024-12-13,11.1,2600.0,666.01,15.26,1110.0,686.56,87.52,15960.0,3938.19,16.84,840.0,757.64,20510.0,6048.39,442.64
2024-12-14,11.08,2720.0,664.99,13.53,1110.0,608.96,90.88,15690.0,4089.82,15.89,930.0,715.05,20450.0,6078.81,442.15
2024-12-15,11.58,2720.0,694.62,13.56,1320.0,610.28,90.21,15600.0,4059.48,17.06,900.0,767.61,20540.0,6131.99,444.53
2024-12-16,11.48,2560.0,688.76,15.87,1290.0,713.93,88.54,15540.0,3984.46,15.95,930.0,717.87,20320.0,6105.01,440.42
2024-12-17,10.89,2720.0,653.42,15.37,1170.0,691.86,87.42,15210.0,3933.81,16.75,1140.0,753.85,20240.0,6032.94,437.88
2024-12-18,11.59,2600.0,695.16,13.94,1410.0,627.18,86.02,15180.0,3871.01,20.52,930.0,923.49,20120.0,6116.85,437.28
2024-12-19,10.98,2240.0,658.74,16.86,1410.0,758.72,87.09,15360.0,3919.18,16.2,900.0,729.09,19910.0,6065.72,432.93
2024-12-20,9.46,2200.0,567.53,16.84,1350.0,757.76,87.43,16110.0,3934.21,16.26,720.0,731.76,20380.0,5991.25,439.52
2024-12-21,9.38,2520.0,562.87,16.43,1410.0,739.31,91.29,15540.0,4108.04,12.76,840.0,574.37,20310.0,5984.58,438.24
2024-12-22,10.67,2520.0,640.26,17.13,1290.0,770.85,87.57,15900.0,3940.52,15.18,900.0,683.1,20610.0,6034.73,444.08
2024-12-23,10.73,2720.0,643.6,16.03,1260.0,721.19,88.53,16290.0,3983.66,16.35,1020.0,735.56,21290.0,6084.01,456.23
2024-12-24,11.45,2960.0,687.01,15.59,1290.0,701.54,91.98,16380.0,4138.89,19.11,930.0,860.04,21560.0,6387.48,465.79
2024-12-25,12.56,2880.0,753.54,15.87,1290.0,714.03,93.97,15960.0,4228.56,17.24,1020.0,775.6,21150.0,6471.73,460.36
2024-12-26,12.13,2840.0,727.55,16.04,1170.0,721.98,89.84,16260.0,4042.6,19.88,840.0,894.74,21110.0,6386.87,458.28
2024-12-27,12.1,2920.0,726.27,14.21,1110.0,639.47,90.81,15840.0,4086.56,15.65,960.0,704.4,20830.0,6156.71,449.78
2024-12-28,12.43,3000.0,745.52,13.57,1320.0,610.65,88.74,15750.0,3993.46,18.66,750.0,839.8,20820.0,6189.43,450.16
2024-12-29,12.69,2960.0,761.52,16.54,1200.0,744.26,87.54,15600.0,3939.34,14.55,780.0,654.54,20540.0,6099.66,443.99
2024-12-30,12.57,2720.0,754.49,14.75,1380.0,663.85,85.44,15540.0,3844.65,14.23,600.0,640.57,20240.0,5903.56,435.73
2024-12-31,11.46,2560.0,687.7,16.66,1380.0,749.58,86.45,15420.0,3890.27,11.17,570.0,502.45,19930.0,5830.0,429.33
